y_true,oof_logreg,oof_histgb,oof_rf,oof_extratrees,oof_catboost,oof_avg_ensemble,oof_weighted_ensemble,oof_rank_ensemble,oof_majority_vote,oof_stacking
0,0.1682002720817767,0.2553111394464677,0.384248558444021,0.43525637360697894,0.17704525368606605,0.2840123194530621,0.27657959734846366,0.023235294117647055,0.0,0.14724422017644034
1,0.9918698545621933,0.9653174004107427,0.571237995539415,0.5162162954782055,0.8789291695827103,0.7847141431146534,0.7986699146127334,0.7652941176470589,1.0,0.9066052982390795
1,0.581956567344581,0.5854402970110604,0.6060055568434496,0.5242875859119671,0.5816811948488579,0.5758742403919832,0.5772423157700596,0.6391176470588235,0.6,0.5491159765550784
0,0.10658158232789004,0.37553636419116493,0.4375335325214523,0.444806021098558,0.2786001105064925,0.3286115221291116,0.322012733109323,0.07470588235294118,0.0,0.18365840975171946
0,0.20001785583600115,0.47441712798974284,0.4786391225988482,0.4932659138009236,0.33511599604053166,0.3962912032532095,0.39093835878439115,0.25235294117647056,0.0,0.2425233326188348
1,0.993931427651152,0.9527248045142511,0.533944293072867,0.5328053641204381,0.9097677572218004,0.7846347293161017,0.7985990870958496,0.7632352941176471,1.0,0.9130225391113568
0,0.5144359295452037,0.7237257386556232,0.5392576062363968,0.5390905423187538,0.6065089840521624,0.584603760161628,0.5869014463868188,0.6202941176470589,0.8,0.5910874371606598
1,0.21792214772831672,0.2580362165932221,0.46371199281116654,0.4728937808765134,0.26339741271386546,0.33519231014461687,0.3277065397210907,0.11176470588235295,0.0,0.17474089871930526
1,0.976208912250503,0.9769300362094486,0.6128113961815743,0.5297058340473515,0.9739647585158915,0.8139241874409539,0.8280557849766738,0.8994117647058824,1.0,0.9212184015246702
0,0.4831684633298197,0.623359211729539,0.5246164825056997,0.5092617120117043,0.5195561982825804,0.5319924135718685,0.53287219515944,0.5088235294117647,0.4,0.49930351419732416
1,0.9589431156052206,0.9726068536390114,0.5765779041794756,0.5435343397649163,0.9640794610583029,0.8031483348493854,0.8168110666947748,0.8711764705882354,1.0,0.917515040637631
1,0.9999991433501635,0.9797075074430434,0.5883793233372402,0.5918299018977592,0.9485316676462316,0.8216895087348876,0.8344712006482242,0.958529411764706,1.0,0.9151281515769147
1,0.789164692852573,0.8903373388646427,0.5478220946238787,0.5287624257840433,0.8347834005705091,0.7181739905391293,0.7281425780050708,0.6773529411764706,1.0,0.8449771921438305
0,0.4884036989892006,0.5219011044179261,0.5138163991544985,0.5164543158826047,0.4219125502500742,0.4924976137388609,0.49132631043545394,0.45852941176470585,0.2,0.40368194944861163
0,0.3274008262908059,0.4473679654036085,0.4724928821061501,0.49963180270598867,0.33518766188991006,0.41641622767929265,0.41228709932059154,0.27705882352941175,0.0,0.2786238567578229
1,0.9980134526041463,0.9792682777648253,0.5515731527173307,0.5175507929796312,0.947001465247188,0.7986814282626243,0.8136071825274525,0.8379411764705882,1.0,0.9239934139740108
1,0.9980459047814136,0.9385537990086016,0.5111062522802304,0.5059184475074395,0.8692239833501715,0.7645696773855712,0.7789124119586714,0.6564705882352941,0.8,0.9077468051133385
1,0.6869947283465917,0.48027465818482745,0.49908799906363316,0.5242662407146844,0.4954374500468088,0.5372122152713091,0.5387346715869865,0.49558823529411766,0.6,0.5260545401146696
0,0.35255523844467085,0.5463649429966321,0.48988256175430545,0.5078118289226343,0.3861817779835423,0.45655927002035696,0.45396131445684934,0.3761764705882353,0.2,0.34027974752067275
0,0.5067943926132119,0.6472133500980418,0.6056956142426229,0.5316533487640195,0.6513893904145592,0.5885492192264911,0.590080126340122,0.658235294117647,0.8,0.5798558728225615
1,0.8955440818432024,0.8664191580805568,0.6199838347132237,0.5310947418649388,0.6808734513436678,0.718783053569118,0.7278535587583598,0.7447058823529412,1.0,0.799223572946748
1,0.3934802499896522,0.5208560500269487,0.529490546384597,0.5306517546533502,0.4805084800948105,0.49099741622987175,0.4886673317363069,0.5047058823529411,0.6,0.3922380216593911
1,0.9752828409821239,0.9744199120826517,0.604801469669642,0.5745540594472471,0.9537195973060378,0.8165555758975405,0.8293470008296413,0.9205882352941176,1.0,0.9128401493102352
0,0.46896781457916553,0.2998003873241722,0.4325575740994965,0.47800313777792763,0.24665598885321363,0.3851969805267951,0.3813110985201502,0.1497058823529412,0.0,0.2550728577244389
1,0.7291119049121629,0.9653020432468352,0.493558746133467,0.4887079192597965,0.8537080005737314,0.7060777228251987,0.717677056811263,0.5441176470588236,0.6,0.8628639987763628
1,0.9987779154772438,0.9756525843276816,0.6094772074482141,0.526288791400286,0.9548316488216854,0.8130056294950222,0.8273458607393588,0.9038235294117648,1.0,0.9208724413588842
1,0.18720001376736073,0.3346556563496794,0.5307383730685346,0.4818363404914446,0.3896678756457194,0.38481965186454775,0.3782488305505497,0.26970588235294113,0.2,0.2248420024284253
1,0.8883363991314722,0.9155022843537397,0.5265424724303941,0.49818197678693354,0.7783909237964425,0.7213908112997964,0.733317682736203,0.5991176470588234,0.8,0.8600769806193718
1,0.8040650060667494,0.6814229167780259,0.5514664519406527,0.5224488063983977,0.5164482108454324,0.6151702784058516,0.6202367243713848,0.6261764705882353,1.0,0.6458452632392444
0,0.27593462618890213,0.49597862459095227,0.5399709848196119,0.5255817677933968,0.4348359086453229,0.4544603824076372,0.44998333006064994,0.4670588235294117,0.4,0.3090152285082379
0,0.234280261187106,0.5525038342426848,0.5059396816511353,0.4888229845522822,0.4230309288934304,0.4409155381053278,0.4375925686769955,0.34147058823529414,0.0,0.3194522683282011
0,0.10111885335016108,0.29492979987955587,0.43477483555898017,0.46072942213427287,0.322934761276445,0.322897534439883,0.31538427338209,0.0811764705882353,0.0,0.18055415955066687
1,0.9492827094601339,0.940657077657224,0.532895170233742,0.5408720702755575,0.9280888668433019,0.7783591788939919,0.7915898534221313,0.7585294117647059,1.0,0.908361945968559
0,0.6357479772277931,0.5808324479362527,0.6006684498213444,0.5710950262909046,0.5302203575584591,0.5837128517669508,0.5840584386526257,0.6808823529411765,0.6,0.5235639912845569
0,0.47792924016191235,0.6682215299224848,0.5475640546417616,0.5177325082123909,0.5424831788314992,0.5507861023540098,0.5519155803413036,0.5655882352941177,0.8,0.5197551608424974
0,0.5052204383263552,0.4255693953474906,0.48458301906677476,0.5243884876031548,0.38080413386368667,0.4641130948414924,0.4617343187822807,0.3985294117647059,0.2,0.35764331728327386
0,0.7770526709575628,0.6218475744443887,0.5743142356587824,0.5419757751546705,0.5474038065225484,0.6125188125475906,0.6162222981048814,0.6688235294117646,0.8,0.6244073461039097
1,0.9747461036985108,0.9704617318967023,0.5633608080267131,0.5076364074018024,0.9389656544395794,0.7910341410926616,0.8056669715444301,0.7808823529411765,1.0,0.9187859158865155
0,0.6121587161081323,0.5713251932666762,0.5044807604097553,0.526717147437522,0.4072214044580354,0.5243806443360242,0.5249897185438998,0.4947058823529412,0.2,0.4635333622061322
1,0.8473040225840545,0.9241586364188579,0.5282742010711838,0.5148756031057885,0.8310733080275492,0.7291371542414867,0.7406781806950186,0.6388235294117647,1.0,0.8665249366613271
1,0.998567572685257,0.9672246395487942,0.6492075491020731,0.6108903157231336,0.9418132395520016,0.8335406633222519,0.8451878767345319,0.9370588235294118,1.0,0.9058407429547551
1,0.4614017254305411,0.6581378579526781,0.5519661949979966,0.49505675809729016,0.5091328593758728,0.5351390791708758,0.5361941892629254,0.51,0.6,0.49335458626459827
0,0.19454627703726377,0.2601154958319069,0.42039653673314437,0.46433622532665914,0.20226490829438878,0.3083318886446726,0.30051799139604146,0.05058823529411764,0.0,0.15383512957427992
1,0.9959530948623602,0.9633862855522434,0.5208775868886095,0.5439201570983753,0.908770754755965,0.7865815758315107,0.8004786902067129,0.7685294117647059,0.8,0.9139845342673591
1,0.7830369479155967,0.44542449566832865,0.5455611303580149,0.5687409497045511,0.407276012622744,0.5500079072538471,0.550081657783486,0.5761764705882353,0.6,0.474402251593684
1,0.9968514300020704,0.9779008441391177,0.6895933386021141,0.6245614463484508,0.9563903754579077,0.8490594869099322,0.860299598170852,0.9726470588235294,1.0,0.9056521549542222
1,0.8418326191845268,0.927002953663402,0.5367313311894056,0.5246295360413711,0.8944989992678626,0.7449390878693137,0.7567233609049061,0.683235294117647,1.0,0.8821007873354306
1,0.36500735112487465,0.4170971152910452,0.4845366216798434,0.4745451153288835,0.3279656604716224,0.4138303727792539,0.41036047541637655,0.23411764705882354,0.0,0.2845206658580426
0,0.2526207821473676,0.6031211222820368,0.5234638217549548,0.5216997958934203,0.5101584263324382,0.48221278968204356,0.4795097800573148,0.4814705882352941,0.4,0.381797485809917
1,0.32027733817166965,0.368787855301184,0.47778569632618134,0.48227307249051593,0.3795859745149852,0.4057419873609073,0.40150939135189406,0.23588235294117643,0.0,0.28177357737525216
1,0.9695721370123991,0.825324258931857,0.6455544962880471,0.5678289785482099,0.6767366874312319,0.7370033116423491,0.7454110643675058,0.8023529411764706,1.0,0.7984973199055011
1,0.9912060851946299,0.9745792407377275,0.6177475374764788,0.5743303326602581,0.9454017478754352,0.820652988788906,0.8334883544470914,0.9317647058823528,1.0,0.9125129453221958
1,0.4464116082872966,0.6381547697266848,0.59497997683481,0.5295207835092467,0.4884059163517413,0.5394946109419558,0.5387520904297655,0.61,0.8,0.44596900469605233
1,0.999999995701702,0.9661246996826066,0.6725052472968489,0.5843074063353487,0.9762212354016065,0.8398317168836226,0.8523382723916387,0.9594117647058823,1.0,0.9145635160902263
0,0.058319719985122274,0.5072263043892059,0.48364407488708744,0.4990471893825852,0.3411056042456429,0.3778685785779287,0.3709187663817181,0.26176470588235295,0.0,0.20701552156986716
1,0.5414033653481213,0.49648747321618325,0.48910574743602003,0.5145341299419989,0.41439551973722716,0.49118524713591016,0.49057313164007255,0.42676470588235293,0.2,0.4190887563958558
1,0.9999971573752084,0.9736681509665268,0.6056410308792485,0.5725607886729445,0.9182912537892437,0.8140316763366343,0.82684584634761,0.9197058823529412,1.0,0.9088857240677389
0,0.33528838738544137,0.43892842848562424,0.4787158196432148,0.46579832606944166,0.3425831045748358,0.4122628132317116,0.4090508830328175,0.22147058823529414,0.0,0.2910258933980501
1,0.4130348190199538,0.6612811407495426,0.5794218247795642,0.5132513256572385,0.5610506419978151,0.5456079504408229,0.545898670494395,0.5788235294117647,0.8,0.4953854206455948
0,0.2972052335721422,0.4396239103134179,0.4854584995957403,0.48302261056155754,0.3747678160517786,0.41601561401892734,0.41212910802059255,0.26588235294117646,0.0,0.28894452869964704
0,0.23768708924648904,0.4487542271501457,0.4759619417555841,0.4813741305039887,0.293513483488486,0.3874581744289387,0.3822510486202214,0.2047058823529412,0.0,0.23167284865004575
0,0.6209886297550019,0.4435363632195564,0.49161249140257307,0.5293425672125472,0.3505293018949353,0.4872018706969228,0.4860410909448358,0.42470588235294116,0.2,0.3900776593592317
1,0.25916501689927224,0.37658920789745726,0.45781606677153924,0.46837578721057965,0.34836689597531206,0.3820625949508321,0.37733602572399283,0.16941176470588232,0.0,0.25321745321272127
1,0.6635559419787217,0.9085021646742025,0.49932721764053595,0.4720415075054449,0.874221096927403,0.6835295857452616,0.6942630697985037,0.4885294117647058,0.6,0.84759394867991
1,0.8907964811378756,0.5513718409062504,0.5637665717577455,0.567613196394301,0.4173700059385685,0.5981836192269482,0.6007767563328145,0.6452941176470588,0.6,0.5614288953702649
1,0.9980454036719696,0.9120364245950515,0.5517209616357145,0.5235052644395589,0.6060326770772547,0.7182681462839098,0.7291146076944242,0.7238235294117648,1.0,0.817098345670866
1,0.5689532521785668,0.5921018361608116,0.5159963660261838,0.5418623631549987,0.45515271325388235,0.5348133061548885,0.535066389824818,0.5494117647058825,0.2,0.47559009745183206
1,0.37175485222836047,0.5731092072666897,0.5041208383756796,0.5039753194562039,0.414087836287333,0.47340961072285326,0.47160830805070153,0.40205882352941175,0.2,0.3717618214884666
1,0.5288181233504429,0.5545649269535969,0.5093181575501108,0.4963802908573902,0.3239071892229924,0.48259773758690666,0.48192959603817676,0.38352941176470584,0.0,0.37692461656861465
1,0.334663792725241,0.5038878407979832,0.5115152649959718,0.5028274270514064,0.31641691218066464,0.43386224755025343,0.42990249137464787,0.3438235294117647,0.2,0.2792210907629265
1,0.22703413260777158,0.4901577794792141,0.49975301009288287,0.4820149299558814,0.42245963858728636,0.42428389814460726,0.42041322159525796,0.3014705882352941,0.0,0.30119520883546747
1,0.6551087903713353,0.8207800296948631,0.6181961707908304,0.5460896208967049,0.689544221548021,0.6659437666603509,0.6711392895327016,0.7288235294117646,1.0,0.7099224209504575
0,0.5551996807354201,0.6341061195500349,0.5363127238937603,0.5145683401037916,0.4887316826606816,0.5457837093887378,0.5471953265914916,0.5441176470588236,0.8,0.5105077880884398
1,0.2897349551176745,0.516991354446881,0.49865517770128026,0.5073548571659198,0.4618941208228386,0.4549260930509188,0.45186761007809917,0.38882352941176473,0.2,0.34957260132001006
1,0.9082015330102443,0.9682752313539741,0.5555215275904687,0.5092253199995715,0.9327528513528963,0.774795292661431,0.7885046460230534,0.7458823529411764,1.0,0.9082460471253058
1,0.9748033252695155,0.97872161938048,0.5545096528834331,0.5079550539044249,0.9335118638443373,0.7899003030564381,0.8046246076070845,0.7920588235294118,1.0,0.9190897641185334
1,0.9433433442818376,0.7724927382557393,0.6026537339206562,0.5910694197962457,0.6768685511277625,0.7172855574764483,0.7244840019903854,0.7841176470588235,1.0,0.7798384623009906
1,0.4482610222624222,0.6462614714404988,0.514421818267757,0.4958414822749417,0.4782760318908282,0.5166123652272896,0.5173220736738772,0.4476470588235294,0.4,0.4708263915691216
1,0.9599255534021012,0.9703770789785713,0.5735510600807704,0.5161753904359015,0.9357794761610089,0.7911617118116706,0.8052802819194612,0.8008823529411766,1.0,0.9146014666643165
0,0.5881044647164552,0.4198963962154377,0.5188623246558838,0.5238482887360095,0.3307136425233616,0.4762850233694295,0.47421535376173146,0.42823529411764705,0.2,0.3528830949538557
1,0.9977922940383829,0.9752681155151294,0.5772590505088476,0.5764468463216882,0.9319823614728532,0.8117497335713801,0.8247775951701369,0.906764705882353,1.0,0.9132273498378494
0,0.519282576120242,0.6809859898372365,0.5426283008396647,0.5444641871628971,0.525908505974709,0.5626539119869499,0.563634814972336,0.616764705882353,0.8,0.5239403363447368
0,0.49170033036059396,0.5304267467506424,0.49963489403404776,0.5342306143766015,0.40943170311061566,0.49308485772650024,0.4915663428805442,0.47058823529411764,0.2,0.3973064039640337
1,0.9998227403606604,0.9744818651768804,0.6395122406588736,0.5918247295794807,0.9613172456568247,0.8333917642865438,0.8458796746253622,0.9691176470588235,1.0,0.9137801060221669
0,0.5106499976764121,0.6190211079581464,0.5502624855454407,0.5098788345940428,0.4769478718991314,0.5333520595346347,0.5339437662506886,0.5408823529411765,0.6,0.47627043215805187
1,0.8770681201618374,0.9748804143684843,0.5708437836382957,0.5235267139931307,0.9400077654552286,0.7772653595233954,0.7902351496832275,0.8097058823529413,1.0,0.9032031281985458
1,0.9764099861922041,0.9744513286409763,0.5488523797915504,0.5073244752721876,0.9422860795583511,0.7898648498910539,0.8047020873704677,0.7802941176470588,1.0,0.9209942522786401
1,0.9415703866637051,0.9498482611123725,0.5383990413581169,0.5011911768691021,0.8962149709677765,0.7654447673942146,0.7793699366334383,0.6649999999999999,0.8,0.905105659138505
1,0.8460191564286773,0.950201786277201,0.5440756727953584,0.5110322430177922,0.8502685383390961,0.740319479371625,0.7522939941974444,0.666470588235294,1.0,0.8750191896649773
0,0.07246227238763824,0.3194319307912684,0.4725971487951588,0.5098986162267111,0.2780512597860534,0.330488245597366,0.3209060867508968,0.18941176470588236,0.2,0.14863942105205205
0,0.22629977807225998,0.3176681410374695,0.46321941568347674,0.520857775224587,0.28318506539431887,0.3622460350824224,0.35444941937489605,0.23176470588235296,0.2,0.1875725438741348
1,0.996696148411901,0.9378626189292906,0.5849163959768774,0.5594306717063869,0.9414219272769575,0.8040655524602827,0.8171558387647337,0.8661764705882353,1.0,0.9122419757682677
1,0.9999950529850241,0.9366538647671435,0.5169116419324953,0.5212284279812954,0.901262543972947,0.7752103063277811,0.7894198091955419,0.7235294117647059,0.8,0.9127062001988846
0,0.11264188498765056,0.3144120670553187,0.4404782732568801,0.44567958156710114,0.24170430537110735,0.31098322244761156,0.3034163007141315,0.04852941176470589,0.0,0.15902461588312142
0,0.42390427865727087,0.7023693693395013,0.6237763642919089,0.5207219417354811,0.5828559048508656,0.5707255717750056,0.5712990136311051,0.6270588235294118,0.8,0.516762170884958
0,0.665106605358203,0.6751692584025921,0.5871839267275966,0.5637346102831696,0.5773479731409116,0.6137084747824945,0.6161719619031827,0.6988235294117647,1.0,0.6037402737384281
1,0.999014247130179,0.9686870657315912,0.6164555128848478,0.5544301252361049,0.949335997614244,0.8175845897193934,0.8310207123468741,0.9194117647058823,1.0,0.9159107733400781
1,0.8971949163480738,0.9656472028893166,0.5209081315118329,0.476729640677579,0.9170910785225548,0.7555141939898714,0.7699930989326733,0.61,0.6,0.9088451710340489
0,0.2971052709896656,0.33328402854978817,0.4784142782068878,0.4919381629328901,0.339905470082473,0.38812944215234096,0.38258949483381777,0.22617647058823528,0.0,0.24167785782372025
1,0.29584340189448977,0.4478313329686155,0.498311269891222,0.49629456531014476,0.38740752623286306,0.42513761925946697,0.4210057259944881,0.3170588235294118,0.0,0.2918155478527813
1,0.9967875620359355,0.9753625049914428,0.6471182077902101,0.5309532743579789,0.9630602457245928,0.8226563589800321,0.8366620371456426,0.9176470588235294,1.0,0.9193756541192014
1,0.9465473668411932,0.9694367243814085,0.5405144141752672,0.4835523758058217,0.9264745941061295,0.773305095061964,0.7882329143067517,0.6770588235294117,0.8,0.9162204865854174
1,0.22975188035679328,0.39408640672929024,0.4710767206571736,0.4641736755776,0.32328123170002315,0.376473983004176,0.3713389908653995,0.16558823529411765,0.0,0.23463489793939457
1,0.37926329824028454,0.4533902490446904,0.4808022878872362,0.4840038551380334,0.350882711567338,0.4296684803755165,0.4267664665119454,0.2767647058823529,0.0,0.310935160035448
0,0.24343317131812295,0.35711130988617373,0.4473134240853831,0.4653672486615252,0.24683683251303234,0.35201239729284745,0.34607250188416994,0.10794117647058825,0.0,0.19912894246461238
1,0.2665462738679945,0.5793701861464547,0.49576931730462714,0.4888187040102144,0.37574039432267314,0.44124897513039285,0.4382557271400273,0.32176470588235295,0.0,0.31465895056056836
1,0.9701659789031152,0.9567436818342613,0.615523223498397,0.5685122745346929,0.9309261029012944,0.8083742523343522,0.8207787485260423,0.8752941176470589,1.0,0.904998246056573
0,0.33722509867219763,0.38910133537213704,0.48894738893917794,0.4896173038385505,0.3154130299757485,0.4040608313595623,0.39939272749542803,0.24764705882352941,0.0,0.25606974901130075
0,0.34552496615885797,0.43946609919221324,0.4992099446566785,0.5318987794401077,0.33773784403658585,0.43076752669688856,0.425784958487798,0.3791176470588235,0.2,0.2713463415293241
0,0.24141852600017677,0.37439150989035097,0.42763964871640076,0.4567970146996947,0.30384178353084096,0.36081769656749285,0.35593257868612355,0.11205882352941177,0.0,0.23270358877660458
1,0.9273966036228779,0.9755602576196655,0.5394269678472751,0.4985047571183207,0.9074976157378365,0.7696772403891952,0.7838651075698668,0.7064705882352941,0.8,0.9086707181947311
0,0.17272792726182326,0.312207580523563,0.43848157601458904,0.4661057781808173,0.28421665119710765,0.3347479026355801,0.32781080188773576,0.08764705882352941,0.0,0.18637021142273724
1,0.34748181665367,0.5160977298650579,0.49517067146832167,0.471371613012078,0.4381330562883579,0.4536509774574971,0.4520620811464341,0.31441176470588234,0.0,0.3700383145983142
0,0.3756808363779997,0.4671697937660286,0.508514987330416,0.5072358822658781,0.39790145186135434,0.45130059032033537,0.4481448305073379,0.385,0.2,0.32895230751762783
1,0.14280242911098065,0.2476775151432666,0.441834044434074,0.4869122930885969,0.2422241205478072,0.3122900804649451,0.3033166660927959,0.09264705882352943,0.0,0.14726941292420073
1,0.17497717276337063,0.4117352371034066,0.47952658797804376,0.468719626175123,0.31031378612842464,0.3690544820296737,0.3631065334531094,0.16735294117647057,0.0,0.21358858818865026
1,0.10683263689389288,0.2947743233848739,0.45117936928363395,0.4773929488454909,0.2834269752143108,0.32272125072444047,0.3143610647883015,0.09970588235294117,0.0,0.162088198948694
1,0.7648597890811324,0.7643057310593581,0.5983501979816972,0.5339715315256922,0.6027160872140271,0.6528406673723814,0.6584776441171312,0.7014705882352941,1.0,0.6935983046774123
1,0.40948449865241066,0.4572413904478059,0.5655910199303619,0.4874647689978447,0.45912734233598274,0.4757818040728812,0.4736461192166666,0.43176470588235294,0.2,0.37117852951035657
0,0.26536006258590367,0.3243688209035785,0.5008562083202323,0.5354809036024186,0.30757044146561646,0.3867272873755499,0.37909115109311753,0.31911764705882356,0.2,0.2020263293411464
0,0.3296986422862194,0.21032535885094883,0.485680589112647,0.5384119979685343,0.25170218533767735,0.3631637547112053,0.3546342481125464,0.2835294117647059,0.2,0.17465699990164185
0,0.49546594157040197,0.7210531218587417,0.6260934098810261,0.5225780819430744,0.6105709162203299,0.5951522942947147,0.5970414805743549,0.655,0.8,0.5717908388176406
1,0.7228214251534067,0.888392073055113,0.6408360001168867,0.5162109315107991,0.8211002640497408,0.7178721387771893,0.7265188148031096,0.7026470588235294,1.0,0.8138964640353227
1,0.569340829844483,0.591008862067043,0.5559310633437723,0.5248733633593603,0.4677598498745999,0.5417827936978517,0.5423118231534629,0.5800000000000001,0.4,0.4807334113364965
1,0.9858942007166123,0.9344250586130559,0.5786485876904593,0.555183664410893,0.9105167945428164,0.7929336611947673,0.8057121547093521,0.8229411764705883,1.0,0.9043496004590486
0,0.22980573716230257,0.3454881170885631,0.5049718173522265,0.47469042955886825,0.35751864502079306,0.3824949492365507,0.3766509819465424,0.22323529411764706,0.0,0.23137212622625325
1,0.3382731328592614,0.5706507269797995,0.49673242041267623,0.4862313324329616,0.41403622073673163,0.4611847666842861,0.45943954240468066,0.34382352941176464,0.0,0.3638955919200012
0,0.10087961031894442,0.3253939582093259,0.4819977328257183,0.5116549548634485,0.2885897676713322,0.34170320477775384,0.33253799879043905,0.21352941176470588,0.2,0.15857046191627935
0,0.07353964423864717,0.21961623936042826,0.40712910748884984,0.44173533877702775,0.20638814451953671,0.26968169487689797,0.2605975363659674,0.01264705882352941,0.0,0.1273748608108137
1,0.7970856787787035,0.9614710725555083,0.4637287208093093,0.4641397038197422,0.8679863663969503,0.7108823084720427,0.7242944833436032,0.4723529411764706,0.6,0.8860055332139951
0,0.27972222144197567,0.47697809494504506,0.4732123090406417,0.4873300573974617,0.3878114552137652,0.42101082760777786,0.41739639008126705,0.2773529411764706,0.0,0.30122818747758884
0,0.2861856440956016,0.3980834940721576,0.4949580029684016,0.4817108043285045,0.29129223662282927,0.3904460364174989,0.38515613535874715,0.22029411764705883,0.0,0.2307742188159033
1,0.9999939164241566,0.9810214640810361,0.6739877331527092,0.5838198622779475,0.9398057710730727,0.8357257494017845,0.8480525937525721,0.9747058823529413,1.0,0.908384108174704
0,0.4454750505507699,0.3480211243269145,0.4657277319420374,0.4885886207612345,0.2892847961432933,0.40741946474484997,0.40364374740940556,0.21617647058823528,0.0,0.2734346133208697
1,0.5059918113649294,0.6653980792971884,0.5215313585609749,0.49855962431294043,0.47974368845636395,0.5342449123984794,0.5357953222895525,0.48235294117647054,0.4,0.5016456320995951
0,0.45778252294886707,0.5254385831966245,0.5107947118955635,0.512959034810112,0.4350494942397933,0.48840486941819206,0.48711350885331517,0.4473529411764706,0.2,0.40176697137798206
1,0.8690520872930602,0.9720617637923678,0.5007030574353154,0.49789504880799956,0.90020176084853,0.7479827436354546,0.7616002081158839,0.6220588235294118,0.6,0.9005307197951631
0,0.5009034698827227,0.5851118362506516,0.5293461819380303,0.4940887445071782,0.4668097267797602,0.5152519918716687,0.5158155093527879,0.4605882352941177,0.2,0.46330905234170633
1,0.4867115422404736,0.6349398079325986,0.5022375437957517,0.49366426249676026,0.43583957417333946,0.5106785461277847,0.5115035150355262,0.42147058823529415,0.2,0.4594337383251075
0,0.3967727894781207,0.5354295946127245,0.4962613037832005,0.49072230240523446,0.34034697361228505,0.4519065927783131,0.4497291278199697,0.3264705882352942,0.0,0.33127753880097144
1,0.9999116349502867,0.9299176025579196,0.5908598997923734,0.5756616715496824,0.9184098122313885,0.8029521242163302,0.8153186618133695,0.8697058823529412,1.0,0.9045785892240807
1,0.5088119673351369,0.6490175627709386,0.568920209742659,0.5059881768278842,0.5033747572052117,0.5472225347763662,0.548332346994967,0.5611764705882353,0.8,0.5004177581742953
1,0.5682412957211218,0.4562383365605684,0.4604139357085117,0.4987453396566737,0.33325025084421517,0.4633778316982181,0.46252667014635934,0.3158823529411765,0.0,0.3768294854083612
1,0.7504639915267152,0.6541741179046583,0.5654061088567894,0.536878552507819,0.5214004079707911,0.6056646357533546,0.6093240525673312,0.6538235294117646,1.0,0.6107366458729935
1,0.8759995581060164,0.9438989291160739,0.5799897145649338,0.5346888318082432,0.9187112333606784,0.7706576533911892,0.7827270412660489,0.7794117647058824,1.0,0.8919218243424244
0,0.48293802003165354,0.44317823393626576,0.5281202291015957,0.5132447832646437,0.36669078308736364,0.4668344098843044,0.4642131032854496,0.425,0.4,0.3404500000030821
0,0.7024008076101359,0.7518697179313634,0.5404736612365469,0.5533283032644575,0.5036150763609898,0.6103375132806987,0.6140068579090874,0.6479411764705881,1.0,0.6107977796401951
0,0.3356019035701205,0.4148833816881254,0.5164868265252053,0.5084856163469138,0.36872083968403735,0.42883571356288047,0.4242417091931823,0.3602941176470588,0.2,0.2806283011078712
1,0.7251237008716084,0.9537614101803918,0.48448333444271374,0.4830004416514723,0.8427625769955465,0.6978262928283466,0.7093593162158219,0.5111764705882352,0.6,0.8584725461375318
1,0.21267698079965247,0.2601909078631312,0.46059019032920495,0.48491977112021933,0.3262034144354757,0.34891625290953676,0.3416848198837446,0.15529411764705883,0.0,0.19690461684577132
0,0.6566584910666816,0.4893829533603651,0.4753625525311686,0.4957340350881119,0.331587771807221,0.4897451607707096,0.4903444726519967,0.34382352941176475,0.2,0.4223230952022553
0,0.1642759555337651,0.4282746583724693,0.4614884851472943,0.48230406055205904,0.43105045667715697,0.3934787232565489,0.3884766581608941,0.2238235294117647,0.0,0.2722880855417771
1,0.9999814400649099,0.9828445205278703,0.6694552040064217,0.5633746470298762,0.9589838322424656,0.8349279287743088,0.8480177695032195,0.9735294117647058,1.0,0.9151136640041668
0,0.4219297091170752,0.510731048345194,0.478344697997549,0.49437561170133826,0.362327221179952,0.45354165766822163,0.45165811540366047,0.3241176470588235,0.0,0.34919977103636995
1,0.4041952286325207,0.4935446447245037,0.5480064844627213,0.5606525416762418,0.41463579833580044,0.4842069395663575,0.48019330784429975,0.5376470588235294,0.4,0.33512749127152647
0,0.9172195939700692,0.7188500274763686,0.5666968894457216,0.5640380310559073,0.6118670171504483,0.675734311819703,0.6823641981689129,0.7258823529411764,1.0,0.738647614899744
0,0.4165714905201829,0.5784228481302333,0.5039033664707745,0.5017055346415454,0.39761024089292746,0.47964269613113275,0.4783800020320925,0.4023529411764706,0.0,0.3827577912277685
1,0.22791167359350206,0.4148163454890638,0.47127408391305897,0.47549276011406855,0.2988368180878995,0.3776663362395186,0.3722048553269377,0.1764705882352941,0.0,0.22497884978581623
1,0.8065806194947102,0.5406150863188223,0.5414343766653763,0.558111929804881,0.34716318417006464,0.5587810392907708,0.5599200869432756,0.5741176470588235,0.6,0.4819518199076711
1,0.992666831279891,0.8929382796609753,0.5636878090366063,0.5625940750685284,0.9619423854909123,0.7947658761073827,0.807580060261824,0.8435294117647057,1.0,0.9122246484474971
0,0.30285828616756605,0.4508661693449614,0.4758699637014283,0.49202228532394154,0.3443069021958989,0.41318472134675926,0.40903802147630997,0.2652941176470588,0.0,0.2770415625695418
1,0.2767288282895311,0.3770094750454753,0.4584165275607708,0.4611787914448466,0.29974754320431374,0.3746162331089875,0.3698463275632283,0.14294117647058824,0.0,0.23698213146789587
0,0.5031391089987406,0.4614139628633917,0.48512945374312694,0.4825905116794213,0.3535209132815968,0.45715879011325544,0.45596569841447343,0.30823529411764705,0.0,0.36387285618246423
1,0.6601175203192641,0.5938090634379992,0.5479675633340909,0.5394897341153976,0.6033178825339919,0.5889403527481487,0.5916136003951191,0.6308823529411764,0.8,0.6070453397672413
1,0.927838914478166,0.9721243304967585,0.5681873879195352,0.5762088777022093,0.9522884569387351,0.7993295935070808,0.8116850395752446,0.8705882352941176,1.0,0.907735547893512
0,0.4631583911147632,0.527721920831145,0.47371046355155744,0.4955639246457835,0.35283749030475864,0.4625984380896016,0.4613391530994302,0.3305882352941176,0.0,0.366214292243464
0,0.4052950860441877,0.33922589259562735,0.49896912771319274,0.5049546891319079,0.388349021771823,0.4273587634513477,0.42324570613524004,0.3247058823529412,0.2,0.2997051390953654
1,0.18173588306933294,0.3004629700549095,0.43898845797803493,0.45955814881971957,0.2640744573839869,0.32896398346119676,0.32199418926842893,0.07352941176470588,0.0,0.1796278475014647
1,0.9998109647851381,0.9782178884707148,0.6762503427222043,0.5592587135800912,0.9444097314902397,0.8315895282096776,0.8445504807503661,0.958529411764706,1.0,0.9115051554644993
1,0.9246446335924937,0.8689277427559702,0.5505724700830187,0.5194249747285893,0.8895904340171817,0.7506320510354507,0.7628496311766387,0.6938235294117646,1.0,0.8872619397500688
1,0.4907078217263887,0.5123480625123489,0.5257465252396997,0.5245736561394719,0.4229332400464152,0.49526186113286486,0.49373294094715475,0.48999999999999994,0.4,0.3972074055747034
1,0.49157808145368803,0.4394967854799911,0.47292309241568825,0.5072907046575992,0.4382915331727088,0.4699160394359351,0.4685773494891612,0.3676470588235294,0.2,0.39969355000748996
1,0.8657323009633188,0.7444539136331224,0.598015458839256,0.5326756750927503,0.6538730868753434,0.6789500870807582,0.6861861574839015,0.7152941176470587,1.0,0.7516056696434363
1,0.2841193307975143,0.5647508689994537,0.5072974343715247,0.4878902844001263,0.3623795427695633,0.4412874922676364,0.4381815373460644,0.3305882352941177,0.0,0.3076881500139794
1,0.4292272421916314,0.4473751327031182,0.5080698019371925,0.4942229739452449,0.382968347064465,0.45237269956833037,0.4498937129742824,0.35,0.0,0.33927914721485886
1,0.726593267162622,0.9664041733021622,0.5582406211887444,0.46910112077019644,0.9067798012935686,0.7254237967434587,0.7375613040219082,0.6144117647058823,0.8,0.8751195070538589
0,0.4972287986965965,0.5851096940116499,0.4863926316805957,0.5005979635954597,0.3990303511882524,0.4936718878345109,0.49368105183836847,0.4002941176470588,0.0,0.4244196695600617
1,0.9969016098557483,0.9596504050628073,0.5227483404742036,0.5144446151551195,0.9032654865861924,0.7794020914268142,0.7939735020383287,0.7173529411764705,0.8,0.9154545282330497
1,0.9959940275063377,0.9665826554952203,0.5687710066417586,0.5654411435012526,0.8984730543839424,0.7990523775057022,0.8119946025834308,0.8414705882352941,1.0,0.9064985424809944
1,0.9263487205863538,0.9686689720555589,0.5212726078659403,0.5076880571764745,0.8987542442698567,0.7645465203908368,0.7784521404290812,0.6761764705882353,0.8,0.9060764759024318
1,0.1299388691548747,0.30595165871310503,0.4470222322385269,0.4685427501227952,0.26504374325641794,0.32329985069714395,0.3154430612975514,0.07911764705882354,0.0,0.16522926566956778
1,0.36020310715137366,0.51639917470875,0.5318662634626142,0.5074775537558599,0.4236164695198627,0.46791251371969206,0.4651593053113074,0.43647058823529405,0.4,0.34849767051880504
0,0.36571166309496195,0.4373284671408902,0.5021570654182271,0.5006220205250737,0.36525414604949086,0.43421467244572876,0.4305201649967461,0.33382352941176474,0.0,0.30075579491857585
1,0.964663618329026,0.9208877579244777,0.5570239440472667,0.4966023163806929,0.9385317956663428,0.7755418864695612,0.789840004025514,0.7094117647058823,0.8,0.9136464888546012
0,0.46404661577765927,0.3536387830001935,0.46261395367066077,0.5148221203483646,0.3465806236654562,0.4283404192924668,0.42474070507790007,0.3076470588235294,0.2,0.3065109202907397
1,0.6435211104145094,0.873500566160348,0.5900743194938175,0.5315558316964449,0.5028246489435978,0.6282952953417436,0.6327283804972699,0.6749999999999999,0.8,0.6213849504248734
1,0.8428989471952634,0.969902383974992,0.5472154800218872,0.5192907323073318,0.9322123372119006,0.762303976142275,0.7749827144714966,0.7470588235294118,1.0,0.8975796320436392
1,0.21985067990333218,0.20465187611491845,0.42151510883198967,0.4353610466132438,0.21729666604784428,0.2997350755022657,0.29253800317723205,0.040882352941176474,0.0,0.15992707993103553
0,0.23349740169701713,0.41125100401600934,0.4655055495126412,0.4761293760111028,0.2615699461553748,0.36959065547842906,0.3638362464067881,0.16029411764705886,0.0,0.2097844812454585
1,0.574401644091503,0.9671268887360281,0.5128837816115178,0.4880270424920152,0.9065241478862124,0.6897927009634552,0.6998035019402611,0.571764705882353,0.4,0.8441862743971772
1,0.20883660663892,0.39601120175625987,0.4651046540096348,0.4481501869600773,0.2907424576768104,0.3617690214083405,0.356538914985754,0.1291176470588235,0.0,0.21804507972355133
1,0.9999547724629482,0.9783093037697516,0.5541448396448926,0.5468310628603071,0.9408423596144132,0.8040164676704625,0.818119290741161,0.8944117647058825,1.0,0.9200788910850072
1,0.9182055654054008,0.831361339547402,0.5544293683611631,0.5263156623480435,0.558719724818491,0.6778063320961001,0.6862246884597546,0.6808823529411765,1.0,0.7527296801206325
1,0.8628360887747158,0.8035429104932202,0.5578881349433996,0.560800975466453,0.5275302543542639,0.6625196728064104,0.6687138367252025,0.7035294117647058,1.0,0.699753190589128
1,0.4011304163110441,0.5121583007274705,0.48582449452918525,0.4869015269552053,0.35300511803139556,0.44780397131086014,0.44572347794549133,0.30941176470588233,0.0,0.33647909061115344
0,0.136555783435265,0.470841943764947,0.5105836950863291,0.4772148951114315,0.4027316448468481,0.39958559244896413,0.39420954396433094,0.2726470588235294,0.0,0.25263980702335237
1,0.9875028244446998,0.8640580887209324,0.4972827434331137,0.4976498579893544,0.8241708708316867,0.7341328770839574,0.747428504842439,0.5841176470588235,0.6,0.8878984853212395
1,0.1424445306409928,0.3547425932221096,0.418301289652496,0.4596986864328591,0.26049123657664264,0.32713566730502003,0.3203505114129978,0.06647058823529413,0.0,0.18138551586042162
0,0.14174920579577174,0.4395276115232902,0.5656450371283138,0.5084761663927916,0.3236692770342902,0.3958134595748915,0.3882291439812049,0.3635294117647059,0.4,0.19548628231912069
1,0.2215307914434166,0.24794215409075268,0.4207787845875551,0.5094591531618221,0.2234747047190264,0.3246371176005146,0.3160616033103693,0.15176470588235294,0.2,0.15758590323824978
0,0.3594271046249182,0.6060281827529114,0.5141839163133061,0.5417407462587006,0.5357765281932788,0.511431295628623,0.5099151917396804,0.5282352941176471,0.4,0.440829752776757
1,0.7234914591269593,0.6828847884482773,0.5329978639442275,0.5106387441661658,0.5409728508774753,0.598197141312621,0.6029102589566915,0.5735294117647058,1.0,0.6352939994727297
0,0.23315766578182395,0.26636581021238664,0.4298635477164723,0.47228533638613407,0.24838058948352448,0.3300105899160683,0.3229201875956139,0.08794117647058823,0.0,0.17888932307136338
1,0.9590119927645592,0.9737781027853228,0.5351083593440082,0.5132430982790742,0.9090700012570937,0.7780423108860117,0.7922784939747094,0.7379411764705883,1.0,0.9121478637306302
1,0.5308724945905946,0.6323535212046439,0.6090556470359031,0.5134334861886246,0.5162309046951,0.5603892107429732,0.5612513699672412,0.6111764705882352,0.8,0.502096418405016
1,0.9984450414983262,0.9185132886806278,0.5406824756875112,0.5272956201828564,0.8802080173548058,0.7730288886808254,0.786502810234869,0.7408823529411765,1.0,0.903417173483171
0,0.19760107844865385,0.32366955719405666,0.49001780677903994,0.5054038211518291,0.2903052404374686,0.3613995008022096,0.3535812517084596,0.2238235294117647,0.2,0.18350322516795492
1,0.3276583060672924,0.4363783790164189,0.4977578319379012,0.4948523491448527,0.3840208362660787,0.42813354048650876,0.42429694167949905,0.31176470588235294,0.0,0.2990084725624302
1,0.8660801712559157,0.9675676926858084,0.5236716219064649,0.4926862580200852,0.9361814196519109,0.7572374327040371,0.7710821261869721,0.6573529411764706,0.6,0.9067037242002863
1,0.9978845531149574,0.9379770033758236,0.5319033901095271,0.5042428404831122,0.892665369340801,0.7729346312848443,0.7873881901650479,0.6882352941176471,1.0,0.9114753407619687
0,0.14885324200532932,0.3318270946976078,0.5208492099230773,0.4697085407681573,0.30959290041019183,0.3561661975608727,0.3487047889537854,0.18705882352941178,0.0,0.18280450960462105
0,0.43644266443615437,0.5998583403068675,0.49990413727301264,0.5002174014995243,0.4103812659987324,0.48936076190285827,0.4887699505596424,0.4105882352941177,0.0,0.4075641640223846
0,0.4568766507652107,0.262798151968016,0.435694667612274,0.4995824638305022,0.16287768081893958,0.3635659229989885,0.35775740218058316,0.17941176470588233,0.0,0.1984380473439779
1,0.9808324697192862,0.8214502233037523,0.5496817019151883,0.5283744123969848,0.5112893867019722,0.6783256388074368,0.6869761424155622,0.6897058823529412,1.0,0.7478987450855915
1,0.9559885989948244,0.9067420038432813,0.5230198577077597,0.5373969411720481,0.8892373812011343,0.7624769565838095,0.7752238853548445,0.703529411764706,0.8,0.8974984691676394
0,0.08802845622475482,0.24330610841790942,0.4332893533540778,0.4670825230689662,0.18433476868606813,0.28320824195035527,0.2735160328484909,0.03823529411764706,0.0,0.12133522139712494
1,0.9021211354689589,0.3823857266931048,0.5195258438089161,0.5022490303312358,0.3370921176701504,0.5286747707944731,0.5308534934502361,0.41382352941176465,0.4,0.4868367041365586
1,0.4507033564528929,0.4601034494670671,0.497614287944016,0.5110498494196823,0.3830094843310403,0.4604960855229397,0.45806492533880006,0.38911764705882346,0.2,0.34893672334693643
0,0.4350440123875036,0.5802314276525071,0.5390510199730341,0.4916404239357752,0.4027813211766522,0.48974964102509444,0.4888096763355322,0.43117647058823527,0.2,0.39040464517100176
1,0.8347102675923573,0.7539645785177362,0.5681193059424537,0.5556674709994244,0.6252537712884814,0.6675430788680907,0.6738236910305697,0.713235294117647,1.0,0.7280333876872292
1,0.9901397312220102,0.9722690404235301,0.5886576966582004,0.5170185251031126,0.950962554035837,0.8038095094885381,0.8183521063997629,0.8429411764705883,1.0,0.9208410421963472
0,0.6026030997570625,0.584130934340068,0.5386902108429972,0.5421085408327476,0.31663802920348,0.5168341629952711,0.5159689798715488,0.5261764705882352,0.4,0.3930635125080197
1,0.633875119479936,0.47086008755551106,0.4885093165840449,0.47169789787653543,0.3565969682357102,0.48430787794634755,0.4851844509223573,0.31588235294117645,0.0,0.4272845270391551
1,0.9796466000847884,0.9650252245567695,0.5520012351446524,0.5602843021218367,0.9207235255750993,0.7955361774966292,0.80871142537645,0.8279411764705882,1.0,0.910533285113254
1,0.49653604777914895,0.5864872385187644,0.5407605982397153,0.5131454074368546,0.44562433795155476,0.5165107259852075,0.5162587445450324,0.5176470588235295,0.4,0.43941830452502073
0,0.589391711955325,0.4268642904591217,0.5601036471333906,0.5019444430995608,0.44461535333631796,0.5045838891967434,0.5039582723429364,0.4802941176470588,0.2,0.42554384829233366
0,0.21928597793954516,0.48201727751980444,0.4707704279222836,0.4650468382122548,0.34178133078176004,0.3957803704751296,0.3916082028697139,0.20294117647058824,0.0,0.2624940939314194
1,0.9089722232283711,0.8031240226197967,0.5433543547947898,0.5368716642867569,0.5990334057689298,0.678271134139729,0.6864486144936737,0.6823529411764706,1.0,0.7614277359866756
1,0.9990893094834455,0.9769224692358401,0.5658074069157397,0.5555857375167291,0.9384229256225344,0.8071655697548579,0.8209107671454299,0.9005882352941177,1.0,0.9177555992482334
1,0.9992614129799483,0.8697071355756344,0.5836997008639792,0.5396000880768993,0.9027262892082993,0.7789989253409522,0.7915514319758322,0.8100000000000002,1.0,0.898211542123307
1,0.8386934211036204,0.6712287271410879,0.5423942225980316,0.5238271211137323,0.5540249177033152,0.6260336819319574,0.6318156022351096,0.626764705882353,1.0,0.680055087967758
1,0.9959571134330415,0.9723377903011562,0.6299900744429521,0.5362158430022617,0.9433719602566435,0.815574556287211,0.8293343964077352,0.9002941176470587,1.0,0.915597484814274
1,0.5985132605190967,0.5243880572415514,0.541128638704306,0.5083577228687283,0.48761658579867406,0.5320008530264713,0.5329084424310686,0.5194117647058824,0.6,0.4926877188446884
1,0.22106035296896073,0.3747479095619583,0.45991393201018643,0.4785329762286918,0.24363495030870744,0.35557802421570095,0.3490798347865763,0.13676470588235295,0.0,0.19092850918950616
1,0.21608702886780828,0.7048161330133403,0.6025926293708714,0.48531967838574747,0.5766442090733458,0.5170919357422227,0.5160321505711389,0.495,0.6,0.4371510926127417
1,0.9997194390623512,0.9434558308225163,0.5930665066049611,0.5683747507882194,0.9343539722745847,0.8077940999105266,0.8206275094096943,0.8832352941176472,1.0,0.9102797311549244
1,0.8653487381292377,0.9615757593544824,0.5682074037385924,0.5202001613633308,0.9186120449357307,0.7667888215042747,0.7793691818030879,0.7497058823529412,1.0,0.8951331867115947
0,0.33800682782343716,0.5423949446086546,0.5226133600784119,0.48698223546819297,0.4471507841166325,0.4674296304190658,0.4654890309803419,0.386764705882353,0.0,0.3698186599764435
0,0.4560752740793473,0.43391071412819965,0.5249403883427667,0.5178471835657784,0.32865866777718683,0.4522864455786557,0.4487657746428685,0.4011764705882353,0.2,0.30455150272015546
1,0.9469939110042421,0.8882324987389917,0.5677178108042291,0.51500787110078,0.8714232494858255,0.7578750682268136,0.770412121883626,0.7026470588235295,1.0,0.8881900432984583
1,0.5360097707202011,0.4731449342327507,0.48084318099190765,0.5077147715117546,0.38572332841733753,0.47668719717479024,0.47572081209791733,0.3844117647058824,0.2,0.3946380210345174
1,0.8784048075179366,0.9392883677167463,0.6115943553175901,0.5534981949477089,0.88982366155245,0.7745218774104864,0.7855921902196864,0.7967647058823529,1.0,0.8787548969892393
0,0.3304704915571583,0.30770980487834126,0.4327987769350927,0.4812507505363062,0.2950227489617499,0.3694505145737296,0.3642384234531813,0.14647058823529413,0.0,0.23421112519629192
0,0.5131267745910768,0.5845212225608499,0.5199651292502042,0.49546468147034584,0.46866302117419695,0.5163481658093347,0.5171092058992027,0.4526470588235294,0.0,0.4713040185990152
1,0.8721818588126654,0.9714233411368768,0.5791964996740421,0.4799837605397688,0.9231093117267163,0.7651789543780139,0.7789650379496665,0.6938235294117647,0.8,0.9024560945654326
1,0.5519537433959383,0.9734259747624207,0.4873291704608225,0.45379278913361504,0.9096390403115734,0.675228143612874,0.6861159323547906,0.5052941176470588,0.4,0.8497784451546613
0,0.21276227301486741,0.689669777212517,0.5881787801224478,0.4993909769359916,0.5542490778902792,0.5088501770352206,0.5071088672333277,0.5123529411764707,0.6,0.41469818176064227
1,0.5051932624676596,0.59268380147756,0.5059760206428882,0.49789913329091623,0.4757988287530012,0.515510209326405,0.5163579318928503,0.4461764705882353,0.2,0.4774373623547094
1,0.5107503280237596,0.582133992585096,0.5160311961491694,0.4921646473600507,0.5013387532925067,0.5204837834821164,0.5216087271568286,0.4497058823529412,0.2,0.4929117229388329
0,0.37799877400613635,0.45516565214875665,0.4867896446765824,0.4725544311044793,0.38306705180551065,0.43511511074829307,0.4327744085365133,0.278235294117647,0.0,0.33166193405516053
0,0.10765754117458415,0.44063950068082797,0.4539681570484511,0.4553343248192252,0.32106225185427245,0.3557323551154722,0.34985692199189616,0.13029411764705884,0.0,0.21140015530471562
1,0.34504165801625414,0.40093947052401635,0.4765840894404971,0.4704146961747185,0.3589364881502546,0.41038328046114814,0.40693702168833623,0.22411764705882353,0.0,0.2919850142285676
0,0.4975611114680305,0.5165741975304874,0.5377117443597467,0.5259075440618411,0.46401607675048284,0.5083541348341176,0.5072264979864717,0.5264705882352941,0.4,0.4249627490898931
0,0.5183835162047138,0.6970062065889326,0.5308224872776747,0.5030309230353912,0.5136287455373283,0.5525743757288082,0.5547605957665211,0.5194117647058822,0.8,0.5368461364273672
1,0.20553328542139251,0.49215660322020377,0.46300827507644887,0.49295007279998115,0.35849535215866274,0.40242871773533784,0.3976736636462298,0.2529411764705882,0.0,0.26321978865908374
1,0.9984088410703306,0.9616697756660836,0.5571457600850698,0.5195201168691451,0.931283846492296,0.7936056680365849,0.8081099512544415,0.7976470588235294,1.0,0.9187672127963032
1,0.9158275570535847,0.9767201371086487,0.5670747041519547,0.5132192857161112,0.9349103236789468,0.7815504015418492,0.7952843872005569,0.7905882352941177,1.0,0.9095523597924884
1,0.9993176489859955,0.968776972580967,0.6130492229419412,0.590181022686627,0.9546961514021303,0.8252042037195322,0.8377890007065427,0.9405882352941177,1.0,0.9136634084223764
0,0.42351690303155415,0.37312446666719135,0.47010053189241247,0.4819356820013517,0.34979295083947815,0.4196941068863976,0.416616749013103,0.23794117647058824,0.0,0.3063386424462332
0,0.2710852205804773,0.4043379319257731,0.49269836152393776,0.5489274980059426,0.3775850761580232,0.4189268176388308,0.41258720819718303,0.38441176470588234,0.2,0.25353717273250354
1,0.8740722712048092,0.8205936794873824,0.5624274451963539,0.5099472627543644,0.5414881773931604,0.6617057672072141,0.6696500287747295,0.6388235294117648,1.0,0.7288337060501114
0,0.2845876261719566,0.2761354504423929,0.46425089011945553,0.48390180743672156,0.23666680329279935,0.34910851549266525,0.3421322870717957,0.1411764705882353,0.0,0.18329103815232783
1,0.9980895643529379,0.8594701755191861,0.6195030239425384,0.5564267529857917,0.9488164559306481,0.7964611945462206,0.8086347281105195,0.8788235294117648,1.0,0.9029877726449814
1,0.9650307957995556,0.9253961713568506,0.5833980241415357,0.555050829309558,0.9125820206835367,0.7882915682582073,0.8006949239586993,0.8158823529411764,1.0,0.9001192706815014
0,0.14807376166453265,0.3716616655793334,0.4744069004913834,0.49918936016686394,0.2967668517587358,0.35801970793216986,0.3504114702266985,0.19617647058823529,0.0,0.1858443489787489
1,0.9199018479195807,0.9767888331851626,0.5362429966239265,0.534251134179661,0.9097935290953963,0.7753956682007455,0.7886140571863496,0.7773529411764706,1.0,0.904480361368234
1,0.5966291508538727,0.48054011531315677,0.5269987910066943,0.5221785557181996,0.4348509478983414,0.512239512158053,0.5118952561767379,0.5005882352941177,0.4,0.4408075916079947
0,0.2126838105098967,0.34853803134819433,0.4318411759437571,0.44650096181739163,0.24282517197465725,0.33647783031877937,0.3306116909929382,0.06911764705882353,0.0,0.1929188278624075
1,0.9270968897003143,0.9697035629705533,0.6148833040182625,0.5031691404774062,0.9414832688737972,0.7912672332080668,0.805061382274266,0.7908823529411766,1.0,0.9095726431210307
0,0.4587033904683433,0.4740077497577741,0.5023497854254407,0.4882552531744441,0.39450964988482823,0.4635651657421661,0.4620542257146872,0.35205882352941176,0.0,0.36948853206835397
1,0.5645693987273638,0.5390856175194646,0.5366181943461833,0.5392186695372345,0.5633929945263766,0.5485769749313245,0.5491462965543735,0.581764705882353,0.6,0.52353653408799
0,0.0767075034545925,0.29330523178799545,0.406516318558148,0.4278433720914189,0.21204588593325932,0.28328366236508284,0.2754502634116837,0.019705882352941177,0.0,0.1437305467620698
1,0.4821037238512413,0.5108223891918171,0.5085556395273968,0.4973474316177046,0.3587210443402471,0.47151004570568145,0.470079192308744,0.38029411764705884,0.0,0.3648887298224807
1,0.3182316009593635,0.5491856817071451,0.5184497244599515,0.5157240083074918,0.48622728872404836,0.47756366083159996,0.47509000496688164,0.4505882352941176,0.4,0.3799884911706282
0,0.6416979779800683,0.7583346207539347,0.605132547416093,0.554184813281484,0.649928159753704,0.6418556238370567,0.6457165861127212,0.7152941176470587,0.8,0.6641308195157631
1,0.9956355778616813,0.977594705514849,0.6324554278009288,0.5550988099294322,0.9372030527408522,0.8195975147695487,0.8328432739882706,0.9294117647058824,1.0,0.9127402427368821
1,0.998879591023203,0.9751923458276486,0.650446287766468,0.5914671004661177,0.9602428361455528,0.8352456322457981,0.847652230637304,0.9688235294117646,1.0,0.9127970536758628
0,0.3713926031672921,0.34960826140452345,0.4316853474133355,0.4780342880643557,0.2584170884968693,0.37782751770927525,0.3733386761457995,0.14558823529411763,0.0,0.241191443556854
0,0.4356659600261386,0.32366350918699144,0.4816741967655925,0.5100124426933975,0.3561122142827235,0.42142566459096875,0.41722161560542514,0.3085294117647059,0.2,0.29053253094805104
1,0.8068093339518217,0.7298485548526908,0.5757323532872815,0.5479364535877415,0.6414320008162563,0.6603517392991585,0.666315127100587,0.7097058823529412,1.0,0.720781085449632
0,0.9811359310329943,0.9528604956541615,0.5857520323675359,0.5298829527660582,0.9137701678451225,0.7926803159331746,0.8062350857197135,0.8094117647058823,1.0,0.9087667990666345
1,0.5507214592124247,0.5819598199629968,0.5405876427721997,0.52191476275913,0.47335476152773354,0.5337076892468968,0.5341365969923462,0.5494117647058824,0.6,0.4772796740995154
1,0.2063227461668644,0.27893080033817835,0.44386648202038054,0.4718602055831174,0.25801519605871803,0.33179908603345176,0.32450302598191033,0.09117647058823529,0.0,0.17645369753328768
1,0.9832331321122765,0.9561542367382095,0.5881110710531868,0.5200571580127619,0.9442317015061636,0.7983574598845198,0.8124998384819782,0.8179411764705883,1.0,0.9166927538997032
0,4.36605972557693e-05,0.46156391911400546,0.5026390314140492,0.5146304236348612,0.4594660414470726,0.38766861524144886,0.3800537948422393,0.35352941176470587,0.2,0.22568635459478864
0,0.37284578091118314,0.48271982678023856,0.5129725240135518,0.5034907483365442,0.41849351142017044,0.45810447829233764,0.45533907852571925,0.39441176470588235,0.2,0.3449627733718503
1,0.4935283278195069,0.7069567545104412,0.6087425218055993,0.5483369358195334,0.5522946608088164,0.5819718401527794,0.5825879781808707,0.6758823529411766,0.8,0.5233904040967445
1,0.9999131647619431,0.9572412563560824,0.5334311331404641,0.5593269263070794,0.936587789588634,0.7973000540308406,0.8109550979568386,0.8314705882352941,1.0,0.9171887523790344
1,0.9774611150143362,0.9217431343904435,0.531087313608032,0.5019040394258655,0.8803301237846783,0.7625051452446711,0.77647273221434,0.6541176470588236,0.8,0.9041595115203441
1,0.30444423240184454,0.43780485216744963,0.4815883918166399,0.47868862898975956,0.3419312368168201,0.40889146843850277,0.40490975377120375,0.23970588235294116,0.0,0.27528849733157523
0,0.15719064892694867,0.5964999127635399,0.520407839970922,0.5009131480543393,0.372418183743729,0.42948594669189577,0.4247546025052591,0.36176470588235293,0.0,0.2697698695426843
1,0.9727602903854587,0.9430259687921149,0.5700427996418763,0.5398565820205077,0.90906626390891,0.7869503809497735,0.8000975327083938,0.7967647058823529,1.0,0.9053619472680667
0,0.3257375335638914,0.35808967552488125,0.4491252584734687,0.4739830486012331,0.23816218421057278,0.3690195400748094,0.3638291992741764,0.13176470588235295,0.0,0.21768201442602356
1,0.9557467643216149,0.9454461535361837,0.5425110871804215,0.519979725261507,0.9457810568413988,0.7818929574282252,0.7959009585988043,0.7576470588235293,1.0,0.9151079122823845
1,0.9693091037469661,0.9451632675037352,0.6096311275971235,0.5692111844410964,0.9157896399417306,0.8018208646461303,0.8139706645938102,0.8544117647058822,1.0,0.9003219669047531
0,0.9938281348706625,0.964174193531749,0.5586539665224729,0.5483927133004224,0.8415532892682038,0.7813204594987021,0.7941884438320662,0.7988235294117647,1.0,0.8951815529518892
0,0.5810139259454653,0.5419143763057841,0.5642923299219814,0.5787090913578573,0.47136076328691584,0.5474580973636007,0.5461848410784237,0.6261764705882353,0.4,0.4524031600581062
0,0.17851802063451208,0.36655860538049384,0.4719052672433805,0.4691447460600033,0.3252504037265302,0.362275408608984,0.3560700771246669,0.1535294117647059,0.0,0.21193867340336972
1,0.3927840792588759,0.5673561127836136,0.49022843381206466,0.47485287533157,0.4712463409852934,0.4792935684342835,0.4790917409306313,0.34441176470588236,0.0,0.42701005181714863
1,0.9513281182647777,0.9741463651476877,0.5501334359302453,0.49990680872976384,0.9050488958601514,0.7761127247865252,0.7904589029748077,0.7205882352941176,0.8,0.9105902813706256
1,0.6073032343519811,0.6293657202301409,0.5284165438605736,0.5433720758591558,0.41086694321346956,0.5438649035030642,0.5444692215813911,0.5644117647058824,0.6,0.47299921365807124
0,0.615247058362043,0.3760540658879004,0.5028475531859694,0.5207438090900511,0.2881199695096706,0.460602491207127,0.45820292740744967,0.37058823529411766,0.2,0.32901164350501233
1,0.5451380253335271,0.9680344873603071,0.4695344697568309,0.44675150118919377,0.8891101979644827,0.6637137363208683,0.6745702670370437,0.4514705882352941,0.4,0.8433561273566351
0,0.17210689569432583,0.3757534455231948,0.43793949522343434,0.4689617433043205,0.209863016641723,0.33292491927739964,0.3258933909497174,0.08794117647058823,0.0,0.16965478078529275
0,0.9250954645919004,0.7297749502570782,0.5965468237822615,0.5377916820942884,0.5301897186446104,0.6638797278740278,0.6704364217619729,0.7197058823529412,1.0,0.7028025290495105
1,0.721500889574298,0.4168751654149198,0.5260512263406013,0.511660343531918,0.28338389650660595,0.49189430427366865,0.49132848923666644,0.40705882352941175,0.6,0.38040518747902974
1,0.9537431829352618,0.973156819853975,0.5822629970089249,0.5233769884460195,0.9312093366739105,0.7927498649836183,0.8065279795498962,0.8211764705882352,1.0,0.9117362625444171
1,0.9997040305700149,0.9665870632595052,0.5387537671811052,0.5271409837954072,0.907470990271323,0.7879313670154711,0.8022110899963522,0.7852941176470589,1.0,0.9150972389660452
1,0.7375427983251841,0.6798589528847535,0.5315017641641725,0.5247309594779206,0.4940163418337513,0.5935301633371564,0.5975940875366902,0.5911764705882352,1.0,0.6069971457055607
1,0.9561476164960229,0.9748773021783382,0.5802260588585467,0.5736185488159119,0.9354851097842802,0.80407092722662,0.8166454716139743,0.8841176470588236,1.0,0.9079828805263028
0,0.5443272230534757,0.8692390939595448,0.6092198936867553,0.5061962708422086,0.4858777195379825,0.6029720402159934,0.6064526687203713,0.615,0.8,0.5706448490183811
1,0.9597356317114646,0.9519113902031937,0.5270187920794106,0.511814297728982,0.8978838292884513,0.7696727882023005,0.7836718709329955,0.6870588235294117,1.0,0.9081122362294749
1,0.9809040123459897,0.9073339890021241,0.47945483979520037,0.5074090228742109,0.7491537300371486,0.7248511188109348,0.7376922522490217,0.588235294117647,0.8,0.8722307968696977
1,0.9891805101269909,0.9717190974481706,0.5031100470911563,0.49868597843376056,0.8911060848113976,0.7707603435822953,0.7857945728979188,0.6570588235294117,0.6,0.9160565563985348
0,0.26132479702778083,0.3475578494622427,0.466611806394492,0.490206491475484,0.33624785439300225,0.3803897597506004,0.37463622634424604,0.20470588235294115,0.0,0.23411017197985565
1,0.818272165702612,0.9246526006067257,0.48724479838283513,0.4716913153282121,0.8309185394280357,0.7065558838896842,0.719136778372912,0.49000000000000005,0.6,0.8710496698172517
0,0.22563664121951085,0.34990253892881923,0.42410072129570703,0.45367552565386543,0.24371139288309215,0.3394053639961989,0.33359574458446484,0.07588235294117647,0.0,0.19677425593726797
1,0.9644188009771151,0.9060975982897007,0.5472654023631319,0.5023525763980933,0.880252428173569,0.7600773612403221,0.773584505532605,0.6655882352941178,1.0,0.898905364311106
1,0.7015012329010643,0.9701088976984149,0.5532710566242737,0.528337180519611,0.8913402638979475,0.7289117263282623,0.7391149761983192,0.728529411764706,1.0,0.8573580831519763
0,0.18520666123884935,0.29105718546781334,0.4726122919982194,0.47005952040434495,0.30642423593389306,0.345071979008624,0.3379363883645227,0.12823529411764706,0.0,0.18909833308498403
1,0.9972234391508686,0.9768026680345726,0.5398019537421189,0.5253181672223103,0.9072745747198608,0.7892841605739462,0.8036799993664925,0.8014705882352942,1.0,0.9159068400062048
1,0.3131127850536437,0.414328718295671,0.4620792833961626,0.4705378521510934,0.34897291239584566,0.4018063102584833,0.3980977615416572,0.19941176470588234,0.0,0.28117829305053044
1,0.9973897683658581,0.9684321339686252,0.5498276946447546,0.5557095912961031,0.9380158373036916,0.8018750051158066,0.8156112929781129,0.8547058823529412,1.0,0.9175876748914611
1,0.9918966695407301,0.9741352059528007,0.4852649357154972,0.5083289645515573,0.8677044347532163,0.7654660421027604,0.7802145533781294,0.6588235294117647,0.8,0.9120443938401485
1,0.8536921298686838,0.9756858076153901,0.551832008286005,0.5348281863134684,0.9055886115952174,0.7643253487357529,0.7765184465128971,0.7808823529411765,1.0,0.8912130906765597
1,0.9968743445905037,0.9696658172751231,0.49733678321436353,0.4929861856330657,0.9142025637859267,0.7742131388997965,0.7897294986227814,0.656764705882353,0.6,0.9223192913321181
1,0.9958841572556808,0.9292798134642309,0.6104185669931894,0.5442183756156868,0.8790599141703733,0.7917721654998323,0.8043927140292857,0.8197058823529412,1.0,0.8967242292632941
1,0.9546063475655236,0.9690536244620694,0.528476662185759,0.4827919568263104,0.9205365192676961,0.7710930220614717,0.7861679946514121,0.6576470588235294,0.8,0.9169404321459486
1,0.8544942721429191,0.9734353644801349,0.5211841750669463,0.5010644010250428,0.910935426121811,0.7522227277673708,0.7655438246358586,0.6661764705882354,0.6,0.8989682713583967
0,0.6751209832439664,0.45313013756947246,0.5102844759269068,0.5301765152625966,0.38358180460353086,0.5104587833212946,0.5102552268852215,0.47705882352941176,0.4,0.4336673058557604
1,0.48181467423186364,0.4895614405207742,0.5145300281500402,0.5226970939289743,0.4312702101108417,0.4879746893884988,0.48629198217054725,0.46529411764705875,0.2,0.3941243461832701
0,0.2069464700673703,0.7046850949857091,0.6107992873448901,0.5087552387444955,0.6986442302584374,0.5459660642801805,0.5452662415613893,0.5632352941176471,0.8,0.5039571485688286
1,0.7224607422038264,0.7519202701241783,0.5798372827900017,0.5413622029110695,0.6306602517519962,0.6452481499562144,0.6504063382141048,0.6958823529411765,1.0,0.6909320429237221
0,0.24223767058382886,0.25462801964659776,0.4081473872712656,0.45870236743638504,0.2529680232240335,0.3233366936324221,0.3167844241776438,0.06705882352941175,0.0,0.18613095207039174
1,0.15365361881384876,0.5069444991616789,0.49095086914854164,0.4965409807826214,0.3574208688884422,0.4011021673590266,0.3955415961196153,0.2852941176470588,0.0,0.24359437875517095
1,0.9523896783688549,0.9344368000773923,0.6026342352238304,0.5524864312251093,0.937057224663994,0.7958008739118362,0.8083016919435115,0.8397058823529411,1.0,0.9037818731722115
1,0.99999147961623,0.9637179548884737,0.5474872877261637,0.527249731573031,0.9058795257573885,0.7888651959122573,0.8030392937796178,0.7958823529411765,1.0,0.9139090396119094
0,0.10163561111440572,0.3747825713179846,0.44927131299435746,0.4795700587592819,0.25921344975975424,0.3328946007891568,0.3250559669019948,0.11441176470588235,0.0,0.16684301579632976
1,0.8228277737193327,0.665231020727554,0.5908101472869564,0.5454471612369326,0.5974637169725175,0.6443559639886586,0.6493783397742783,0.7070588235294119,1.0,0.681990382599204
1,0.9331781572182157,0.9633559215818951,0.5829586481362617,0.5366993584381252,0.9271546701065597,0.7886693510962115,0.801688500397616,0.8155882352941177,1.0,0.9051910601661163
1,0.18519732091794885,0.5968333043300728,0.49220397579864716,0.48509587674943083,0.38069487648778066,0.428005070856776,0.4243225010696117,0.3041176470588235,0.0,0.29342457437406
1,0.9976876930881722,0.9753525811181293,0.616810111599516,0.5943215814587834,0.9514198155910764,0.8271183565711354,0.8395881631537018,0.9544117647058824,1.0,0.9127753617147571
0,0.3311127422890839,0.4506496236889106,0.5053004232767971,0.489678880617295,0.3672968160493424,0.4288076971842857,0.42509381622038195,0.3123529411764706,0.0,0.2951900340852536
1,0.2935907281716711,0.5221525799108422,0.49172991707170505,0.47088099217234597,0.4187116787391985,0.43941317921315254,0.4370513258991758,0.29411764705882354,0.0,0.3389993756412915
1,0.9978626260893656,0.9286227410874314,0.5711565374596669,0.5200952586131855,0.885192019685893,0.7805858365871085,0.7941830423591544,0.7588235294117647,1.0,0.9042271864131913
0,0.43133703083100156,0.3389054176938024,0.4539868314465627,0.48929559023612956,0.32303326456065057,0.4073116269536293,0.40363658601675034,0.215,0.0,0.28565030102132105
1,0.9587683497529668,0.9651156824874546,0.556375210707547,0.5050618277745396,0.9298601426435781,0.7830362426732173,0.7974364852024867,0.7411764705882353,1.0,0.914931506995794
0,0.5685428329341359,0.5746389269220366,0.5475866148582061,0.5232519747282569,0.4182179728868079,0.5264476644658886,0.5264256718403619,0.543235294117647,0.4,0.44457383007918344
0,0.030680066434742487,0.2797495037364967,0.45920729990104975,0.4514930684115867,0.31299528356806555,0.30682504441038827,0.2982209999131503,0.07676470588235294,0.0,0.15523747080051042
1,0.8519111500376731,0.9603337712569084,0.49398136468202053,0.4758255531894122,0.8947879289302905,0.7353679536192609,0.7492094381054883,0.5414705882352941,0.6,0.8981390922902935
1,0.3667295307119096,0.45927758832032706,0.4851915663596109,0.47441874258879424,0.3551096375550744,0.42814541310714327,0.42540416875089476,0.26411764705882346,0.0,0.3121318194822355
1,0.7099511410710869,0.636787503049073,0.5380715918845561,0.5389092219435883,0.5549362365377559,0.5957311388972121,0.5991356203720843,0.6238235294117648,1.0,0.6138987749135242
1,0.9986616481784673,0.9707828146835159,0.596584009804274,0.531757722302801,0.8872556820571799,0.7970083754052475,0.8106076226911677,0.8400000000000001,1.0,0.9065825111251838
1,0.9999917950448648,0.9353754241113892,0.5668215004389733,0.5149030737471415,0.885797895902015,0.7805779378488767,0.7944459344547519,0.7614705882352941,1.0,0.9063765175689996
1,0.38169077162387194,0.5871881193812271,0.5214481623308131,0.5054843958640567,0.4360763049128414,0.486377550822562,0.4849017683559013,0.44558823529411756,0.2,0.3902325586138916
0,0.3456946623951187,0.33255809075198073,0.4520466292114693,0.5057258927867556,0.3105301614989187,0.3893110873288486,0.38393630620286173,0.22676470588235292,0.2,0.2439913141265611
1,0.7838809228244515,0.7462127931315253,0.5854339628180182,0.5917991603655728,0.5962743828089098,0.6607202443896955,0.6649320025312367,0.733529411764706,1.0,0.678070436283342
0,0.19717938719875494,0.37747235055286277,0.4511505025810772,0.46225519815922045,0.3082675234307052,0.3592649923845241,0.35358069172101625,0.12323529411764704,0.0,0.2169856402864825
1,0.7827049523989009,0.7216631729597358,0.6056932523017445,0.53364151023671,0.6865560083666943,0.6660517792527572,0.6722049495074932,0.7085294117647059,1.0,0.7323428275292888
0,0.07538275895077146,0.3937859765270053,0.48772526254110665,0.49944117841321084,0.2895034840994677,0.34916773210631236,0.3406958748549392,0.21029411764705883,0.0,0.16690869421168747
1,0.9116756905769997,0.9728875117988206,0.5776057979814474,0.4999138194090548,0.9295940827685297,0.7783353805069704,0.7921979171692112,0.7526470588235294,0.8,0.9080321417465282
1,0.4927272170314528,0.6569729480684536,0.6109342983440984,0.5196649485284848,0.4927839784254539,0.5546166780795886,0.5548577846629018,0.6129411764705882,0.8,0.47556055270738984
0,0.5889204932281821,0.6767954708798706,0.5446222605400319,0.5046626003791129,0.45081204219576493,0.5531625734445925,0.5553096031198601,0.5347058823529413,0.6,0.5164922029470334
1,0.4867456129117518,0.40076019558516934,0.532929926010454,0.560807661225295,0.43391628587986736,0.4830319363225075,0.47936436961860357,0.5088235294117647,0.4,0.35419445182448056
1,0.937552702747638,0.8493101961950646,0.5365867617341151,0.5227935782869478,0.8711685848930145,0.743482364771356,0.7554917494875197,0.6758823529411766,1.0,0.882693329621475
1,0.20237022682604996,0.461512729713861,0.44303619166944247,0.4468586745030633,0.3244630641084785,0.37564817736417905,0.37154204058717866,0.14764705882352944,0.0,0.2516850426697901
0,0.4689775725324426,0.5131359291176786,0.5064986785744022,0.535842828467486,0.3890746758742021,0.48270593691324226,0.4804290238149706,0.4697058823529412,0.2,0.36757927731698725
1,0.9950952278172491,0.9717258702053694,0.5407793012090155,0.5221402250394401,0.9361053712752329,0.7931691991092614,0.8078298137861541,0.7994117647058823,1.0,0.9210577426485611
1,0.443640485753529,0.4046130698946775,0.4507131346596145,0.49780937146773047,0.22739573393465262,0.40483435914204086,0.40092604966733186,0.22088235294117647,0.0,0.2561239734226684
0,0.7569445288611346,0.5352138630850064,0.5181535646185077,0.4957306708207178,0.47244152243707244,0.5556968299644878,0.5591017001071455,0.4697058823529412,0.2,0.5656661855051436
0,0.4121865432233672,0.36895900592304326,0.5221311891927002,0.5551609013883595,0.3865882643886865,0.4490051808232313,0.44381595936518203,0.4485294117647059,0.2,0.29200489974190846
1,0.3823474384903667,0.4109918429088996,0.4578297039261843,0.4652082432944468,0.3706904923619052,0.4174135441963605,0.414930723150809,0.2111764705882353,0.0,0.32046894991167757
0,0.5818988405314521,0.5547903538461443,0.5212583704443984,0.5061024081558575,0.41020628200793247,0.5148512509971569,0.5153417967795806,0.4661764705882353,0.2,0.44961122471775034
0,0.3230785017074016,0.4646531920245251,0.50151023563861,0.495256712003526,0.4237155968607161,0.44164284764695577,0.4383871451967071,0.3426470588235294,0.0,0.32730333414873614
1,0.9734717415724813,0.8934441574672555,0.5703429260858458,0.5192095555453643,0.9091769889593994,0.7731290739260692,0.7862891665248843,0.7461764705882352,1.0,0.9019305749262556
1,0.9146124923021173,0.9338477165872708,0.517982171497832,0.5102610789166918,0.894639779412811,0.7542686477433446,0.7675669181202083,0.6452941176470588,0.8,0.8990564149527892
1,0.6571036624717409,0.4252436004578614,0.5307641880124784,0.5825109444537778,0.44107503796498776,0.5273394866721692,0.5256408142774399,0.5544117647058824,0.6,0.43273185643165246
1,0.8900662458507864,0.9326307995658313,0.5750159323175966,0.4832800423748413,0.9051285132816571,0.7572243066781426,0.7705980680667471,0.6514705882352941,0.8,0.896187286220698
1,0.7850064839243993,0.9641256820631804,0.5127659616410827,0.48321806425109504,0.8627598561495035,0.7215752096058521,0.7339742039399244,0.5635294117647058,0.6,0.8756802711246833
1,0.7504375784364635,0.7224677945457737,0.583852519894332,0.5729144098625575,0.668395166180975,0.6596134937840203,0.6643202956442312,0.7264705882352941,1.0,0.7046403630850768
0,0.6448955354239491,0.611656830188902,0.5341701714741721,0.5374527060934446,0.6174136174959296,0.5891177721352795,0.5920684346508898,0.6123529411764705,0.6,0.6186381966608009
0,0.09460366685884299,0.34495602562819344,0.4341555803296964,0.4692821223355801,0.27901349092331745,0.3244021772151261,0.31671169482361505,0.08147058823529413,0.0,0.17040653172257317
0,0.9166474996415541,0.9350126531880951,0.5288420951114007,0.49698795728986916,0.8609214080226592,0.7476823226507155,0.7609724428485248,0.6170588235294119,0.8,0.8919561302807446
1,0.5460175017249945,0.5287051416433025,0.5268063662928171,0.5056445062384781,0.43143956623420493,0.5077226164267594,0.5076448672222261,0.4673529411764705,0.4,0.43786137555572047
1,0.6954413297584262,0.5108032332504351,0.5761028086632859,0.535071602143182,0.4450246836746858,0.5524887314980029,0.5531573386455118,0.6020588235294118,0.6,0.48699585249948835
0,0.24184359780246567,0.30413238110881075,0.46092240151466046,0.4658841258986573,0.2874098031588461,0.352038461896688,0.34578220694776474,0.12,0.0,0.20232377770557625
1,0.42359598603894383,0.7690582126545745,0.5848807759003125,0.5309526820593304,0.4573443803717367,0.5531664074049797,0.5532776321565483,0.6108823529411765,0.6,0.4614379366847014
1,0.5263701061206251,0.5357468483375994,0.5793024255281397,0.5181485880787257,0.5026408822573526,0.5324417700644885,0.5321654215769326,0.5729411764705883,0.6,0.46304234792796883
0,0.14702587315414142,0.3396214723870896,0.4447933405837679,0.4595084541799266,0.24719153058940382,0.3276281341788659,0.3204352915892416,0.07058823529411765,0.0,0.17122883789853077
1,0.9985889535048389,0.6937035346933288,0.506870739958691,0.49315892737201233,0.35678258752233843,0.6098209486102418,0.6170910238596914,0.5088235294117647,0.4,0.6499372457832333
1,0.797934526586304,0.9344662448067753,0.509192211815069,0.47779039124024286,0.9157588220996774,0.7270284393096138,0.7399388110470876,0.5591176470588236,0.6,0.8894389805869475
1,0.5527855372819293,0.6779177796286722,0.5618911696318506,0.5274906414285762,0.637373654589851,0.5914917565121758,0.5942244828249814,0.6302941176470588,0.8,0.6110805595714706
1,0.9022604661516405,0.9291129244661477,0.5166031215919343,0.49159096356480575,0.901234156566027,0.7481603264681109,0.7618063811255359,0.5979411764705882,0.6,0.9003586437177871
1,0.8634106497232383,0.9672868170400005,0.5351980330318805,0.4938172455995322,0.9047663008385812,0.7528958092466466,0.7662986031867102,0.648235294117647,0.8,0.8979379634233626
1,0.6570693065354974,0.5511062666052046,0.5081349773890954,0.5215930685261551,0.4871992385067761,0.5450205715125457,0.5468484157976622,0.5138235294117648,0.6,0.5303338005107405
1,0.08449443462294622,0.2823613638081794,0.45818111386452437,0.4575580656963465,0.24126422240688897,0.3047718400797771,0.29606288258358265,0.05588235294117647,0.0,0.14292771269522073
1,0.8803633971685279,0.8899572005281547,0.5318835339852667,0.4818752080375115,0.8956364527525832,0.7359431584944087,0.7489814622620378,0.5829411764705882,0.8,0.8902758289320432
1,0.7934689664436755,0.9425517770483515,0.5174908120488019,0.49327067227543825,0.8796926308874949,0.7252949717407524,0.7374356179832035,0.5800000000000001,0.6,0.8771241002377193
0,0.3204099590772494,0.2544211928957903,0.41830842300771326,0.48006865591274567,0.2400697912133151,0.3426556044213628,0.33635759877160293,0.10705882352941176,0.0,0.19675246055725293
1,0.37732530756804766,0.4341697657818213,0.5674031315460003,0.49122456847036594,0.49762143374761897,0.4735488414227708,0.47100336104642176,0.43500000000000005,0.4,0.37269209291377
0,0.8864847757562196,0.9735751516559349,0.5614847713879626,0.5297292569083387,0.8921507490096392,0.768684940943619,0.781215984349209,0.7697058823529412,1.0,0.8929964513861302
1,0.4778381590854351,0.5758685403486271,0.521211404875143,0.5101388540968106,0.5026233516234039,0.517536062005884,0.5176793023499648,0.4897058823529412,0.4,0.47001702643758436
1,0.9487271721261329,0.9697797690511653,0.6356347033325601,0.5102114258797759,0.9690036852541931,0.8066713511287654,0.8206750613622972,0.8361764705882353,1.0,0.9162945288423304
1,0.8815204495718615,0.9636225806121329,0.5391769437167414,0.5181442877142888,0.87792061070586,0.7560769744641769,0.7687603271244964,0.6944117647058823,1.0,0.890492048826901
1,0.8796996685688244,0.9753823761372226,0.5253256150038604,0.4881231983229517,0.9247629370391849,0.7586587590144088,0.7727623170322583,0.6647058823529411,0.8,0.9074880381783161
1,0.4073820653124605,0.40305513971609747,0.47794359235047706,0.4907271768147254,0.3928260620688943,0.434386807252531,0.4315443618165814,0.29029411764705887,0.0,0.3296810001446824
1,0.9725821822688342,0.9222177301805243,0.6104291585828133,0.5032374527110056,0.9350396237849065,0.7887012295056168,0.8025385084947686,0.7647058823529412,1.0,0.9098267106933222
0,0.6404525664350026,0.4739392718807624,0.5114271125296422,0.4932829760895074,0.37872545750811565,0.499565476888606,0.50004639351415,0.3967647058823529,0.0,0.43385170701614945
1,0.8044783576751353,0.7194824404293304,0.5362119455764245,0.5495927282723017,0.606131841463918,0.643179462683422,0.6489018674597408,0.6614705882352941,1.0,0.7043811814373993
1,0.9637774165924947,0.9756853954904564,0.5502016317764061,0.5298164370022084,0.9421215431065072,0.7923204847936145,0.8064125414276628,0.8294117647058824,1.0,0.91714577334432
1,0.9096526947666712,0.9727563557123623,0.529713766366768,0.4983306048148371,0.9184749678505101,0.7657856779022297,0.7798906641697084,0.6858823529411764,0.8,0.9088401248806753
0,0.16865698221303063,0.42042331043802283,0.46340916167783613,0.46711539205627345,0.3753127457364674,0.3789835184243261,0.3738118672400032,0.17941176470588233,0.0,0.24690997220565514
1,0.8445626918946118,0.9723093016658956,0.5366034871649092,0.5089207141364557,0.9011447624959571,0.7527081914715658,0.7654860278770078,0.6941176470588235,1.0,0.892571457698427
0,0.2134892546394298,0.4467523424252044,0.5113637314601123,0.4783451450305512,0.31889148668078393,0.3937683920472163,0.38829984680625623,0.2461764705882353,0.0,0.2307736463336569
1,0.24643450449364604,0.16333801978922155,0.39968736867827687,0.46810072812898595,0.13791125319743466,0.28309437485751304,0.27434967477368793,0.0588235294117647,0.0,0.12992661515200812
0,0.18142714648174793,0.2627005331681378,0.4374454825812768,0.45755129207415357,0.28924744097195865,0.32567437905545493,0.31859448870422385,0.07235294117647059,0.0,0.18236139912735105
1,0.9999999382088273,0.9515035570766521,0.5933457932279624,0.5727255025973516,0.9473713718021127,0.8129892325825813,0.8259197496660757,0.9070588235294117,1.0,0.9134925323785938
1,0.13484019649170664,0.34044715984716173,0.46743942603401156,0.47310768499185346,0.3392584476771264,0.35101858300837196,0.34403128656383475,0.145,0.0,0.19922294896791057
1,0.4288946016476209,0.5598508050446704,0.4986669473585355,0.49839545738299135,0.5044684786677762,0.4980552580203189,0.49787744740823403,0.4170588235294117,0.2,0.4526745870120936
1,0.9857950949808627,0.9690973647512546,0.5860380306116276,0.541696890848201,0.9434049647621799,0.8052064691908252,0.8189643358899491,0.8702941176470589,1.0,0.916203845260062
1,0.2670333951681389,0.3870563108227663,0.44839190148644786,0.4629307528130467,0.28807975995017876,0.3706984240481157,0.36582641113038183,0.13323529411764706,0.0,0.23192312376166668
1,0.8602168587185787,0.9105685572012909,0.529538425615237,0.502614690268108,0.8986607853402887,0.7403198634287007,0.7528257556514428,0.6255882352941177,1.0,0.8878228091437902
1,0.7544286034602511,0.8113951132699357,0.5568317385399044,0.554558084916549,0.6582391988137765,0.6670905478000833,0.6733736164620033,0.6988235294117647,1.0,0.7345816034502463
0,0.3330390549698119,0.45177824842278574,0.5171632882317714,0.4945943692237369,0.37996229892150396,0.435307451953922,0.4315389720876702,0.3426470588235294,0.0,0.29977646307142813
0,0.5935821160555803,0.5592400027568479,0.5203452096054326,0.49848088700822085,0.4981437939191187,0.5339584018690401,0.53567724083221,0.4738235294117647,0.2,0.5169691473991486
0,0.480258191766602,0.588460165033926,0.5018314401625666,0.5315197468200443,0.3616483969838323,0.4927435881533942,0.491307756049103,0.46617647058823525,0.2,0.3816228701815164
1,0.7633639798121612,0.7700968092579322,0.6201454050296026,0.525526214467741,0.7185642837760252,0.6795393384686925,0.6863753163925914,0.7108823529411765,1.0,0.7541659043143922
1,0.999999999900532,0.9743076640500122,0.594208806130548,0.6123504120713434,0.9110759541937168,0.8183885672692306,0.8301860940442097,0.9235294117647058,1.0,0.9037686482268106
1,0.8788836936920087,0.9740850734737291,0.5512268984849569,0.5092476289845677,0.9102059048370341,0.7647298398944593,0.7779425163519902,0.733529411764706,1.0,0.8995305527860152
0,0.36889308271750915,0.45520691487639753,0.445686697345319,0.4540102222875293,0.3102164763966349,0.406802678724678,0.40442970261659233,0.17852941176470588,0.0,0.2993722242590763
1,0.9190898568131601,0.9690526026275923,0.5420905993207414,0.5048669900253046,0.9185273582646243,0.7707254814102845,0.7846562752488273,0.7126470588235294,1.0,0.9082469197683528
1,0.9993212647834588,0.9626286281189983,0.5947891993693748,0.5906553996431794,0.9611807334457402,0.8217150450721503,0.8344094120265408,0.9226470588235294,1.0,0.9155163321714004
1,0.9810842017592728,0.9558717380249755,0.5435906372675382,0.5238224018702154,0.9124255708159329,0.7833589099475871,0.7973836236753576,0.7591176470588235,1.0,0.9123744455937156
0,0.1748937509717854,0.2662885384887443,0.44090783490285856,0.47502796093331573,0.265570786351173,0.32453777432957537,0.31671133681144975,0.0885294117647059,0.0,0.16860854798968072
1,0.9639158785839236,0.9757815626943637,0.5584070938342102,0.5350657050105952,0.937496022126076,0.7941332524498337,0.807991037523083,0.8426470588235293,1.0,0.915172735101707
1,0.8909163666516208,0.9629398083875849,0.550125583082949,0.5200294266299391,0.875092903128798,0.7598208175761784,0.7724657938112452,0.711470588235294,1.0,0.890157023538752
0,0.06200843823240454,0.2103194229043277,0.38874269885792073,0.458359429942018,0.21754012945688916,0.267394023878712,0.257861957018819,0.01911764705882353,0.0,0.12629518649573598
1,0.6486800411974999,0.7443453350332171,0.5527942429066242,0.5261206429854499,0.4802947603871191,0.5904470045019821,0.593748709257557,0.6158823529411765,1.0,0.5763489033908431
0,0.20725493552400365,0.44948468209713144,0.44902930649795825,0.4770804988426745,0.4227548479013051,0.40112085417261456,0.39704329696754215,0.21882352941176472,0.0,0.29278060539792733
0,0.23585018776580377,0.3002706022244704,0.41167941843961,0.4618113687359515,0.2251809210762282,0.3269584996484127,0.3204478596363479,0.06735294117647059,0.0,0.1816752560584451
1,0.9302574359376002,0.7932763857046278,0.545029724610946,0.519268927194762,0.4560033590574029,0.6487671665010678,0.656215579546463,0.6305882352941177,0.8,0.6960158993382907
1,0.9193821788148204,0.9736654233293662,0.4865082571509311,0.49167528336356153,0.9094535040265043,0.7561369293370366,0.7707655852823903,0.6138235294117648,0.6,0.9121216139813872
1,0.8663630612870298,0.8276915966609919,0.5748084405597033,0.5674025353781212,0.7789057976107214,0.7230342862993135,0.7316041448307163,0.7458823529411764,1.0,0.8215650552375526
1,0.9430366054386622,0.9346863745674434,0.5775468138542023,0.5446417515068362,0.928543471972732,0.7856910034679752,0.7983729862133903,0.8076470588235296,1.0,0.9031495041914834
1,0.9998740791021002,0.9719443784131628,0.6546903000874652,0.580987626832344,0.944318745217931,0.8303630259306006,0.8428411437239265,0.950294117647059,1.0,0.9099929224661721
0,0.31711829668562713,0.5982923072613061,0.5223986055974837,0.490686795160546,0.4233431400289382,0.47036782894678025,0.46844061576493556,0.395,0.0,0.36316837949481423
1,0.08662486799847408,0.19322067346150915,0.4006651828932382,0.427930081828856,0.18473685701600795,0.2586355326396171,0.249636892231165,0.009411764705882352,0.0,0.1223065757956498
1,0.28107744785399064,0.37055307650823255,0.45788210394977935,0.4888556234889801,0.2819180116206756,0.37605725268433166,0.370390043930818,0.17735294117647057,0.0,0.22216687227858437
1,0.9518102616972262,0.9645355136244985,0.5695523737862319,0.5462959623017318,0.8945897458043833,0.7853567714428145,0.798165672365577,0.7991176470588235,1.0,0.9006054591981706
1,0.45913550677357123,0.47531537574945254,0.4650532167028379,0.5052624382037676,0.347501267044333,0.4504535608947925,0.4483376454526743,0.32823529411764707,0.2,0.3437780186372049
1,0.5609302255517203,0.5923088519294208,0.5354150575804062,0.5241156030176262,0.4323577047913041,0.5290254885740955,0.5292903850817343,0.5394117647058823,0.4,0.45872730542703777
1,0.696640248183895,0.7210449012562054,0.5516746891938008,0.5595170434681573,0.5195273950633635,0.6096808554330844,0.6128557267234375,0.666470588235294,1.0,0.6041550391551255
0,0.23973100204407272,0.3379546135126105,0.4261793477124458,0.4727889082588817,0.3080966653096968,0.3569501073675415,0.3512860938315415,0.12117647058823529,0.0,0.2219829874241798
0,0.09248679317152463,0.395824432790691,0.4429199288072729,0.46350643568097954,0.30516558111189157,0.33998063431247194,0.33314405246386386,0.10617647058823527,0.0,0.19031636107665958
1,0.5241077491734785,0.6247520159626556,0.5687828065269518,0.5421088005839695,0.5503334484771439,0.5620169641448399,0.5625648101570994,0.635,0.8,0.5182679316887852
1,0.9477205005446825,0.9125232164527374,0.5697430116354202,0.5314158828456664,0.9517075405107006,0.7826220303978413,0.7957421323071138,0.7961764705882353,1.0,0.9085441485957748
1,0.7013307006389066,0.4968138801203503,0.5740908326412867,0.5102708735604934,0.5510968139767288,0.5667206201875532,0.5689700326508532,0.5776470588235293,0.8,0.5631351758290545
0,0.12812285304103574,0.3346022116588172,0.4526253155254014,0.4865182683981106,0.33586450846772675,0.34754663141821834,0.34013250560617664,0.15058823529411763,0.0,0.19389001961996036
0,0.5740444530801826,0.45735537833769646,0.49272141925388463,0.4849489153208697,0.35283559261442293,0.47238115172141126,0.4719347379040518,0.3326470588235294,0.0,0.3896130935419667
0,0.1884785515789543,0.3751923894999565,0.4626929959136194,0.48329887330004956,0.29418145950875746,0.3607688539602675,0.35418821340732165,0.16088235294117648,0.0,0.20157808575906866
1,0.8242574860748498,0.9043269945222439,0.5440185220177122,0.5363952464430183,0.8069108730341122,0.7231818244183873,0.7333175410193328,0.69,1.0,0.8451490219894193
1,0.9999054699767389,0.9773769082780541,0.5902304444612572,0.5920312728639335,0.9738140337202909,0.8266716258600549,0.8396463906504896,0.9623529411764705,1.0,0.9197964549056702
1,0.9782272724180899,0.972016203550928,0.6171725286214212,0.5806520106907722,0.9259390966115163,0.8148014223785456,0.8270992915131155,0.9029411764705882,1.0,0.9054108101655074
0,0.3458498425866818,0.44578582181511023,0.5049191136351437,0.5224227606660805,0.3519119039827601,0.4341778885371553,0.4296073058552999,0.3791176470588235,0.2,0.2821847347532478
0,0.30454673129338233,0.694299743171587,0.520667151463563,0.4838881969075759,0.4476447508791379,0.49020931474304924,0.4895686004142964,0.4023529411764706,0.2,0.4064751665511247
0,0.27080660107112364,0.385013848164622,0.4590503205961114,0.4635014536185369,0.32942915364870223,0.3815602754198192,0.3770141203449633,0.16117647058823528,0.0,0.25085919667306367
1,0.9999848618892088,0.9170049598040894,0.5824958664147135,0.5420954134344391,0.9292782440530738,0.7941718691191049,0.8074342980608621,0.8452941176470589,1.0,0.9098073376082182
1,0.9236794733604808,0.9747298316905945,0.5202200274684642,0.5013404839258292,0.9115980215796035,0.7663135676049945,0.780543063784522,0.6849999999999999,0.6,0.9099702342360392
0,0.6970162399394075,0.6628719139056366,0.5268961322247172,0.5164853184195081,0.5209635829413733,0.5848466374861285,0.5887071845923572,0.566764705882353,1.0,0.6047106663231512
0,0.3111499822957001,0.4519074597597073,0.46568454638516005,0.4763788376977152,0.3086390313908268,0.40275197150582187,0.3988658947848916,0.20764705882352943,0.0,0.267330196638809
0,0.4359583542261732,0.4530472215964696,0.4380386097838538,0.45043300907414796,0.24766143704559948,0.40502772634524875,0.40305192818003743,0.16,0.0,0.29157233262020754
1,0.9988000748691243,0.9686389917797907,0.6630056480872027,0.5871056650662115,0.9642525580768497,0.8363605875758358,0.8487595900916531,0.9511764705882353,1.0,0.9125176254025588
0,0.14567349486653736,0.48726343666154276,0.5039752746272198,0.47653617314879027,0.3738286764918146,0.397455411159181,0.3921650160010892,0.25911764705882356,0.0,0.24678784493767236
0,0.2639154173915623,0.39060192427357493,0.4624373247567424,0.4912691601529991,0.3260240189154307,0.3868495690980619,0.38149686401159677,0.2135294117647059,0.0,0.24107790351836003
1,0.4263450792606464,0.4710291274370432,0.4808185862134449,0.5097518840149876,0.31520051978731506,0.44062903934268743,0.4375161021713808,0.3320588235294118,0.2,0.3067046642184901
1,0.7919705699211123,0.9379173987603032,0.5124358137583066,0.46727043523053197,0.8875845071400792,0.7194357449620667,0.7322931527932367,0.5264705882352941,0.6,0.882417809077669
1,0.32621246606897913,0.4324849933522052,0.4578453478199847,0.4911600817803354,0.3381641651743295,0.4091734108391668,0.405219459807652,0.23529411764705882,0.0,0.28043233461011613
1,0.9999428680160752,0.9622754159565639,0.5366962566022228,0.5186023228669652,0.9266768026805133,0.7888387332244681,0.8034920595625067,0.7758823529411765,1.0,0.9195116630367979
0,0.0929630905422039,0.4870442810970365,0.4525459339719215,0.47844870787315025,0.37992280037444764,0.378184962771752,0.3725802233389739,0.20323529411764704,0.0,0.23999399518252754
1,0.47105733262602906,0.6037884831880891,0.5336342644550641,0.49575313160992024,0.4450118511118964,0.5098490125981998,0.5099518405141659,0.46382352941176475,0.2,0.4407085656877579
0,0.14427550509163345,0.39030511474560914,0.47713852788893524,0.48089645375281515,0.3492152473243484,0.36836616976066827,0.3618588049047722,0.19,0.0,0.21443183905643234
1,0.8928353429144115,0.9555587363416264,0.5257268224126203,0.4837671332350295,0.9391841489822514,0.7594144367771878,0.7737198587947558,0.6385294117647058,0.8,0.9107815996733675
1,0.9276341785582001,0.9633425356040123,0.5274997250135797,0.493909868708768,0.8979800448224386,0.7620732705413997,0.7762461341587498,0.641764705882353,0.8,0.9065538353711394
0,0.38513106268105207,0.2959947348192105,0.42716826774509853,0.4783100507233548,0.27538463658801454,0.3723977505113461,0.367693305300951,0.1411764705882353,0.0,0.2411477482527902
0,0.4353541836697354,0.4918670146868666,0.48583100396199924,0.4783878262881663,0.3412469462808923,0.4465373949775319,0.44478972964869334,0.29117647058823526,0.0,0.3394782642169842
0,0.6068032411783014,0.3728330730061273,0.47906906108326736,0.512686529084993,0.3338572858937088,0.4610498380492795,0.4593117273240103,0.3447058823529412,0.2,0.35883763260678814
1,0.48782850985261783,0.3914563103913952,0.4629940639325825,0.48974687081464335,0.3207264657702202,0.43055044415229177,0.42806930197077553,0.2538235294117647,0.0,0.31897571112124046
0,0.5153206911049537,0.5721083529558908,0.5251479778765219,0.4979634496397904,0.3788378844010103,0.4978756711956335,0.49758705326212427,0.4338235294117648,0.2,0.40779081352644947
1,0.862135902096394,0.8052146753181132,0.5996583942007617,0.5798018672921035,0.7075652706400359,0.7108752219094817,0.717984076016447,0.7638235294117648,1.0,0.7795099664070255
1,0.9704151900116703,0.9423804632440071,0.548420972141046,0.5263240148264966,0.9118628032960648,0.7798806887038571,0.7935195214862869,0.7585294117647059,1.0,0.9086009922519501
1,0.9583181465616883,0.9691737644730395,0.5414203924293002,0.5011098231963135,0.8916923530114942,0.7723428959343671,0.7866293453730613,0.6961764705882352,0.8,0.908636955372363
0,0.32524076371917315,0.27050984545946366,0.48373102912862115,0.49350147495780333,0.2705421821977612,0.3687050590925645,0.3621235146423383,0.19764705882352943,0.0,0.2028023140669784
1,0.37208626464180067,0.6458004910180236,0.45925984181996626,0.450591068314747,0.30507546669175517,0.44656262649725853,0.4462234105226145,0.23029411764705882,0.2,0.3531133584064479
1,0.528984495960041,0.40269175964308684,0.5205543523061061,0.5352974806779552,0.3986932650393698,0.47724427072531184,0.4745591074008945,0.4655882352941176,0.2,0.36078014695902627
1,0.942184573903305,0.9750105800448323,0.5655905323478653,0.5346839268408873,0.8740625490835422,0.7783064324440864,0.7912410835189025,0.7905882352941177,1.0,0.8970903820882319
1,0.24068327098537193,0.3777498061375934,0.4991254627323516,0.500038308837441,0.3378141522934051,0.3910822001972326,0.38492045821989906,0.2747058823529412,0.0,0.2284109643303752
0,0.15801907219473382,0.2522090252881888,0.44136834758343807,0.4711628282034508,0.24566539298125858,0.313684933250214,0.3054009918457388,0.06941176470588234,0.0,0.15540419403527717
1,0.990935676468465,0.9669133841710525,0.51104507997262,0.5273565105438566,0.8891232519621131,0.7770747806236215,0.7912601668190203,0.72,0.8,0.9119077455160283
1,0.19133702053885457,0.34601285968257667,0.46688302938128884,0.4643315315365901,0.3205367110378858,0.3578202304354392,0.35167486762603156,0.13470588235294118,0.0,0.21076341071273275
1,0.22524923396382013,0.42010860987255216,0.45644639780968704,0.4766243148331834,0.27949654894098874,0.3715850210840463,0.36603822512742595,0.15647058823529414,0.0,0.21850740248288056
1,0.06581174426411486,0.274849870330719,0.42333466528985647,0.5009455913035458,0.2680872767066371,0.30660582957897464,0.29694153022235703,0.12029411764705882,0.0,0.1429925875439575
1,0.7647393267089667,0.7158564542975304,0.5464185479844182,0.516558845337899,0.48085311458602314,0.6048852577829675,0.6096703480653144,0.5976470588235294,1.0,0.6213914156154322
1,0.798881386131817,0.9516762524365906,0.5830279796389025,0.4917296569438481,0.8940778591633686,0.7438786268629054,0.7559061750029091,0.6626470588235295,0.8,0.8777970818443316
0,0.41669827309376783,0.39758376035872506,0.460025736818195,0.4740957026296863,0.31352626978653164,0.4123859485373812,0.40941711742896986,0.20294117647058824,0.0,0.294590051094319
0,0.3289968534917469,0.45383276143559614,0.48921635416640424,0.4842052381217454,0.2962975201805297,0.4105097454792045,0.40639042115046947,0.25,0.0,0.2618011761884598
0,0.6242238693779453,0.3727376547584243,0.5004110593403289,0.5176570230667695,0.29516798414060197,0.46203951813681404,0.45988310654734016,0.3611764705882353,0.2,0.33705961705710247
1,0.21490590836892864,0.4084300758372594,0.5136617553996131,0.4895193943557561,0.3866144621898729,0.402626319230286,0.3970937212055832,0.2908823529411765,0.0,0.25140538645880983
1,0.26348250202976264,0.2164606057162998,0.4517579444927325,0.45697065826217353,0.23554061983710436,0.3248424660676146,0.317731412915515,0.07676470588235293,0.0,0.1721455644817853
1,0.7994028667876996,0.8255624516166319,0.6208094657120778,0.5543804951042646,0.7934233953708456,0.7187157349183038,0.7265577953097768,0.7576470588235293,1.0,0.8054478118934896
1,0.2791692396452573,0.4155830328467314,0.46163611303292656,0.46331012890823625,0.3209535664407375,0.3881304161747778,0.3839273218110811,0.17029411764705885,0.0,0.256968024597171
1,0.790348425656071,0.5933322844091782,0.6057749133194864,0.5494959162784889,0.5134228201088885,0.6104748719544226,0.6133094206081777,0.6905882352941176,0.8,0.5906528026861099
0,0.8297557673756059,0.8839470409826807,0.5445087934346121,0.5214047279578274,0.5760516674076261,0.6711335994316705,0.6793398769443244,0.6470588235294118,1.0,0.7479600289144026
0,0.12765135863294969,0.3491008160984003,0.46106480794263033,0.48538686585752616,0.24644391432781013,0.33392955257186335,0.32579608836289253,0.12411764705882353,0.0,0.1613578581449407
1,0.32638538641831344,0.6019167393258202,0.5953713716457089,0.48509501895070833,0.6016626750899013,0.5220862382860905,0.5216294977235398,0.5011764705882353,0.4,0.469138395920905
0,0.40142346496126957,0.40280848435021116,0.45705183956577905,0.5141521688835612,0.28094772931849615,0.41127673741586335,0.406840298604754,0.2705882352941177,0.2,0.26325498422646104
1,0.5066114239931502,0.5900053698143374,0.5227680634999193,0.5248768306581875,0.455087419007453,0.5198698213946095,0.5196937926996075,0.5235294117647059,0.2,0.45124018749248584
0,0.5274405692123167,0.49975017694830254,0.5275600712377579,0.5082941952085442,0.4364221821323186,0.499893438947848,0.49923875792738237,0.46882352941176464,0.4,0.42228294380690007
1,0.9998764044541328,0.9679124029496246,0.5408960373308278,0.5061454543939301,0.9210014017479627,0.7871663401752956,0.8021209547709283,0.7605882352941177,1.0,0.9198963257253029
0,0.7623182516009296,0.5879702948061488,0.5315312229067622,0.5501399856998851,0.4161089070378061,0.5696137324103063,0.5716163763210095,0.588235294117647,0.6,0.528591246430939
1,0.4596864332724773,0.7477195302475389,0.554655502847994,0.5123311824411771,0.5440122065095928,0.563680971063756,0.5655352688692126,0.5732352941176471,0.8,0.5399025346855924
1,0.9694516838141821,0.9665718429551541,0.5873295237733765,0.5400731805110203,0.9579797976143758,0.8042812057336217,0.8179721377703567,0.8641176470588234,1.0,0.9167349910894905
1,0.9449237453922582,0.9319073393240137,0.5107228359899464,0.509517773241306,0.7952758192145158,0.7384695026324081,0.751273068677409,0.6255882352941177,0.8,0.8789649755045224
1,0.28721649835525614,0.4820110124068373,0.4957895040360878,0.4760096903933828,0.3818870448487717,0.4245827500080671,0.42120052538761366,0.2823529411764706,0.0,0.30124258872179155
0,0.5049002874252014,0.7056278487731622,0.5641677925198123,0.5361797529083018,0.45662109664676614,0.5534993556546488,0.5539752048911576,0.6091176470588235,0.6,0.4782615526134918
0,0.3509954411467864,0.5773474385336407,0.5030117167048619,0.48143962879035906,0.44123709701406005,0.47080626443794166,0.46963281220849995,0.3588235294117647,0.0,0.38844645398400374
1,0.9323774474062608,0.8903617244138878,0.6246765671911652,0.5780471461970967,0.7644485285228492,0.757982282746252,0.767313535610263,0.8020588235294118,1.0,0.8369426009948079
0,0.16007293947024379,0.30153816651975446,0.44767319359485774,0.45195344301283297,0.2570189698274208,0.3236513424850219,0.31648602610676957,0.06558823529411766,0.0,0.17189980385167275
1,0.9999999410138388,0.9754733655155451,0.5821592494140534,0.5430001603189853,0.9436305232859571,0.808852647909676,0.82285663434264,0.9132352941176471,1.0,0.9189455335088637
1,0.960829097792843,0.9723479616501985,0.5576117198899723,0.5074056998185704,0.8763364111819186,0.7749061780667006,0.7888383491050253,0.7314705882352941,1.0,0.9040712693818252
1,0.5346149411143214,0.7053486056864826,0.5754628138383961,0.5043394117143133,0.44026691187385336,0.5520065368454734,0.553457441022748,0.5576470588235294,0.6,0.48856415551390214
0,0.9843067899994726,0.9440448412389405,0.5410305012735622,0.5218334633785714,0.8725481826540076,0.7727527557089109,0.7863869662113887,0.7226470588235294,1.0,0.9030807886874155
1,0.7365722202443726,0.9550540005806244,0.5312961170746636,0.4876286424089686,0.909210356817247,0.7239522674251753,0.7358242325764005,0.6058823529411764,0.8,0.8759476099137948
1,0.9943634895413443,0.9744008334135215,0.5680433139766328,0.5441811272062832,0.9116301693737862,0.7985237867023136,0.8122107936863381,0.8520588235294119,1.0,0.9123338164971732
0,0.35664777985404744,0.4803504961815735,0.5919813176951129,0.567474329558456,0.5152761648923004,0.502346017636298,0.4980416608402658,0.5967647058823529,0.6,0.36164743483721856
1,0.23822932059884083,0.5528636538477532,0.5005839252003218,0.46814069715616724,0.3496395387435816,0.421891427109333,0.41850925507747105,0.2685294117647059,0.0,0.28673470391719486
0,0.3854462574748639,0.44680939293438815,0.46770164580368595,0.4573420869330884,0.2668538667646451,0.40483064998213425,0.4019331593376424,0.1814705882352941,0.0,0.27488693480683285
1,0.4377899840880653,0.5807235600228594,0.4909088380603262,0.5208124003885134,0.4554292657775853,0.4971328096674699,0.4963035649325519,0.4547058823529412,0.2,0.426099975275675
0,0.08643023133529859,0.3684533835178781,0.4516017632948251,0.4720255988210167,0.25117904925357437,0.32593800524451855,0.31794073162420633,0.09323529411764706,0.0,0.1601192719988303
0,0.09598960410591385,0.3064974411915726,0.4056017384220332,0.4475743261412815,0.22198276950001783,0.29552917587216376,0.2876714112455547,0.030588235294117645,0.0,0.15047379251298784
1,0.983701383313942,0.8058486864279554,0.5835151404116975,0.5713102483318719,0.5843185823625504,0.7057388081696034,0.713591974434276,0.7752941176470589,1.0,0.764874513476665
1,0.36138942927714274,0.41842430279960086,0.4830298081075164,0.5131338010423915,0.3301740840929896,0.4212302850639282,0.4167553301902313,0.31823529411764706,0.2,0.274892451555193
1,0.2646041662605339,0.30004278362787024,0.4733369853576351,0.47241213958005296,0.22545257512761072,0.3471697299907405,0.34032394808869415,0.12705882352941178,0.0,0.17950545451744832
1,0.9996236627989227,0.9749190684442276,0.4828566372634153,0.5041465071180143,0.8974760839866557,0.771804391922247,0.7870657240764873,0.6752941176470588,0.8,0.9198225296796294
1,0.8176437700709709,0.8516184936705681,0.5708219608554014,0.5072108166576632,0.7711861291220128,0.7036962340753232,0.7134185274887375,0.6508823529411765,1.0,0.8226004982880076
1,0.7309685623068228,0.8941336828717047,0.4712294805871055,0.4667071408460682,0.7033019047058925,0.6532681542635188,0.6634425352856215,0.443235294117647,0.6,0.8014773356637551
1,0.3733368070706511,0.3724753681782474,0.4830076834282268,0.5211265991542471,0.29547739869687106,0.4090847713056487,0.40373629731247024,0.3038235294117647,0.2,0.24723471139580236
1,0.9487211295104739,0.9746009724987351,0.556124651363665,0.504775375856732,0.9346046769340619,0.7837653612327335,0.7981921316656293,0.7623529411764707,1.0,0.9155625881018913
0,0.4440925936212754,0.36212222069943617,0.46667376498762964,0.49786784835523684,0.23922747741577802,0.4019967810158712,0.3976366312535873,0.2238235294117647,0.0,0.24866309060642572
1,0.7203525560605621,0.8239699492209551,0.5157456204357622,0.5085001617839234,0.48913825393048355,0.6115413082863372,0.6174178408826209,0.5476470588235294,0.8,0.6507279776088938
1,0.9073336574905114,0.9154814014287722,0.6872160923897015,0.6100189145128799,0.7399246455499296,0.7719949422743589,0.7797770932451886,0.8123529411764705,1.0,0.8123552262886359
1,0.9986964553159069,0.9403307584039489,0.6342861012016888,0.5764488163698447,0.9570571866906928,0.8213638635964164,0.833867028360566,0.916470588235294,1.0,0.9109531195907903
1,0.23017929757307917,0.4726030860010744,0.4718105585074414,0.4897125696955002,0.29840773153530714,0.39254264866248045,0.38735301821745527,0.22647058823529412,0.0,0.23610628462276798
1,0.9528927011704184,0.9621740400818425,0.5983056863489614,0.5204602553208123,0.930745138739194,0.7929155643322457,0.8065247922389296,0.8026470588235295,1.0,0.909489478487272
0,0.3992861247498391,0.47893228886766487,0.5146900820426304,0.514002897539161,0.36646050668835467,0.45467437997753,0.4514338885289336,0.4052941176470588,0.2,0.3203918429718326
1,0.014607433723590066,0.14891860522162959,0.42251699993865577,0.4504930539785521,0.18071058047001323,0.24344933466648816,0.23227302412685857,0.012352941176470589,0.0,0.09811110938320342
1,0.2158294052233279,0.36570038649829256,0.4310522374067853,0.44366805851286123,0.330955472044912,0.35744111193723577,0.3527064397653681,0.11058823529411765,0.0,0.23780606231792825
1,0.17732122856510543,0.4352929341286866,0.48868217152183274,0.4811600530010909,0.31924326180805873,0.3803399298049549,0.3743715263810198,0.2097058823529412,0.0,0.21968182609917078
1,0.7022838058252369,0.7686663110358252,0.6555576185417858,0.6142080100749755,0.576643822148461,0.6634719135252569,0.6656214826455669,0.7555882352941177,1.0,0.6198734901642905
1,0.9617274631861671,0.9696719953149205,0.5579155167209289,0.5059470837280167,0.9238106881424121,0.7838145494184889,0.7982111740126485,0.7541176470588236,1.0,0.914387662419718
1,0.6670618700115098,0.4678425645881486,0.5073254341494732,0.5106693715412406,0.3099964653533958,0.49257914112875356,0.4922671661865172,0.40588235294117647,0.4,0.39463846551270826
0,0.3548394501774659,0.5887345791145844,0.497756652274371,0.4900345638045875,0.41460174290600066,0.46919339765540186,0.467754385861722,0.36411764705882355,0.0,0.37552183505440423
1,0.9990682417034741,0.9494593924989783,0.606183399699948,0.5776722691310882,0.9389951958588884,0.8142756997784752,0.8268756529236032,0.9008823529411766,1.0,0.9099524533449111
1,0.9997665947736349,0.9784276409131957,0.5696293663910371,0.5686963227495466,0.9527442208454495,0.8138528291345729,0.8273896646064749,0.9288235294117648,1.0,0.9193112592732815
0,0.23218987718308448,0.3470368528945247,0.4387831779533576,0.45782174179337404,0.26918749180664947,0.3490038283261981,0.34327686473631236,0.095,0.0,0.20597646256243682
1,0.43000375325706325,0.550376084400103,0.5079152132199855,0.515665402392691,0.35875833742366897,0.4725437581387023,0.47039650710101044,0.4205882352941176,0.2,0.3505846008515193
1,0.7742759447694895,0.9730544188239075,0.5461811576555683,0.5045788179484623,0.9267148139064397,0.7449610306207735,0.757130440543812,0.706764705882353,1.0,0.8867485765394882
1,0.9968622995742732,0.9793347112081062,0.5587590259476025,0.5207281454997624,0.948620557654618,0.8008609479768725,0.8156551853191256,0.851470588235294,1.0,0.9234332058081235
0,0.25499946241701377,0.2808235800243409,0.40793444256724803,0.4610522996170676,0.20563553218456931,0.3220890633620479,0.31547786297143443,0.06323529411764707,0.0,0.17582692831693228
1,0.5756872577824844,0.5241008786394451,0.5014230145246973,0.5085086267707769,0.3781910221286213,0.4975821599692051,0.4974380897316684,0.4273529411764706,0.2,0.4192014874665213
1,0.6685925348613128,0.6292686215822528,0.5995896502315513,0.5464554664826661,0.5506460060140034,0.5989104558343573,0.6010384482826348,0.6835294117647059,1.0,0.5759150532272852
0,0.16576438960125917,0.358633666056112,0.47760078070153894,0.4689008843839166,0.34308227599610536,0.3627963993477864,0.35647632765715626,0.16147058823529412,0.0,0.2134525566630166
1,0.41533275016346655,0.6363476519624225,0.5010376892525558,0.5036442231898807,0.39043314915298244,0.48935909274426165,0.4886045275629276,0.4141176470588236,0.4,0.39648471976911
1,0.9664500009391173,0.9380575627279327,0.5364940308005567,0.5282067672034353,0.8717656922542755,0.7681948107850636,0.7813937175482305,0.7161764705882353,1.0,0.8989303841310409
1,0.6614895044870323,0.6370944944723445,0.5477121767708415,0.50099683541012,0.42547795400272054,0.5545541930286118,0.5570431616764464,0.5247058823529411,0.6,0.5191213265256184
0,0.17121863668675788,0.33108633306968843,0.4396552068028603,0.4623398013307309,0.25918974185688315,0.3326979439493841,0.3257989715734799,0.0761764705882353,0.0,0.18049653935818363
1,0.9917119997419225,0.9771324318856772,0.5097657506315024,0.5300345920144941,0.9275778775742071,0.7872445303695607,0.8018499363033056,0.7791176470588235,0.8,0.9206898132879909
1,0.9908189825077222,0.9547852120554854,0.5845807002641742,0.5368274713182314,0.8863651209450318,0.7906754974181289,0.8039454305446665,0.8035294117647058,1.0,0.903616179766048
1,0.9658371611830491,0.8578119406642895,0.5737723728762271,0.535506565193452,0.8990536804872287,0.7663963440808492,0.7785328221298023,0.7652941176470588,1.0,0.8914579294476664
1,0.21708966294779733,0.5079018741154256,0.4744380249028514,0.4712170122552726,0.31909759127497345,0.3979488330992641,0.39362731957951236,0.21000000000000002,0.0,0.25486919625237486
0,0.1501757605820692,0.3896459149642662,0.44297990530561426,0.4610439232495973,0.2747890112889142,0.3437269030780922,0.33734346148916894,0.09764705882352942,0.0,0.1930077843116387
1,0.9946603533372781,0.9548367852130917,0.5298562288808102,0.5227757726789852,0.9229121306987711,0.7850082541617873,0.799417477559304,0.7526470588235294,1.0,0.9173291968849233
0,0.3480715597274333,0.56526539222001,0.5107182881095128,0.5078961017225717,0.4457418932717645,0.4755386470102585,0.47349823567193405,0.4264705882352941,0.2,0.37644414160848405
1,0.9846354246534244,0.9746611059661253,0.5727052413620005,0.5448200295716402,0.9261464399636076,0.8005936483033598,0.8142457522898466,0.8635294117647059,1.0,0.913649883272545
1,0.9951689353446839,0.9099580604439842,0.5899987703348205,0.5453150288439702,0.874054269119433,0.7828990128173784,0.795369381373831,0.8008823529411766,1.0,0.894397502616251
0,0.6244906025828826,0.6621875947152637,0.5583792791089285,0.5447190405948047,0.4839512758626751,0.5747455585729109,0.576365956592638,0.6352941176470588,0.8,0.5332670488364801
1,0.9993100408828219,0.9678002793235615,0.6459187920155798,0.554366158911756,0.9599234496182879,0.8254637441504015,0.8387903281755462,0.9294117647058823,1.0,0.9160855118630131
1,0.6761704600751006,0.6348903370491217,0.5047098764218764,0.5032217910375327,0.543708572034967,0.5725402073237197,0.5765455116675376,0.503235294117647,0.8,0.609713115238123
1,0.3604602535950224,0.5636498589309552,0.5083213391461355,0.48476243626093046,0.5140139093391196,0.4862415594544327,0.4856026449807873,0.3905882352941177,0.2,0.4324011325225874
1,0.9853824541281709,0.9573414697480217,0.6150178223002141,0.5511005640751976,0.9511829983015699,0.8120050617106349,0.8252582247134822,0.8867647058823529,1.0,0.9136221441302184
1,0.993145108542488,0.9649646687952135,0.5895442586296725,0.5386170554770621,0.9591256435108377,0.8090793469910548,0.8230906343069402,0.8735294117647058,1.0,0.9199688004461785
1,0.8985908616761048,0.7030254583594046,0.53153590410177,0.5258796590470748,0.44000160709013697,0.6198066980548982,0.6256508478370182,0.6047058823529412,0.8,0.6478005058179094
1,0.6285285067604018,0.657747726098545,0.5646627817566882,0.5439481181614685,0.6418865234841208,0.6073547312522448,0.6104387764030484,0.6611764705882353,0.8,0.6335929153883316
1,0.9981875338329828,0.9544681064750513,0.5726470046594353,0.522619744445346,0.945479243254316,0.7986803265334264,0.8130492889965046,0.8264705882352942,1.0,0.9195149527542756
0,0.45565567669329043,0.4887460456105746,0.48581623115168177,0.48754607987007503,0.3776261731854542,0.4590780413022152,0.45766108951512485,0.3247058823529411,0.0,0.366010497669784
1,0.8981057384144656,0.9751409934696386,0.5387174241963296,0.4673874481862114,0.9384368845157299,0.763557697756475,0.7784699097866468,0.6597058823529411,0.8,0.9143239681220453
0,0.8136949548495384,0.9735548481599604,0.5113557262026703,0.4682578751695526,0.9000611713018992,0.7333849151367242,0.7470030239323311,0.5732352941176471,0.6,0.894308447771518
1,0.26295654318503214,0.3643389087711025,0.4598054469017931,0.47721547744588927,0.30607129499288077,0.37407753425933954,0.36862712353288085,0.1602941176470588,0.0,0.2285509620375156
1,0.42394303453138465,0.4263544970460535,0.49309745328194055,0.4862273543364597,0.3619601707706435,0.43831650199329636,0.4356588192236177,0.2973529411764706,0.0,0.323667049575138
0,0.1666324589378052,0.25280516226680805,0.3996990684794492,0.4335337366654097,0.25385577398713205,0.30130524006732085,0.29448412928819945,0.03558823529411764,0.0,0.17215480088582688
0,0.9288753596939804,0.9166403253242553,0.5375734591107931,0.4966632062247697,0.8874630730914069,0.7534430846890411,0.7668899831133006,0.6335294117647059,0.8,0.8975969356153045
0,0.4374342880224635,0.5015057481221578,0.5044290962305124,0.4957705055322237,0.3962087353761352,0.4670696746566986,0.46538671641520335,0.375,0.0,0.36773588311543454
1,0.056919201857920904,0.2825125500635077,0.43999067197411096,0.453717103649617,0.27158205869578633,0.3009443172481886,0.2923938936962438,0.05058823529411764,0.0,0.14937489306770943
1,0.28442338200660866,0.3525707027311314,0.4599203858524415,0.47619648207748083,0.2808034295893154,0.3707828764513955,0.36527030863809484,0.15088235294117647,0.0,0.2210033392746793
1,0.28476968655587337,0.5500788420478196,0.5115779746430033,0.48153181512848997,0.40765953504854563,0.4471235706847464,0.44442930780504575,0.3379411764705882,0.0,0.3306073281794182
1,0.44855002355484425,0.5963647901290927,0.6089606533470886,0.5255027350075401,0.661588882074323,0.5681934168225777,0.5686632469161218,0.628235294117647,0.6,0.5451471986816667
1,0.6572491379772974,0.6506259727680014,0.5539221833078208,0.5454522125412614,0.46160593812160716,0.5737710889431977,0.5754902517623339,0.6294117647058824,0.8,0.5298957868418622
0,0.17671832794460426,0.3772307296572244,0.45994824569897513,0.4892202752782396,0.2724672255548791,0.35511696082678446,0.3480682447751931,0.15823529411764706,0.0,0.1888564415327988
0,0.4511280242071838,0.40992964064714715,0.47493662053584534,0.5052817067663606,0.3223275707122567,0.4327207125737587,0.42949424223822963,0.29970588235294116,0.2,0.30470763614482727
0,0.41162997881545893,0.5362441913364653,0.5241397614336364,0.5197460034803187,0.49978252077794866,0.4983084911687656,0.4968787491491508,0.4870588235294117,0.4,0.42194277961943355
0,0.4124817211437117,0.44816972126436755,0.46585761843436096,0.477826534319451,0.3529851995174857,0.43146415893587536,0.4292172219602809,0.25323529411764706,0.0,0.32800262259072327
1,0.648286380126306,0.8414928956064712,0.4908487387474049,0.45169010142227445,0.6740793657988727,0.6212794963402659,0.6298063980944608,0.4341176470588236,0.6,0.7505900604532587
1,0.5252466928049472,0.5338218135509895,0.5113686913223652,0.5126262112551768,0.4343477906801672,0.5034822399227292,0.5031456188808396,0.4632352941176471,0.2,0.43335400463144524
1,0.9424534367153967,0.9671568982406088,0.5038591627629222,0.49349913338303936,0.9304687430406392,0.7674874748285212,0.782371842830744,0.6438235294117647,0.6,0.9176255708612516
1,0.7235145385004665,0.37626863560307483,0.4747098733759807,0.47060283151433285,0.30854356334795835,0.47072788846836267,0.47141354003132874,0.2538235294117647,0.2,0.4071359132809127
1,0.9750065293442806,0.9517147010219444,0.6156163274998604,0.5342701744694685,0.9342863522899348,0.8021788169250976,0.8155133587631076,0.8435294117647059,1.0,0.909638750878731
0,0.20660843444189844,0.44189024911446967,0.456022123486111,0.46317442514185264,0.34729018124786126,0.38299708268643856,0.3784342221364173,0.1676470588235294,0.0,0.25335221679582465
1,0.9998767324759769,0.968899736328055,0.6016671740312123,0.5855822536155925,0.9492661377445062,0.8210584068390686,0.8337995265813509,0.9323529411764706,1.0,0.9138607933080333
1,0.8288887082765827,0.7405013269076418,0.4694530746477001,0.48516860304457105,0.3128353194409856,0.5673694064634962,0.5730174202360491,0.37588235294117645,0.4,0.5758663274662821
1,0.9658940980027554,0.9536408609162033,0.5187125404768242,0.5288403260745467,0.9025255484717728,0.7739226747884205,0.7876777883131152,0.7158823529411765,0.8,0.908986829617206
0,0.507792149907526,0.46974672049474103,0.4836141358173305,0.48204861061429605,0.36110816914372684,0.46086195719552403,0.4599139955582974,0.3129411764705882,0.0,0.373585389409668
0,0.2903795850148508,0.3632364224237083,0.4279785397029891,0.510686823373442,0.22073913666671444,0.3626041014363409,0.3560432614339517,0.19588235294117645,0.2,0.1960507785708514
0,0.19488557196141276,0.34150381431677124,0.47627009562216016,0.5179596348372371,0.3200034095726449,0.37012450526204527,0.3625106586881436,0.2514705882352941,0.2,0.19790760822216738
1,0.6367137750927837,0.45554949071937534,0.4874028386265577,0.509977894678274,0.3932515671549403,0.49657911325438614,0.4966836403070778,0.41,0.2,0.4351773516792065
1,0.17717655758458503,0.5129306465775069,0.4755387234089068,0.4887746692825974,0.3283186558140968,0.3965478505335386,0.39138970450827565,0.24147058823529416,0.0,0.2429421609877932
1,0.993442793746471,0.9762008233453927,0.5148426537026222,0.503716933078255,0.9187353317988393,0.781387707134316,0.7965717670318413,0.7232352941176472,0.8,0.9213005141934563
0,0.1467330776941387,0.3056110676858625,0.432119005389745,0.4781557943611601,0.24321567804835054,0.3211669246358514,0.3131707616400087,0.08205882352941177,0.0,0.16140054015423236
0,0.68086698806744,0.7103647642961674,0.538365975557066,0.5290328228612735,0.5707474899257599,0.6058756081415413,0.6100998938461462,0.6188235294117648,1.0,0.6379748937948042
1,0.9999911755752918,0.9102810565762129,0.5652679583981137,0.5667872915462143,0.9193638476213432,0.7923382659434351,0.8049128259804864,0.8397058823529411,1.0,0.9053757520165072
0,0.30214060501077655,0.46369081774334436,0.5249136819346668,0.49171352194932894,0.2734162062684256,0.4111749665813084,0.40615801022968995,0.2976470588235295,0.0,0.23652267301907462
1,0.5293048967591343,0.7595459349670013,0.5371301838268662,0.49699850862960754,0.4983956949818669,0.5642750438328952,0.5672431104988771,0.5217647058823529,0.6,0.5534535456930337
1,0.9590096811666493,0.8673228378038177,0.6031570429348894,0.5439756974501843,0.8746537343615245,0.769623798743413,0.7811208479201472,0.781764705882353,1.0,0.8814149375623965
1,0.8901067205906377,0.9706395867318719,0.5504474528306555,0.5077984360087403,0.939281104997972,0.7716546602319755,0.7852906709157241,0.746470588235294,1.0,0.9077763684870955
1,0.8430119369078445,0.9575966181325364,0.5390319927120256,0.49120835344590413,0.9112690881865181,0.7484235978769657,0.7615625854908907,0.6411764705882351,0.8,0.8949396885852258
1,0.2911272125910398,0.41548196036199037,0.4642262605019887,0.4708496883799973,0.3125756752589676,0.39085215941879675,0.3865087331654371,0.1826470588235294,0.0,0.2544977649382552
1,0.9023856541328508,0.9627516247594877,0.494020702152053,0.47567686071466264,0.9199706433965021,0.7509610970311111,0.7657170136206382,0.5735294117647058,0.6,0.9118828850153647
0,0.17166116941246937,0.5584401275671175,0.48116786091148334,0.49368181771058445,0.4349468908693352,0.4279795732941979,0.4240736842152982,0.3108823529411765,0.0,0.30711281552969977
0,0.18406429445867814,0.4734979627020401,0.48448354419845563,0.5016399675081765,0.3248042136011997,0.39369799649371,0.3877749781867089,0.27088235294117646,0.0,0.22938624120474885
0,0.15182914460443697,0.342182668888976,0.47807222948972794,0.5081824069037835,0.2983041980782895,0.35571412959304277,0.3475925643458566,0.21470588235294116,0.2,0.17923811820560837
1,0.351208573828451,0.3852205721095891,0.47804435811539986,0.4786104162486593,0.321476330102095,0.40291205008083886,0.39880106348577515,0.2202941176470588,0.0,0.2675352302821759
0,0.3602039443184686,0.4202445012091689,0.49392981293493216,0.4960676220278568,0.4445683423556646,0.4430028445692182,0.4399746670230893,0.33529411764705885,0.0,0.34205164468402904
0,0.4882598897740609,0.6506679717288882,0.5500171754297442,0.5141784901834948,0.39946345889191887,0.5205173972016215,0.5203234955570546,0.5252941176470588,0.6,0.42505353955297565
1,0.9999571101202154,0.9771888003322206,0.5892828434444666,0.5815494526520417,0.9380165694999199,0.8171989552097727,0.830115527576978,0.9411764705882353,1.0,0.9136651422865834
0,0.21980621163765432,0.3779695587960649,0.462164056739617,0.4796887665117319,0.253745985769622,0.35867491589093803,0.3522444334649486,0.14823529411764708,0.0,0.19489326542788546
1,0.19505829576329434,0.4297491241186491,0.48771077098463733,0.4757689321360557,0.3012591953205135,0.37790926366463,0.37208733589658555,0.1938235294117647,0.0,0.2170185819325588
1,0.9593599794029196,0.9689185515823183,0.49891563145047035,0.509562393996308,0.9152619091002272,0.7704036931064487,0.7849977848182255,0.6767647058823529,0.8,0.9157667494291509
1,0.055836102602416865,0.2858568820623362,0.42797962127433714,0.462541858766627,0.2575952203013118,0.29796193700140583,0.28915608288466554,0.04647058823529411,0.0,0.1449066528347104
1,0.9959070510806564,0.9785487727568936,0.5496079834713256,0.5057560932055302,0.9531486797196335,0.796593716046808,0.8118629673220557,0.8073529411764705,1.0,0.9259746542552417
1,0.7021391415222494,0.9767360917536528,0.506060497239469,0.4754588514378551,0.9164869664023092,0.7153763096711071,0.7275992323615103,0.5897058823529411,0.6,0.878609819400441
0,0.6179508352801218,0.7614902691222122,0.6301028244030853,0.5486715888038781,0.6835089941851681,0.6483449023588931,0.6522198249759202,0.7241176470588235,0.8,0.6722453346454251
0,0.27616469112800096,0.40635013252283053,0.44703969819342987,0.47597859834910433,0.28113755820296454,0.377334135679266,0.37239130407060805,0.15647058823529414,0.0,0.23342434268507214
1,0.9911789854797343,0.9695893020198635,0.6467634968748843,0.53955513168632,0.9574434104228283,0.8209060652967262,0.8345036152706986,0.9035294117647059,1.0,0.9160812579737247
0,0.6449018201176844,0.5465325135948299,0.4826382125220217,0.4911284385520516,0.3643071493276657,0.5059016268228506,0.5073400263092545,0.36911764705882355,0.0,0.45760703081029086
1,0.8566101558441792,0.9434576743966007,0.5446056586285064,0.49922918703657243,0.8556951030077832,0.7399195557827285,0.7523120890810877,0.6367647058823529,0.8,0.8792198754599574
0,0.6993650392436992,0.551068846269717,0.5249537645941027,0.48202209996844153,0.4470298193191926,0.5408879138790306,0.5437941205003296,0.44382352941176473,0.2,0.5319354036217186
1,0.09938994081981123,0.37501802376060556,0.4365549861676811,0.4476322824846217,0.31408484334373693,0.3345360153152913,0.3281057632887454,0.08941176470588236,0.0,0.19555370264803226
1,0.4700450854288964,0.9601881003631587,0.49316605569073113,0.4654643442050604,0.8981158527140772,0.6573958876803848,0.6666368494781876,0.47294117647058814,0.4,0.8202398754364271
1,0.9819772817837283,0.9702399260102781,0.5340394033295727,0.5346104453389011,0.9006664649976374,0.7843067042920235,0.7981724686218977,0.7729411764705882,1.0,0.9111019915227812
1,0.9999169752894964,0.9739569299555427,0.568505291276351,0.5555706855614077,0.9254122339619807,0.8046724232089557,0.8182558637248344,0.8873529411764706,1.0,0.9147440125251336
1,0.9938520995123109,0.8535225171187885,0.5783180397808436,0.5962095862491664,0.6182685241635593,0.7280341533649338,0.7362366882924343,0.795,1.0,0.78992720686034
1,0.3324776963136271,0.5792182011334902,0.5013361588876007,0.5258620716988216,0.38015410685475587,0.4638096469776591,0.4607006166177389,0.42852941176470594,0.2,0.33130309407169367
1,0.9929254080005113,0.9781132759689579,0.5184030455043875,0.4962721963850784,0.9288740289058479,0.7829175909529565,0.7983796919724958,0.7185294117647059,0.6,0.9238119893798575
1,0.9898725827058593,0.9564436539285915,0.5301749325719599,0.49662302429203126,0.9071017738358883,0.776043193466866,0.7909379581996392,0.6770588235294117,0.8,0.9162336390505871
1,0.8989196980801027,0.9658025624328679,0.5576713591137409,0.5027202028333929,0.9216076608100622,0.7693442966540334,0.7829575141442663,0.7173529411764707,1.0,0.9046193695497315
1,0.1613524137399022,0.34707134068512585,0.43690506255589473,0.45664921895849825,0.21924714046833774,0.3242450352815518,0.31718306610444735,0.06029411764705883,0.0,0.16733263755704544
1,0.472267320711335,0.573727327259347,0.49046822785719724,0.4961606547195876,0.4274038141024949,0.4920054689299923,0.49192531362232644,0.39294117647058824,0.0,0.42864023292283465
1,0.5469988417021263,0.6241746828330976,0.5262634718973281,0.5177382542548575,0.48718303609450636,0.5404716573563833,0.5416441561891621,0.5329411764705883,0.8,0.5035505002736164
1,0.5569883596448298,0.7573320270811384,0.471814632329935,0.4684674815535372,0.2857548809369102,0.5080714763092702,0.5105711889128829,0.3058823529411765,0.2,0.44809857614062465
1,0.9618944723721518,0.8412084797334939,0.5419808333893381,0.5053206187738786,0.9197184144322402,0.7540245637402204,0.7671326806462408,0.6852941176470588,1.0,0.8999901745760583
0,0.14381852216469135,0.3514561613819878,0.41215287596980965,0.45668540753333575,0.20284842480260487,0.3133922783704859,0.30616935445372334,0.04911764705882352,0.0,0.16080323049467918
0,0.6427554467161345,0.3507815765773026,0.45415760538773814,0.5318402587751563,0.2698602868050886,0.44987903485228403,0.44743991420464396,0.3261764705882353,0.2,0.327559639363063
0,0.05860422101669385,0.46633820601597026,0.4722451406757719,0.4751183196452251,0.2159385604968649,0.3376488895701052,0.32979021394275837,0.14058823529411765,0.0,0.15599612346009856
1,0.9992296298401886,0.9823649626253111,0.669931084112369,0.58619937928211,0.9594575034913208,0.8394365118702598,0.8519188014902046,0.9791176470588235,1.0,0.9126836560471335
1,0.9423194199122298,0.946613437925067,0.6038719822357406,0.5645793076855956,0.9223866081507447,0.7959541511818755,0.807995329806726,0.8411764705882353,1.0,0.8987127805214223
1,0.8287972754431133,0.9529333918687679,0.5198199707268469,0.496445710299168,0.9094168799673098,0.7414826456610413,0.7543689055979391,0.6176470588235294,0.6,0.8923675342513319
0,0.39062826005156337,0.36040399454988775,0.4375744392373328,0.4622804373989788,0.27467467834221626,0.38511236191599585,0.38150815329336574,0.1361764705882353,0.0,0.261416908277328
1,0.9999999826716829,0.9343282118198091,0.670044105253186,0.6295271750160504,0.9700860967360526,0.8407971142993562,0.8517451824844554,0.9411764705882353,1.0,0.9050190072091653
0,0.7938883480772482,0.7682594280178168,0.5793144616079009,0.5507437246856841,0.6256762196503866,0.6635764364078074,0.6695403578119947,0.7158823529411765,1.0,0.7169311196337795
0,0.24038965799504572,0.45329331564592,0.47925767770339384,0.4827323220052036,0.24795317480466536,0.3807252296308457,0.3751154659251761,0.20029411764705882,0.0,0.21199824721050886
0,0.6652369284591573,0.5664075964686505,0.5047117100056512,0.5419113110402276,0.3802604667071347,0.5317056025361642,0.5322935975299934,0.515,0.4,0.46272444470237567
0,0.3507000901837034,0.5001778644251783,0.4704093763740373,0.48123383714468354,0.3150379746124296,0.42351182854800645,0.42055301183544913,0.2467647058823529,0.0,0.2962480340129395
