y_true,oof_logreg_compact,oof_logreg_full,oof_logreg_no_shift,oof_logreg_target_encoding_full,oof_histgb_full,oof_rf_compact,oof_extratrees_full,oof_svm_rbf_compact,oof_knn_compact,oof_catboost_B_6_no_shift_allseeds,oof_catboost_B_6_no_shift_advweighted,oof_catboost_B_2_full_allseeds,oof_catboost_B_2_full_advweighted,oof_catboost_B_1_no_shift_allseeds,oof_catboost_B_1_no_shift_advweighted,oof_catboost_A6_no_shift,oof_catboost_A2_full,oof_catboost_A1_no_shift,oof_catboost_A2_no_shift,oof_catboost_A1_full,oof_catboost_A4_full,oof_catboost_A6_full,oof_catboost_A3_no_shift,oof_catboost_A3_full,oof_catboost_A4_no_shift,oof_catboost_A5_full,oof_catboost_A5_no_shift,oof_catboost_A6_compact,oof_catboost_A3_compact,oof_catboost_A5_compact,oof_catboost_A4_compact,oof_catboost_A1_compact,oof_catboost_A2_compact,oof_logreg_probe_skf10,oof_logreg_probe_repeated5x5,oof_logreg_probe_groupkfold5,oof_ensemble_avg_top3,oof_ensemble_avg_top5,oof_ensemble_weighted,oof_ensemble_rank_average,oof_ensemble_threshold_vote,oof_ensemble_stacking_lr
0,0.22044638886380633,0.11572787251965053,0.0945606216987154,0.09694115868307931,0.32404154140145325,0.2734261428325838,0.29706230556270724,0.4718667362250356,0.28976763318733845,0.17946605115991962,0.19749656663996146,0.1733111175023378,0.2192733878969017,0.20087329239353072,0.20052937044305869,0.15951030013353393,0.12790926151600637,0.21605987931962062,0.18053896792502178,0.20230796248678165,0.18959065253441118,0.19987071175587315,0.19028784199962318,0.1952746999905319,0.16607637839482006,0.18288183768049215,0.21385711053745127,0.3786234924004632,0.2795188418933074,0.2879473267605974,0.32768892553576573,0.28446924005452123,0.2615332356815892,0.23509498096555811,0.21486080308072597,0.20350759094979123,0.14951643005184076,0.14927274824642645,0.21750255690794273,0.021691176470588228,0.0,0.18930327710071645
1,0.17820109934843634,0.9897917645581487,0.9871378746560611,0.9833944712283978,0.974874063385824,0.48498821759470656,0.7554957741903009,0.5821657402120367,0.4967307210567299,0.9223580853668905,0.9070421794264479,0.8965030582101917,0.8956148726844585,0.9129629206341502,0.9256218138308732,0.8739279415342706,0.8763291487766615,0.8991219896781825,0.8818354567310044,0.8545400140426157,0.8671800592137883,0.8738814609317507,0.8548536590712436,0.8516268173501261,0.8289211129219987,0.8570664402274505,0.8707378550251461,0.4811114586773383,0.5061444360509381,0.4677994216530845,0.49135336972289584,0.4925931334726108,0.4890726420755862,0.1721867534567495,0.18720831258333276,0.10261523268035967,0.920074254767537,0.9313160312330317,0.7416380918654328,0.5610294117647059,0.7222222222222222,0.9403168530185484
1,0.4891436627008462,0.33314922060497676,0.33080400542909966,0.3308403386238984,0.5391025102514652,0.7388533246024711,0.6313359374047254,0.6507862705842208,0.5342924836182765,0.5124650551466852,0.5020670197049681,0.47549707593623847,0.5452903447430006,0.5370223100050835,0.588017335382894,0.439079808482767,0.4586707688002659,0.5428117087209775,0.3916656268569329,0.5136058011275259,0.5017026190372093,0.506771727414422,0.49718945369912426,0.4954812045818345,0.4919202015828971,0.4968059151505417,0.43611020816718304,0.6058774704855384,0.6310565620922226,0.6524903917629854,0.6929756866816335,0.6642931984096099,0.6774912670708292,0.4824774423300095,0.5289757727597945,0.5449452794860811,0.41590870167466076,0.42311775073059277,0.5201562431648347,0.5608660130718955,0.3888888888888889,0.5245376924123706
0,0.20023853717031903,0.22250364494901972,0.17091659914049823,0.09916900021690012,0.3401890158155025,0.38126961566454703,0.34721836733175326,0.5811952778357667,0.41646092359323666,0.3028393762104553,0.3556365090564053,0.3244699853387167,0.4017012505274856,0.2963721490760862,0.34971768705929823,0.27446052599467463,0.3160550743400677,0.2718751957205729,0.28118195486185843,0.2693531333307787,0.31980485173495266,0.306051211146714,0.26056210692768644,0.30245145944183083,0.28949035871777334,0.28119774493254607,0.2927848020861814,0.405910244998007,0.4355078002523057,0.41898462918777285,0.4169698037157581,0.4138075458828456,0.39502541214564596,0.20811868351955753,0.20704907560143684,0.23695199094407932,0.27381138542747036,0.24339506111507947,0.31159347981544644,0.1318218954248366,0.0,0.2674751009759469
0,0.5397483768678929,0.1502492859045165,0.20502362322421427,0.17072414039339953,0.43650391521308707,0.4781287480905951,0.2383545542846554,0.6447526577872308,0.5285857446877344,0.3566348664284511,0.40983210684001914,0.33027685710157795,0.35925797897852585,0.36709144006252825,0.3866589905362406,0.28364333440105327,0.297971559448214,0.29061441668551513,0.2782947704896928,0.2829639554484209,0.18610722364625717,0.2788582608546401,0.282154184892344,0.2000999136131688,0.2621010991620344,0.2540579956194988,0.2439481454438801,0.43077751838912803,0.4322297816309064,0.4263779265618785,0.38522591022170016,0.43353641051611874,0.3340647777793434,0.5024054937013984,0.5687131228591451,0.48538769524421504,0.2547231591357159,0.2603970115726151,0.34239434674096525,0.20110294117647054,0.0,0.21249205801883533
1,0.36387978535826004,0.9973003849930665,0.9965676142745625,0.9961059328425795,0.9763147687464773,0.4420168159069617,0.7291338293859884,0.6289106738729006,0.46623690566399467,0.9088541749764687,0.9079757140753989,0.8930529828258938,0.8367046044648021,0.8742255706669336,0.8600144748043304,0.9577311199878501,0.929699636131663,0.8967620240648954,0.9299260383544511,0.9340595996834848,0.9134163538149451,0.9525386473420502,0.9442377022943151,0.9355687653280915,0.8996080172591508,0.9219991282913057,0.89963740974951,0.47224938782800807,0.4242491495967616,0.4318151293493525,0.528617391116439,0.41510337960791027,0.5095673183759122,0.2548681999574821,0.3787102829322603,0.2405929628454475,0.9493614959356035,0.9436831982632647,0.768392878913603,0.5948529411764706,0.6944444444444444,0.9428410721104681
0,0.5313621129369603,0.7516753291140692,0.8044591461596351,0.8454627949506687,0.5258299186528506,0.6683293904147365,0.589254998596394,0.6564757078095605,0.5904962599055298,0.7301350311846266,0.6714172745516495,0.6659853946494307,0.7409195337605857,0.7215077134592137,0.7005397756900102,0.6787107567291832,0.6196036775716358,0.6432423917133329,0.7199544565289839,0.6393520396333675,0.6822586735962157,0.7187844443759053,0.6924291354336098,0.6053442908614418,0.620589115055936,0.6721925654920325,0.6513893098854443,0.5730048501587829,0.6373588960143677,0.5944890861638901,0.6405137970409182,0.5886867408361537,0.5252591486502153,0.4805417683479585,0.53247102716133,0.547338262094994,0.6987904934975612,0.7326683977805132,0.6518355424087023,0.6295343137254901,0.7777777777777778,0.7626442505738825
1,0.44166783613760785,0.12943941542599754,0.29956484468483235,0.19759855508006194,0.2793585348366132,0.37845481821726634,0.3477279745603486,0.5910881439740658,0.4373287704671937,0.2905447612760021,0.30085404593851867,0.26774483304290403,0.3222748950432333,0.2929815820739028,0.3202889563903123,0.22119698461637133,0.2351898810557318,0.31112928484493,0.25582939589833986,0.27995628511661125,0.22534229938049197,0.18770804367802366,0.22566538561249394,0.2552839414899461,0.2311111824276788,0.22301913540718954,0.2525906346311845,0.3968086509606574,0.4155652666766154,0.37479750923765487,0.4187790521624912,0.40376083564243187,0.3935686773855984,0.43239325908086523,0.42946889668419264,0.4112813179558772,0.20612707769509098,0.22179227404784757,0.3087204830287638,0.12573529411764703,0.0,0.225735062723498
1,0.7533283507189761,0.982147388564407,0.9785908794430679,0.9845981666199156,0.9796297134761587,0.661445215242053,0.6865996605581083,0.704043531490848,0.5888738162473213,0.9718341249979447,0.9635746201385362,0.9671795472256569,0.9715818463569565,0.961599743636721,0.97055765532112,0.9630460596542222,0.9807279103462593,0.9473497703188286,0.9796557130064176,0.9642953783285801,0.9585272242549066,0.9527106655578174,0.9470422141738891,0.9820389515503932,0.9566955264003685,0.9763238453930538,0.9573781720217259,0.636634215905473,0.6435862627607972,0.605614422897521,0.6328171054635289,0.5593014295222835,0.6570702850053216,0.7455728925970498,0.7271402694108835,0.722615852432799,0.9707909984814287,0.9717141811401845,0.8678519522693419,0.8998570261437907,0.9444444444444444,0.9480792602701691
0,0.5690072750557026,0.4851643193855041,0.39444546431953825,0.5110008501999722,0.6051931344957675,0.5592758296403217,0.4490996029926882,0.6209633873130158,0.6372577676304023,0.5202009170910401,0.5617998728804491,0.5047175180670137,0.542713179687192,0.4626735969484225,0.4752245327182211,0.4886628695593117,0.4369971206050686,0.42906276447114106,0.44047068803295364,0.49366601680826616,0.5020168663354594,0.5107099456340247,0.4715399401104675,0.45720900588244756,0.45593612054448895,0.5154736067757257,0.5360300606794342,0.507047054100496,0.5804790879186077,0.5993023326921927,0.5183078464451922,0.5292350024358335,0.5652422332287609,0.5534926559161778,0.5875595229053049,0.5797519930447373,0.4928482356706098,0.4904438308320448,0.5133030483134653,0.5260212418300654,0.19444444444444445,0.4524547614225316
1,0.569752656181633,0.9593506173850495,0.9468159510465334,0.9610475702994835,0.9782317888863635,0.6292092665949318,0.7645942369223955,0.64559330606203,0.5250788859386679,0.9484374251434033,0.9181607743707207,0.9459224595381297,0.8825811447268783,0.9416179469695967,0.8796522246420345,0.9716718315612752,0.9687521613594023,0.9555255860339552,0.9740103532591616,0.9587572492268128,0.9676266665530404,0.9706641487558355,0.9541904169007788,0.971865452073837,0.9717474721009696,0.9804869153986174,0.9568478784482791,0.5170231745704416,0.6206628231228835,0.6105955840880687,0.6009095280927939,0.5987277050369226,0.6199641368436984,0.584052499187008,0.5755286245170336,0.587339092855668,0.9589816361614848,0.9559220851507069,0.8377906656855523,0.8168300653594771,0.8333333333333334,0.951048614523728
1,0.6955271361760201,0.9999997353384679,0.9999992222147757,0.9999993574538312,0.9771804529214312,0.607164992301979,0.8841155806341234,0.6630255102834852,0.7128485368084978,0.9414121212586103,0.8967459874749965,0.9418216670735493,0.9034608408737215,0.9291997520915596,0.8911769002264294,0.9733014850316797,0.9414891628088833,0.9478217432469727,0.9602318178423926,0.9265235345807797,0.9629408225743615,0.9542367681711955,0.9636367655823332,0.9737944178812401,0.9691615894800867,0.9608211362539085,0.9689875447429577,0.5391228984048995,0.5625666369837199,0.6011312851815127,0.6824936884820028,0.5364579537430127,0.6135204872769133,0.7209996769181399,0.7095066278312457,0.7289239344254259,0.9717076291478989,0.9688643993978175,0.8578395526534097,0.8657271241830063,0.9444444444444444,0.9484913512208545
1,0.3566769716518938,0.8180616402359672,0.8077993684587973,0.8867433632586534,0.9321052953502922,0.4874753722483266,0.6537139612749762,0.6583751314144943,0.6434352967665428,0.7571387050795255,0.8510344705677294,0.7761554755619678,0.8312606398121526,0.7369388372497455,0.7882517929213735,0.8960698841096261,0.8358852789168075,0.7690284251610351,0.8783142070940958,0.8081208399294136,0.8685013579447288,0.9085253529823496,0.8501361725622688,0.8556425894590405,0.8274924812131372,0.797869463472151,0.8305472164938209,0.44888471990702056,0.4809415328376133,0.4437339983643724,0.46982366636190814,0.36556534022694487,0.4082364832990788,0.3136819928578036,0.3619785231487854,0.43174354464416814,0.8300956666358537,0.822793840083192,0.7109067892045348,0.5222630718954249,0.6666666666666666,0.8768767084572625
0,0.6256232794397691,0.35257728984434333,0.48175691344820776,0.3713306233037277,0.41250712738323503,0.6519000838745093,0.5252524432210088,0.700714194535807,0.8333786576141194,0.41801515144821355,0.5457440190047506,0.4402651545201359,0.49285677046619936,0.40284746226279344,0.48974909389845234,0.43842703060237315,0.4182134141956258,0.40386541780484414,0.43990728335639756,0.42864630935948983,0.4602357060440598,0.44999939535616545,0.43591749846722416,0.47396838703517835,0.4919957411402969,0.4249853781792969,0.4550202002056626,0.5516759392198117,0.5537752391216848,0.5429230367929206,0.534978983823205,0.5745273987143109,0.543062481005462,0.6409270741728317,0.6138276190921074,0.6066163865674864,0.41042315832228415,0.40108951210667476,0.49575313571008583,0.5446078431372549,0.3611111111111111,0.3354121859481905
0,0.5531597694122732,0.19382140149080745,0.22025514432564552,0.2698270223111731,0.37854562802026986,0.4735883126255623,0.4357873714197158,0.6736852693664938,0.6543194486500135,0.3226419857519942,0.27901308246553025,0.2993472176447744,0.2594926395071217,0.30406695402173434,0.27665938590561473,0.25858522731913647,0.2759326673130721,0.28112017096475533,0.3094631304544694,0.25594174909066714,0.24399170892847827,0.26402697614455173,0.2512979350423912,0.2255612593894462,0.24851054803958647,0.25256724679205195,0.27538987741548804,0.5000665351538806,0.48343090382381915,0.4475890246442336,0.4641551719676235,0.4463778185128481,0.4212942380947874,0.5196109370208282,0.5382095722383309,0.5306418859629388,0.2505846154849061,0.2651295645575251,0.3490884929621206,0.2348447712418301,0.05555555555555555,0.199708382904377
1,0.7955280988119616,0.9977085998786126,0.9965294993218162,0.9952746588807402,0.9768667227974028,0.5839134468041951,0.7549161471434497,0.7358526925590133,0.7100737503024416,0.9702612091452838,0.9577251229648709,0.9557168719355227,0.9116224778078733,0.9620942788999924,0.9088274411484157,0.9654715881574343,0.9393895218545033,0.9558861532811327,0.9722594492737953,0.9657820224743444,0.925193603011647,0.9884875193814129,0.90842365769093,0.906555004765974,0.9193976054855165,0.9429276756428743,0.9424708218716338,0.5076880406178144,0.49922825171531093,0.5008589142563141,0.47193589174935857,0.47432618603767784,0.5259636434215688,0.7881822394820563,0.8444331117319438,0.8266683789203448,0.9729656866571897,0.9752531995504604,0.85081201177978,0.8194240196078432,0.9444444444444444,0.945093039239078
1,0.37212478200314986,0.9968546729910266,0.9968041054580888,0.996955067386545,0.9661849429602617,0.49000794155753175,0.6638641289633428,0.6018966336690362,0.4385927746196504,0.9458101440280432,0.9122907956295905,0.9147122795243086,0.8884657644318749,0.9193547428547113,0.8780166702575045,0.9663759281331735,0.9221183751783394,0.9160178838042811,0.9241632945321087,0.9206628918533344,0.8543198646612341,0.9517806987749943,0.8589552706978614,0.8456396793010964,0.882436314487787,0.8949610490629705,0.9030566565577509,0.5010326674091861,0.4429857571362107,0.4691578125665818,0.4734354098975124,0.4660607396718994,0.45747453694750095,0.3397795119461212,0.36870084059708874,0.33365589335036633,0.9593142935495029,0.9588505381779531,0.7680867459082525,0.5874591503267974,0.7222222222222222,0.9486311030458056
1,0.6048503549255424,0.6428235925893071,0.502373397678183,0.5104783726650686,0.6383120175541251,0.6258860028002997,0.7873148363905305,0.7376336154366432,0.7795741571328855,0.4171951884028159,0.4725386663201506,0.4168841167037959,0.4727440866026583,0.3841849174469877,0.42003081825182403,0.6979210561097803,0.503033151406406,0.5679627475966738,0.6010982676713884,0.486266753597892,0.70201964838264,0.5480274694662907,0.562181882932557,0.6537881246561164,0.6003155846872882,0.6002259692017667,0.5072294431997025,0.5382558808457805,0.6501285234306953,0.65856041281032,0.6507223461079673,0.6174642243633993,0.6327955477104982,0.6144477354198193,0.57741704816861,0.6123121862207346,0.5858762551342944,0.5304584111029879,0.5776048015191014,0.6350490196078433,0.5277777777777778,0.5069622610376497
0,0.6051464604704119,0.4167361493031579,0.3722849153437315,0.38151043186707123,0.604874272752582,0.5614027635136176,0.6477225635812159,0.6614778873987205,0.7153447250773723,0.3313200248965331,0.3881176004571951,0.35328051030178276,0.3667593070064931,0.35015653043796824,0.34820805135945576,0.4318006002139378,0.38465061066557876,0.4026553146394384,0.4405622519565221,0.41125361611896116,0.46233645240374815,0.4650247601786468,0.45489256293772673,0.47235911999929503,0.4380384274459927,0.5241285889826123,0.38569465342656795,0.5149861716124429,0.48241017349699983,0.5220842600304193,0.5029198634584806,0.47263826218007826,0.5074959819806169,0.6308189949927753,0.5459815048287611,0.5850185214872329,0.4006057532729595,0.3866968444247836,0.4677602783514913,0.4601307189542485,0.25,0.36163556164323546
0,0.6342358986489861,0.4524317873455721,0.5048356480578402,0.5441653516029035,0.7241653728637826,0.7783957338293032,0.47965561239631443,0.6900445809689556,0.6622425736291905,0.7095516621374321,0.6964637106554943,0.6427709141171936,0.6159726863007385,0.685315794740789,0.6460949050543382,0.637569982183539,0.5174710303583742,0.5573996061338778,0.5923524439305644,0.5517776101719939,0.6185412227819507,0.5779810789932022,0.5863114289851076,0.6522721290141152,0.6023884511189364,0.6443528652895283,0.6082424299919267,0.6138003238961377,0.7030699186204666,0.720166425684065,0.65804273137616,0.7127315890871139,0.7424519174915227,0.6135130306615777,0.6432406419305219,0.6266712901063696,0.5775908945487682,0.5924507659979994,0.6246396547868402,0.6724264705882352,0.6111111111111112,0.5911187917006742
1,0.6779777283092352,0.7315695829333598,0.7087048376951138,0.6935581276315248,0.8227112430992033,0.8284446448816027,0.6258095314969355,0.7226820412439001,0.8345593436108245,0.7798277774722688,0.7463289492086268,0.684456923063083,0.6324009300146549,0.7084653929931997,0.6861698450680876,0.7794181923623925,0.6247693894678005,0.6605840269353092,0.7050752632553875,0.6219829086273173,0.6634958469884167,0.7623739858581478,0.6549311439344507,0.671938255579233,0.6481215242526586,0.6695538717489018,0.678195640303337,0.5645718463693739,0.6582445541658114,0.6366970515784222,0.6523658522569497,0.58992236956376,0.5822348453544669,0.6733076530675327,0.6787335942382517,0.6525076447222371,0.7318148994529451,0.719493643796712,0.6873524938309401,0.7103553921568628,0.9444444444444444,0.7194478850265729
1,0.6335387471865671,0.24685293820169538,0.2120959174538896,0.28921427314531883,0.49818307462337075,0.570571773133261,0.4828071036523778,0.6661322121806166,0.7004933434475572,0.5844361056236127,0.4224422908518508,0.4722449038614835,0.4311490146066996,0.45416768204927954,0.41470626112521974,0.4240889553160143,0.4221575635473234,0.3665006288511254,0.4026083732835265,0.3994297215090078,0.49509149675477715,0.3810710594386417,0.42007172580706437,0.44463969647565127,0.49269988808720305,0.3940885239345873,0.4007891393536968,0.5336227187878413,0.5607953712284229,0.5623634020047575,0.6847877669028841,0.5158451877632029,0.5681726159825852,0.6080571097705567,0.6739571731783777,0.6271527402631233,0.3810622657930644,0.3773137505147583,0.47331805056406806,0.5084150326797385,0.3611111111111111,0.3582604377539839
1,0.6197535843668543,0.9232115636983537,0.9583982347369879,0.9400366522794789,0.9750919682264636,0.7037507140621924,0.7268152893578494,0.666816633228223,0.681654325292635,0.9674365753738347,0.9546989370468312,0.9505919292979546,0.9348645858125686,0.9355941423512177,0.9496719516531524,0.9858416708723408,0.9470358258971544,0.9475770423793548,0.9550207767461002,0.92732929395159,0.963575877173828,0.9468294491342969,0.9640217059317915,0.9789857752013065,0.9723055734367989,0.9615266056126858,0.9731737020545064,0.6740266574004501,0.6343222228794639,0.6270441420790839,0.7433815910449368,0.6210224627997099,0.7361193704955313,0.6387146883956031,0.5564637938339181,0.5863145830387938,0.9532150546228829,0.9470551916998691,0.8566345165040147,0.8735294117647059,0.9166666666666666,0.9373431119550808
0,0.5972792430897739,0.522384410918807,0.3447934431423662,0.3933767218011629,0.3464605194593448,0.5386418438789974,0.455988764388411,0.731746807541993,0.7413121111408131,0.20762344529040494,0.24764956441151523,0.23202596201629833,0.3126000048583045,0.2194885870203152,0.314762462938254,0.2849850876798166,0.3120317845690538,0.2687328774000134,0.2559955111376033,0.2730822927077325,0.25208235141774954,0.16632621264378286,0.24417916083987304,0.3009480872574812,0.29351407248767664,0.1984120523318901,0.2430689940902172,0.47954443655955353,0.4261301166857134,0.4537055781716338,0.49056796798672225,0.4469349311873395,0.4622503192442908,0.6726531032163093,0.6204887339018795,0.4924656007086745,0.34646515353830737,0.33045215388728,0.3688099145754976,0.2737745098039216,0.1388888888888889,0.19762388197262934
1,0.3482142644022034,0.9378176470840884,0.9140730562883791,0.7792767795113301,0.9695781282568597,0.4343056238302645,0.6647331563233029,0.5729976137649946,0.4267430227010302,0.9352468522199011,0.9453843643574791,0.9288731603261293,0.9166954033467747,0.9119753406279054,0.8914723960499789,0.9448062472975208,0.9269180308869138,0.8710126786525556,0.8607558147633738,0.8763248881648928,0.8974604695016619,0.9019204981564515,0.9145603088392522,0.9263453083737437,0.9206277704715691,0.9031269959375432,0.8802026539331222,0.3770634482819245,0.40941526535207073,0.46505811681989506,0.4606687162428665,0.4224956730198187,0.44194529616597755,0.3223388965303728,0.3590390504277145,0.3773799730191735,0.9371656849025795,0.9005498349693948,0.7509816489915606,0.5415441176470589,0.6388888888888888,0.9504786115677366
1,0.7679795790551764,0.9957144177604121,0.9901997770699783,0.9959511712222178,0.9789034027887844,0.7767713368798503,0.8027294844615982,0.7027728729004173,0.5947113307929218,0.9591622393197327,0.8988450401902677,0.9498007107600184,0.8734666205814623,0.9509258465724042,0.8750530889093756,0.912746948311747,0.9118603057512582,0.9350624495370822,0.9464686757758192,0.9205851493586766,0.9303011472835104,0.9350470745815072,0.9514251792251381,0.9299875864070848,0.9053512621409289,0.9194541147523763,0.8786964636606773,0.554598777519426,0.5839080655404078,0.5924763125696759,0.6285966028992076,0.6450746532606991,0.663765613397213,0.7476825876412534,0.752012280571362,0.7344934668507431,0.952754025610726,0.9610278189253598,0.8511232554055809,0.8378267973856209,0.9722222222222222,0.9484227159669856
1,0.35377213690682996,0.1568012044167816,0.1434194518264544,0.1267432060148931,0.21381239670147983,0.4790505386228088,0.42734820089268144,0.6602239739666451,0.5375481773550064,0.3131430468833687,0.5800009866890932,0.32800859850745445,0.5265214249084739,0.32089721172455227,0.5449208511225011,0.20547467276276038,0.28422880594860517,0.24766281389167205,0.20678854916337466,0.2821968426961149,0.2889973275904941,0.17895028764361612,0.26316962540208694,0.31276611152267825,0.26830219720666004,0.21431714185900824,0.26230244519372087,0.5283471438159841,0.49787010263981957,0.46822654420194393,0.48184276697843753,0.47007295786482906,0.4910233040179885,0.368277060776824,0.3244431470342518,0.42884803865394133,0.2300948252289988,0.22758497868528832,0.34404486402256995,0.227859477124183,0.1388888888888889,0.27236393021401384
1,0.5050426054057798,0.8217468419548121,0.8473524703195107,0.8467056716736142,0.920574096186189,0.49374558056703705,0.5744660407155995,0.5999114271590044,0.586954578631364,0.8451568638226175,0.6506608639365197,0.802472940748788,0.6979390620489809,0.7815721531392287,0.70171371982185,0.8424384203474026,0.8397741308733926,0.8332271685418127,0.741338616122711,0.8099408624430414,0.8109422226741458,0.9074486040276584,0.8014670198522109,0.7726343893625208,0.7920065705752339,0.8194004260625699,0.7516775744418592,0.4526533842537738,0.4202225560573743,0.4158746545355034,0.44647013965892335,0.4310321512559663,0.42446782072530503,0.4340600021620409,0.46323075393533963,0.5327297851520822,0.822219401017001,0.8189872055727692,0.6964300119386534,0.5145833333333334,0.6388888888888888,0.8811792963316845
1,0.7258128612698576,0.9035132890977653,0.7487794672418782,0.7684978694504334,0.7557931687160379,0.6890724071364537,0.5047815740442219,0.6606709798772986,0.5304837748457476,0.570719944555788,0.6633930958833636,0.5414641051165847,0.6562707695194604,0.5207861891045241,0.6400842977689166,0.6147859239107425,0.5304157723534666,0.46705844870503627,0.4654471753597487,0.5289662015103048,0.4695989770825786,0.59947060161676,0.4347942831267691,0.4946320992587518,0.47949934605825023,0.49836841521981917,0.4999692921819237,0.6327047410455796,0.6235844280566117,0.6215263186464953,0.5823027077562319,0.6245596513542645,0.6080620740021756,0.7467723953629595,0.7954144149501531,0.8067493764962455,0.6865877727083642,0.6698094753360101,0.606967812495442,0.6448937908496731,0.7222222222222222,0.6862896087957333
0,0.4823901090280289,0.38591158583614826,0.3633589807771918,0.31870997877408597,0.65092273796052,0.6578243165035719,0.5281063519651348,0.7111540648725867,0.777196305322318,0.4280391718775968,0.7189651094905325,0.3969063231804377,0.6172602135077028,0.3711663967439597,0.6515598205635356,0.4101377031623543,0.3639941380143753,0.3502786926920796,0.3944392686774351,0.42587026252819504,0.37363204839641,0.35971384742872836,0.3625863959829698,0.4376696016617885,0.3826009451478672,0.3827114959668095,0.3945430102261706,0.5354662617282911,0.6048232806772772,0.6151898484523901,0.6315068583364709,0.59173806731327,0.5753206213145063,0.5814782989423,0.5112155302152824,0.49458835196963824,0.39765187072631347,0.3765663975393972,0.4853535751589732,0.5219362745098038,0.3055555555555556,0.33987336989081235
0,0.5498650438091814,0.10188072577565169,0.16936188128033552,0.22807499230862796,0.6117277994215486,0.4939106883141227,0.41698447800112776,0.7221778043628562,0.7082829553788111,0.44809059255476713,0.5129381311474495,0.47991022750901735,0.45004586363948496,0.4019920705862283,0.427610962842779,0.6078637727057055,0.6024733776708845,0.4909117129345287,0.6238417896426164,0.515992318530557,0.5651005971435007,0.5192133380166384,0.5097551165079353,0.517894951880762,0.5574305015073863,0.6168673119505724,0.516911596100431,0.4702636747729441,0.529606191090179,0.5398686879774928,0.4635174264525435,0.49057184173984786,0.500886795869244,0.5766582729114919,0.5342385159672076,0.5886449748696975,0.3965515753301248,0.36394435777704615,0.4963440408688573,0.4847630718954249,0.3333333333333333,0.3586103650043542
0,0.3422114727934017,0.038136259347082355,0.11671121404724694,0.13416054429317173,0.3056368320365701,0.38560219228914044,0.35027706285616017,0.6008904729213749,0.5073432040186533,0.22536594205124091,0.31958461372374264,0.25453026669632595,0.3188795282094149,0.2606504351247442,0.3195157492927042,0.23286864847999122,0.30454709422173604,0.27973908948635084,0.2669465109942941,0.2648780919467443,0.26673242021474963,0.2999102949615305,0.2448476815694663,0.2565331112940669,0.28308569666957994,0.2670342410823341,0.26853046773030986,0.44206125416148867,0.4173252480383568,0.41461083073335664,0.4128173652217832,0.40451281168238035,0.42672172211652454,0.3899051051608292,0.34021382760325636,0.33702836546140613,0.17517839150779987,0.1840692307882631,0.3037451409243286,0.11527777777777778,0.0,0.18564628036601466
1,0.5597040247774101,0.9556238940867781,0.9092112502756218,0.9217899935337248,0.9769678786161027,0.46487855955434093,0.7980569418362558,0.6831888954769282,0.7116287594677521,0.9522501544663827,0.9190049625274721,0.9328814422747881,0.8885486231950172,0.9157419670143929,0.8930135511904147,0.9167695407203363,0.931023860981477,0.9280858067155583,0.920397297943149,0.9392542618683523,0.9178553144430688,0.9400292684678976,0.9288458187548727,0.927824245111038,0.925070301934121,0.9186912340958726,0.9117943602118046,0.4624518542963316,0.47790335486285024,0.4329354646563343,0.4505418357048714,0.42767473756167496,0.45074666158936155,0.5297740334904512,0.5683761703363943,0.39569538739034604,0.9350916256939675,0.9285613675260039,0.7950881332790772,0.6616830065359476,0.6666666666666666,0.9306441025312132
0,0.7351833042452923,0.715234692274512,0.5952044509011098,0.5467949565435523,0.6131326919676018,0.6560056501092321,0.640283897139719,0.703374725418887,0.7747771024887985,0.4500430306948844,0.5569896641191822,0.41933089298550213,0.5148645924436978,0.36047608433575967,0.5084691255340729,0.5279988564477408,0.4459240293633863,0.4570776227474698,0.4860828329378725,0.40087192102107533,0.5353963117122243,0.7104553606937575,0.5264026448246214,0.525650404040045,0.5477961072619191,0.506604371388478,0.4483744911831605,0.5164715606014317,0.5910846609755345,0.554851300076529,0.5858624543901947,0.5377324236053879,0.5139650153397938,0.7527324249135793,0.7113435904297453,0.7391475029712699,0.5541881472359184,0.5139670965174133,0.5596438069795064,0.6094771241830066,0.4722222222222222,0.4752074707320165
0,0.6138205830010577,0.45515207538390534,0.4673321616022729,0.4975497267650355,0.5933064590914103,0.5458563494968387,0.3680919499916609,0.6412495085184559,0.6448750958907158,0.5252487596980988,0.4951316895404648,0.4641263614823508,0.45272308732394373,0.4385719406300163,0.47312759530463094,0.43433567206234847,0.3996777590058122,0.4025574710196129,0.40047207876473,0.3878328763268193,0.4634165475737802,0.4684272377624025,0.4831357183532665,0.41328814384971135,0.44314942946194047,0.41911087649458617,0.40473416590129324,0.6366415810244296,0.4910422790954422,0.5270388791425735,0.5694244211331798,0.5843785163940806,0.5374726236166618,0.624319217027732,0.5897989401690698,0.5605472318530638,0.4512047029762016,0.4579471552647313,0.48980076324368105,0.49942810457516335,0.19444444444444445,0.3755234315300889
0,0.5068307329021036,0.20970201354269916,0.3456123689381092,0.17053488746903767,0.4489229122211844,0.5247669930873325,0.3816564965078229,0.6618503945397675,0.710971146160305,0.40929779684358786,0.35159046193034565,0.4475433666482913,0.32294950504006564,0.44044353552979476,0.2979595242493096,0.5248610497863204,0.46976793170162334,0.5823840862798889,0.5841786896472355,0.5256605735145589,0.5266027407885286,0.6118468618744524,0.48238773862612006,0.5260127287774129,0.5231706924305467,0.5624125698573064,0.5714491040251635,0.5391355189730745,0.504082343965921,0.5587168986379427,0.6148833444855031,0.582501512907877,0.6266089255570134,0.5013229968580873,0.4758380011916274,0.5980999391987688,0.3940354766591036,0.3586169705952287,0.48455643706385887,0.488766339869281,0.3611111111111111,0.31724336275573406
0,0.7501047593877861,0.5817557805118708,0.5050594103540644,0.4370365481157827,0.6701163783670021,0.7440027297551132,0.5706970465230251,0.7175281158617691,0.6276239124385624,0.6360243377878161,0.7232002104483979,0.5904144181963049,0.6835283702695751,0.5927189994306403,0.7308212514669858,0.6119916496385301,0.5392050130284145,0.5882071817399852,0.5244139620260783,0.5167407771233451,0.6826938398506971,0.6238566677246284,0.6072708408754067,0.5817267261051967,0.5867640698036705,0.6233517415472305,0.6128892633969847,0.5528357128287453,0.6273496193870546,0.6152494486306387,0.6206547017589683,0.6013688183201691,0.5794925761799209,0.6969469950735802,0.7243169751898383,0.6706062091801527,0.5947206161155686,0.5627834791786258,0.6174846678553269,0.6660539215686274,0.6666666666666666,0.6276721818698694
1,0.4159810520835613,0.984323896425599,0.9504765247587651,0.9453867307256679,0.9155017204625795,0.5181945807563243,0.6532867226254513,0.660687227994958,0.6999935312278688,0.958427924502994,0.934141930180093,0.9494239341462931,0.9309826578262781,0.9470551483040357,0.9372070458795495,0.9693762548995701,0.9320193659570789,0.9416356123918513,0.9383680778603624,0.9221463955041417,0.9381657490962998,0.9539059280109963,0.926382925225229,0.9487462396440045,0.9608896780978049,0.9472756118609943,0.9599013439845141,0.5965173593640476,0.5435116385405194,0.5179591770214276,0.7069458420593525,0.5472725237244567,0.6520261179668709,0.33202374860602674,0.34164075137684663,0.3403861317614518,0.9677080284904873,0.9591131929002332,0.8094888586797994,0.74718137254902,0.8055555555555556,0.9252517633567467
0,0.6612383782874264,0.5208210837419264,0.6170064656975861,0.582773742793495,0.5755000423984322,0.5676877138918776,0.6059635437152493,0.648601080046722,0.7054878904546908,0.389196851253328,0.40457992441239254,0.34674916509343456,0.4355372780320928,0.30512129738216076,0.42717200708214964,0.456570640956667,0.48203317042982835,0.31138770336437666,0.40273745369413,0.4082865826068704,0.35167138654232777,0.44039870944726994,0.37510165092663694,0.3940886276897905,0.4239405719490458,0.36879860646980944,0.3584183183696986,0.43009588378365876,0.46574038836951576,0.4650678156563249,0.4693377978611234,0.47116349629725995,0.46768955467827117,0.65617045809576,0.6720642472353704,0.6640772633570826,0.4413802965973426,0.4424071859935368,0.47336306710451537,0.43157679738562094,0.19444444444444445,0.4255977856604729
1,0.40703157703320186,0.9698799981742685,0.9604346803597019,0.9545918462261327,0.8110494878260054,0.505483093700797,0.6234987103119377,0.6445837050736268,0.5924734573314842,0.765734160951023,0.8941503928130692,0.7622015423944848,0.8450366344682051,0.7892424693974075,0.8758153233188205,0.8630266976519047,0.8277193240997822,0.8162262155398018,0.8590462627364891,0.8105467470076022,0.8345302753376191,0.840145391514656,0.8863564700020964,0.8527007443190888,0.8450750757313008,0.8281111455449379,0.832920110454188,0.3983339648666922,0.46125525844587195,0.4413100107126846,0.506107373683474,0.37034651079775394,0.44642958673712163,0.3876248822578224,0.3529352995887423,0.5207260218253069,0.865036079406886,0.8677885107688397,0.7265449166546567,0.5386437908496733,0.6666666666666666,0.9052694700152683
1,0.9082102770652197,0.9968906415770128,0.9954695798978002,0.9942109926333569,0.9377157761674697,0.8465096202069519,0.8893300055736618,0.6771817403340279,0.943631384208822,0.9539614919882531,0.8972812037709973,0.9537195282866022,0.9499059803054127,0.9608503961311425,0.9513005190686551,0.986611566007045,0.9648656638793394,0.9689154127540719,0.9852646298709794,0.9528441144127937,0.9594325525778865,0.9610221719824059,0.9600669891309347,0.9828654844600883,0.9654528953416521,0.9654309762182589,0.9721112612027221,0.841130216503241,0.802646101760998,0.834427660548426,0.8952978706659076,0.7616299341368503,0.8449452040001444,0.9150449615806392,0.9070685740941821,0.9351787571888259,0.9790739119568866,0.978456624927032,0.9291074989958733,0.9510212418300653,1.0,0.9346897735669139
1,0.5512895966138975,0.4931394066612607,0.540424866743529,0.5491069044386739,0.6105599497495089,0.7509821902724864,0.6212417595496327,0.6858783954765217,0.6877687085988523,0.5848830507184304,0.519185635791097,0.6398075121635841,0.5542128908565944,0.5658014500155223,0.5276921364936721,0.5757351170004242,0.5607527942969402,0.5525654217937674,0.5425750155989605,0.5545301249046569,0.5928111536039303,0.5343200453899827,0.5432918801376145,0.5302736228669411,0.5462879325375041,0.5226040314483067,0.5477050283783534,0.6721893632295031,0.6914106658483524,0.6649709393024298,0.6027311009202884,0.7525580819680117,0.6900015740621286,0.5773896870708439,0.6065999383997565,0.549479077678814,0.569560678608423,0.564718078055893,0.5857372388159762,0.6433006535947712,0.5555555555555556,0.5740097174178462
0,0.37017720828269846,0.2731600965313391,0.1522768382491538,0.17074681402511088,0.3254632484387666,0.3864642613031915,0.36445548575939396,0.6402184877221697,0.5664581468275368,0.16242289647028854,0.2364981755895328,0.18728365878339887,0.2829897080150974,0.1878750832522738,0.21564404594906111,0.19447274572171694,0.24363118253027669,0.2180213125766648,0.16918760067746216,0.19879888174443205,0.1684396684293463,0.23468292890359152,0.14969200757791293,0.18173528203643471,0.18751122567128956,0.1923268060932929,0.20414244944505086,0.4035494552635582,0.3974529316065418,0.36505967800887507,0.34156692097238994,0.3346677704117933,0.3611373347419312,0.33280128061348446,0.36856080769953975,0.33355366188819574,0.218305500345485,0.2027076796627679,0.2689404309778334,0.07667483660130718,0.0,0.15720229859030868
1,0.4373493298825256,0.9978038459524434,0.9956757949898586,0.9969568916026773,0.9774465894384632,0.4996268354422247,0.8403041246809313,0.6600138225967371,0.6812401155549499,0.956170371903758,0.9470382190658203,0.9327621210623572,0.9321966961377566,0.9292792809080179,0.9268087253967721,0.9618262519898632,0.9326894043881745,0.9231214331119628,0.9455137078570588,0.9425333414699825,0.9254158097726808,0.9479580505460428,0.9460133367143447,0.9412672959563178,0.9451321451999957,0.9213671034867653,0.9352720009579842,0.4305834612069041,0.510968120704436,0.4123598311149634,0.5055604728293024,0.4020724586613245,0.46120866222261364,0.48531956306227836,0.45189835612682705,0.5688780933516726,0.9641307396682213,0.9637256783030719,0.8088113564856234,0.7011437908496733,0.7222222222222222,0.9541404851225559
1,0.6795852693225131,0.5572557335507222,0.5160109365546963,0.38572274735775025,0.5880013151511597,0.6568761615139062,0.7278676140315918,0.7197940604232302,0.7157366718485417,0.3631785197418942,0.41721727577864154,0.3579543851795825,0.4123744964809096,0.3162125062306297,0.38945691558268186,0.43474482332490466,0.3965281456674196,0.35680049692621335,0.3138785553921671,0.29927058953497265,0.42774107232772707,0.4306732162886215,0.4645154977869217,0.4141785931992637,0.450654719517018,0.36480319442808073,0.31031519776932404,0.5228825389722456,0.5391046253615679,0.5262819598513512,0.5465146821770089,0.5094897268332573,0.5002467917062281,0.7164442483118921,0.7113582726250548,0.6514584143377382,0.4499849806850698,0.4103780391287179,0.47980120848329977,0.5028799019607844,0.3333333333333333,0.38938694965584275
1,0.8364124069053668,0.9879241033313055,0.9927052493381628,0.9866504877305002,0.978128518994664,0.884369419384221,0.862252949817937,0.6775413253125705,0.8488257812441103,0.9798832549780958,0.9209012739585063,0.9733335886928518,0.9585308733932077,0.9656239378609982,0.9660516153044195,0.9837268213901319,0.9481929459949523,0.9730756163121145,0.9710030531229691,0.9412893050936382,0.9646092973180566,0.9719538055680466,0.9543784589838278,0.9851138527822463,0.9690658407666404,0.9611940846684378,0.9598093227511635,0.8783506271625542,0.7575871229475861,0.8170234156429245,0.8966939405110014,0.7822488777930173,0.8418922823554774,0.8407614954898803,0.8349774954521575,0.8122030434440618,0.9816615044714297,0.9794517878011575,0.9212814223476908,0.9575571895424838,1.0,0.9391203532979142
1,0.5852551338020872,0.9452117438168071,0.9180939324242662,0.9206810162646928,0.9687445256521285,0.6117023480650126,0.8294087576808208,0.7229413510446323,0.7744134034514973,0.9446314497829988,0.9213861141303902,0.9263356239945072,0.9153717463922441,0.9173754871215453,0.9341633094979425,0.9481916597673644,0.975505236099842,0.9144831715864409,0.9632884329740993,0.9336972380560891,0.9625014658940279,0.9264144315914548,0.9587408058104047,0.9734616154776359,0.9579493253045575,0.9603724729135403,0.9330656851984179,0.5349782973663961,0.5389901454910289,0.5589421489043618,0.5483265405110365,0.47686824144548545,0.5045589129194886,0.7164697591225753,0.5827303205553618,0.6124122911111735,0.9399130091928929,0.9315591061929833,0.8336400161931597,0.7979983660130718,0.9444444444444444,0.9370762454666107
1,0.4539720594558755,0.32305583532016374,0.2948574509533921,0.3101543483390588,0.5046966515383395,0.6090803009640281,0.4993964217654985,0.6587093941993812,0.5957731772687073,0.32360020448127785,0.3312602535360358,0.32884486736012514,0.400430058772166,0.35157586698265175,0.3948742055471274,0.42280293858927037,0.38143052311929043,0.3866666126282171,0.3409041181005594,0.3644089979034699,0.4161327964536426,0.4242032082909404,0.3555813497430567,0.406888670500125,0.3846470442416403,0.3867005096885631,0.40733547052966373,0.5803847603256573,0.5770181225262802,0.570467966005291,0.662287289761814,0.5393995074336361,0.6221940692088339,0.46887207099814615,0.4277899111695522,0.4651084109157523,0.3582345470898531,0.347286771318254,0.432993792727711,0.4302287581699346,0.19444444444444445,0.30136616650230547
0,0.40355518453828215,0.20000446354170726,0.1883490158252191,0.12170278202506149,0.5436270973966332,0.5920887869206161,0.5793227351325853,0.6999659726670118,0.6445000871263483,0.47289630321704684,0.397445555525814,0.4782724120391066,0.48280502363502054,0.4378979373232822,0.4121577997750128,0.4403231708208299,0.4589856346243827,0.41789098520529666,0.511788554167732,0.41048206575585194,0.5083139721195494,0.5142859480855411,0.4733066367479984,0.4555178598046517,0.49848419149903805,0.47524361699876705,0.4846619980908304,0.5096729271686435,0.5295313846251497,0.5367440286964784,0.5304365616309972,0.5109962796478223,0.5163767561761841,0.3666739285303333,0.37188946115916965,0.4329675335227773,0.37286668213388124,0.33564015314999746,0.45598036287816596,0.447671568627451,0.2777777777777778,0.3874931837040867
1,0.5195948371968132,0.318331607869815,0.3106961820815449,0.3176841143607274,0.35696251524145256,0.41859032840869614,0.39709079680267495,0.6464344919385999,0.5793503501056105,0.2990194278591774,0.4356367845008046,0.3126861668011173,0.4446137836668155,0.31660335852176713,0.45282637318017754,0.3000931877167953,0.3536529210900879,0.3304578838218991,0.325507103104521,0.31184073733685114,0.33741770200736343,0.35172317925661256,0.3191756910911244,0.3557354434861397,0.3519686637700672,0.344023459830103,0.3323536617793198,0.4616972949281783,0.4705158650906015,0.48730465283868535,0.47245496461653597,0.44762734876895816,0.44947922930622963,0.5187915558734933,0.5007374826133189,0.5073421269839069,0.3103703207959092,0.31307968705404443,0.3921596314203611,0.2941993464052287,0.05555555555555555,0.27007363739522533
1,0.6562763841137945,0.9607162604494427,0.9503349061275493,0.9647347474940897,0.9036100063746335,0.8415705199970713,0.6722206681246836,0.7435586382813167,0.8931479715856734,0.7704757547057917,0.7066088756567825,0.8086563230638468,0.6198733119709825,0.7574395462121035,0.6853613056233512,0.7698046639624848,0.85341499285663,0.7773410292869516,0.7751358860451897,0.7655581868070022,0.8443907834427952,0.8540451402563927,0.7905620172537273,0.8546204462250048,0.8114895947613037,0.8617817288524438,0.7222279022994942,0.6997614116531589,0.7553484919078312,0.8001871982704983,0.7353952110918179,0.8178244922369388,0.8200030998290762,0.6619662393230814,0.6797693961482942,0.7410450275366021,0.846392415825258,0.8522703082363934,0.7893833686791126,0.772467320261438,0.9722222222222222,0.8043650404067247
1,0.7776279221889253,0.9945160056857067,0.9814937926939444,0.9769227525487005,0.9775801260639545,0.7849996965927063,0.8553564944450621,0.7864062442738897,0.8941284861969873,0.9603942725901519,0.9510948751906618,0.942508483161199,0.930725739089388,0.9254687770869238,0.9541980340967635,0.94923654999687,0.9339319080370477,0.9296916337763574,0.9400071869107759,0.9145161572253718,0.9364524933717173,0.9860323923719263,0.9456768541832863,0.9410416884906366,0.9423960012629815,0.9442195042389814,0.9318036961699329,0.5250377250013248,0.6649528034972247,0.6333796593538713,0.6793950952917776,0.6222593004649268,0.5527542977809362,0.8050866590667464,0.7823130191435049,0.7946822757075171,0.9620870129479252,0.95773051369588,0.8754648602210847,0.8933006535947714,1.0,0.9244126326489328
1,0.4874260800275866,0.2342414838878796,0.3809429372430214,0.25954375837161114,0.7465329920867398,0.8169198700393561,0.5697523137085909,0.6636571518955143,0.5342227857033094,0.5647101986061858,0.7355507933382965,0.4950878894481778,0.7626502564468713,0.5207707540973242,0.6845279959317282,0.6741756099676246,0.5509136114716843,0.5590719972021692,0.6144162491669408,0.6731684901366571,0.5779726511819462,0.5669447589913287,0.6551784041311305,0.6733009161533383,0.5987185034070848,0.5994988842935258,0.6489425333117042,0.7026788544509635,0.6430819131732922,0.7249856239939609,0.7052219406734299,0.8008104333011383,0.7489334056489444,0.5257115290825831,0.4601861937603925,0.5021818092599419,0.4678349944345606,0.43676389915452346,0.598045413922915,0.6176470588235294,0.6666666666666666,0.5911571243109885
1,0.9352284359686902,0.9999998182422217,0.9999996403897891,0.9999998896476479,0.9815277981654281,0.8090806277755911,0.8918338495920555,0.7324480463505396,0.9501156126177871,0.980147071721948,0.9546599900082633,0.9788388610406471,0.9691579967515042,0.979684226575373,0.9696152918802656,0.9906491773578495,0.993158207769624,0.9808640768109477,0.9949957430145034,0.9895940975918099,0.9786232992235115,0.980988133649739,0.9762942061712144,0.9877361624289498,0.9804527417635416,0.993959326027441,0.9767133491039907,0.6000995013467392,0.7305404569951788,0.7745779492482643,0.6930038279273125,0.8107863368086038,0.8546539503199122,0.9397264101928064,0.924302563166344,0.9199690799522242,0.9898292855469061,0.9898343945727479,0.9314521465941125,0.987581699346405,1.0,0.9385666719163864
0,0.561371024154945,0.35184376154849395,0.6230660164715328,0.1745013300891848,0.5232467235395132,0.5440863629535444,0.46182793328705907,0.6697852116301058,0.7111585012809587,0.4884415956769336,0.6414696844151828,0.42846136563282694,0.5542399801221939,0.44865295873019206,0.5315045541547123,0.5705424498919335,0.443392210493467,0.47372159305295136,0.5369730661838823,0.4102241411230775,0.4404575596302881,0.5007760110781039,0.5422968086116191,0.4195883750358163,0.47010314273373144,0.4346688022129547,0.44269680672180456,0.48721215978406207,0.5303934374700049,0.485714974204074,0.49228135671777545,0.5200261651471995,0.5496097671649306,0.5672875622364753,0.5940478906483787,0.5945716866893516,0.4502825256910848,0.39480037317852623,0.5003129142455888,0.5033905228758169,0.25,0.4170333834769073
1,0.6135912919777728,0.3969894206064345,0.45014110570119426,0.40528686012081144,0.5372503750350488,0.607439566958362,0.6001194082222278,0.7282938082976876,0.829837029909636,0.4574932829894666,0.4405302555927227,0.420835821626,0.41695372371379796,0.39285329511091105,0.41263787560089255,0.4160776710697501,0.44961903887143495,0.42203629073662713,0.4597365480914192,0.3932226672118783,0.44936735607982115,0.4948460033707868,0.41243953224027036,0.3805758666775719,0.4638157484678532,0.37377552850907064,0.44763230022540873,0.4868793393095109,0.5279788969145881,0.5136847519316452,0.5468404782233103,0.48981621478433446,0.5202100179288016,0.5723769355183206,0.5927964848015035,0.623603338600076,0.4113009711007282,0.40640861370678144,0.48344061120276033,0.5053308823529411,0.2777777777777778,0.35389265981560286
1,0.8203193860202201,0.9999615490970793,0.9999303487590936,0.9999673164140825,0.983354500973035,0.6909602257500294,0.801345543397623,0.6813055829528509,0.807164773150717,0.927853920557171,0.9006845815976625,0.9339998337093192,0.8911801812956123,0.9378078904568931,0.8946232072661806,0.9819515830518377,0.9399749597364973,0.9700172509566166,0.9584129297255759,0.9522668948761064,0.9462369705474397,0.9609209138755341,0.940861087394388,0.9738195536048705,0.961365743693004,0.9648397248040639,0.9594349415849981,0.5962363477762763,0.5459638355256143,0.559476548358212,0.6517134361572179,0.5993444514023691,0.6174397821113383,0.8073277959489663,0.8048645492066516,0.8438686761188856,0.9719709886194122,0.9707376345458425,0.8704127720077992,0.8912581699346406,1.0,0.9405762323719395
0,0.3676505674599793,0.15653163020782085,0.20046130355379838,0.24149930107525996,0.5003097947492171,0.4704250407775067,0.3124195600891186,0.5560871138193426,0.590356709116595,0.37152424188275435,0.38781796838590993,0.37802471231383733,0.37542123713852443,0.3854722573474333,0.3796594224710933,0.42814021114130585,0.3658544382827768,0.3872648341708966,0.2955608132219742,0.36799390186502245,0.3308973980290529,0.32296567290359685,0.34832175866559406,0.35697210112098265,0.3281549966127485,0.3680297512225874,0.3317133306409276,0.4910677149144556,0.49369033621775404,0.4766713672152212,0.46976174720765007,0.5020347503465649,0.49336266926925304,0.36168187966336496,0.40600153007353545,0.42414868737482647,0.320898851220988,0.31793362241713147,0.3817460409451339,0.2844771241830066,0.05555555555555555,0.2807764567160063
1,0.4562267638221525,0.17490930400129126,0.3194134236130094,0.2863589177580619,0.6426477893951241,0.6315740371170887,0.3753416724833432,0.6597445513925808,0.5964900235816532,0.6766927760143028,0.6782462563144092,0.5607630249729151,0.6479700578842413,0.5453213904996583,0.5619541100195585,0.6652497111094845,0.5055596183271548,0.561432658091697,0.619923547887278,0.5933126547964992,0.5890794922833834,0.6726206864377032,0.5369039831600982,0.514579927514481,0.5190697350077602,0.5351877431017519,0.5115780891083993,0.5670242404140222,0.580026331537042,0.5394600491735354,0.5543646543067959,0.59871225963429,0.5346696882145795,0.42097313787793084,0.4552489009653045,0.4521861897227976,0.4669740133612303,0.4465204696682822,0.5363153194025069,0.5314950980392158,0.5833333333333334,0.4999283494482064
0,0.3982226477924899,0.21897863334218792,0.24357273404217006,0.2593726652555905,0.39708893524959304,0.5818735924118132,0.37479834409175705,0.6446820027930562,0.5206467808301739,0.28683159053060364,0.2979650152782295,0.34091075174699104,0.3472579715947738,0.3558583185782357,0.3744785887113042,0.31515429133933626,0.37802240907604995,0.38917468298787494,0.3577465926559504,0.4341596836665741,0.37765866928673086,0.3820504968246434,0.33295734740136423,0.38248021436160196,0.33495130801784095,0.3398739650439349,0.3658916381667024,0.5701522830239864,0.5495807214826621,0.5513170551301271,0.5363124817832693,0.5474128190607181,0.5453588298272286,0.354022666949314,0.38561736267070723,0.3685585417312575,0.29168122547617176,0.2980549320524683,0.3913293807652402,0.3391339869281045,0.16666666666666666,0.2599014458457719
0,0.3674426177491775,0.4657574529091987,0.26312283396810093,0.32605885733346496,0.4333528175136412,0.4446726610868963,0.4686027487772489,0.6416612490926518,0.5391809852320422,0.24103094633579109,0.606260109383612,0.304470675044295,0.602818722769144,0.27625448509831924,0.586945471338309,0.26213462558285683,0.3341411879203341,0.302084746022934,0.3173066182086043,0.34483765169290653,0.33908725095741893,0.33116205381475805,0.2974187055850123,0.3006201305372573,0.3129911195855007,0.314375930226283,0.30364322600775195,0.4805768382124772,0.437253769784565,0.44940526339658365,0.49090817939011594,0.44077020410379075,0.4470595339259211,0.3864198067365499,0.3620982179196164,0.36854143120677896,0.34412091784545024,0.32693521919362695,0.3883210092041038,0.25833333333333325,0.027777777777777776,0.33190836417080855
0,0.40572980795837427,0.28850994512806644,0.3150487144187064,0.2028519938315582,0.4091889566373031,0.4648763121869022,0.4693365545054642,0.6447695099198026,0.6563671208767609,0.33959597499231625,0.35592592356015895,0.3681155401020315,0.35684331233961986,0.34609852755136616,0.365285363856112,0.32893432845493814,0.37748828271445667,0.35725308451069565,0.2942937207744144,0.3096089716717425,0.30435679871169175,0.37754064188453285,0.30657583101547314,0.28623368829571993,0.31251566838295564,0.30252090550734473,0.31771783051726615,0.4683144467546873,0.434789180230981,0.4465134748293917,0.4505865081629479,0.4128258421598355,0.4584065102692139,0.3973709235845297,0.4229319038944258,0.41448681843144947,0.32851993789501205,0.30690206701359213,0.37393307086100924,0.25490196078431376,0.0,0.28109006983220414
1,0.4148472521370573,0.2601119251261733,0.2738014270846917,0.24197066666168351,0.2410269600065003,0.481871172154581,0.3937846345818173,0.6539143146083679,0.6501150896511116,0.30768957565338695,0.2797116656948788,0.32965038237127053,0.30729618883158705,0.3144915349887998,0.2936016527103778,0.2642670913988835,0.3160764048601434,0.33055217143126064,0.3006429917720159,0.3161231468813273,0.38212423725455363,0.3398334579741938,0.32736413986496377,0.3267559926006415,0.35712559778152453,0.31042360376016825,0.3003424843630483,0.5183090685962175,0.5167271124660807,0.5422600556685114,0.6296407653405666,0.5115036077973629,0.5795856462663151,0.40588388701818806,0.36786338091349724,0.38924006323112015,0.2846764662987758,0.28209832010936214,0.3701133954553262,0.3018382352941176,0.1388888888888889,0.19820736958630683
1,0.21732133856384395,0.7451917231677851,0.7464571973488657,0.8373457504223737,0.8298995690595247,0.4598512153184192,0.6658296542224887,0.5759749877887588,0.4001353897693339,0.8816164945914926,0.9539698436875346,0.8797271293713367,0.9268486988928807,0.8755587772752247,0.9161203324702116,0.9320492657915066,0.9133593964814003,0.8652231962677438,0.9072601158795903,0.8880935520332192,0.9035558090737768,0.8926735140926076,0.8987956664750042,0.8765161515445515,0.8934002980636223,0.8871265170542523,0.8836604475821781,0.5201651641100579,0.5143723297757654,0.5248518663251327,0.4970166438473012,0.4740261151818164,0.5077883679964245,0.30528651630213904,0.21805243393936338,0.23869146445689932,0.8523227061102094,0.8539745292056453,0.7329557166856158,0.559967320261438,0.7777777777777778,0.9335286231427815
1,0.7243180290163154,0.792711943677784,0.7320038439285488,0.7331052220262634,0.5229759057099731,0.6705648887105223,0.7099687852085834,0.7419320908177666,0.8323576291378942,0.35850970866871845,0.45601554334506667,0.3744664255334178,0.4648799485769873,0.362776313095022,0.40894842213680993,0.3271694320677293,0.4373326634040236,0.36982083899565704,0.4697655989956167,0.4359337685308223,0.4662458082355722,0.4278772899712464,0.4045017973977583,0.4139734229124731,0.4778483297076885,0.38788316445025317,0.3796772036176223,0.5563153722586842,0.6933119919306328,0.6424678400753867,0.6177763287981222,0.5677582589866859,0.6495542547263867,0.7155468795170091,0.7214496948467886,0.7191498258767055,0.4981159337596437,0.5180458672800433,0.5367219486792666,0.5959150326797387,0.5,0.4023961287694663
1,0.9054674654371843,0.8209364463611516,0.8609854276430344,0.9333472854452548,0.8320315565898967,0.7150887758518164,0.6479909087773343,0.7211520292219813,0.7820303419646267,0.6001417709217063,0.51382755610651,0.5514498004637834,0.4655248983648416,0.5084637718646915,0.4490514494190907,0.7578639189727889,0.5838064875607597,0.5060165188295068,0.7743556284606516,0.350588298619631,0.29837745166001056,0.5787113961084013,0.596996669339711,0.43333452159890046,0.4354157996298468,0.38908268583842237,0.4722474989627777,0.5467415588560747,0.48453851416105614,0.5256608131528573,0.4655316269671772,0.5643175816838178,0.5416198668149724,0.9106253223266694,0.9025210422471653,0.922487844725139,0.7100833885992414,0.7144122446215342,0.614650679275403,0.6160539215686274,0.6666666666666666,0.6807021201567275
1,0.6832814985717993,0.7018307008649833,0.45371019436310467,0.4188483762607361,0.3754175442930733,0.5932003548496462,0.6965492585795132,0.6670850088162509,0.7078899994322879,0.3116965019509608,0.23605801713626037,0.33176187876828866,0.29363647162337786,0.3124112663817381,0.2250856152340317,0.3187914208808598,0.3460076230821089,0.32796573332850415,0.34721624276041024,0.3386789009641256,0.35639309492143356,0.33507998439762815,0.3179067381682875,0.42004782035595084,0.3683677935423452,0.3352968356739954,0.3794058416500397,0.5491062254886968,0.5558687437020788,0.5690651898621107,0.6460319303366773,0.5619751870501072,0.5768604381611377,0.6728493461075326,0.6589777288898481,0.6908673222999842,0.450794666838044,0.4167287286313212,0.4484508004542289,0.4561274509803921,0.3611111111111111,0.36448173268134576
1,0.6574359529865095,0.35870379539381436,0.4961211492893291,0.441058569387601,0.5337860747688136,0.5851913537884919,0.46818833116926806,0.6726605500936341,0.4646901621447142,0.485422242594316,0.5085939639376374,0.4174490439019042,0.47501753686509895,0.37719939136893466,0.4650384368800939,0.4322572123533345,0.44662608717900276,0.37280202445843524,0.39584605466595635,0.37148283350650435,0.42303759326351315,0.4887969217195219,0.43714885863277214,0.4229930047346005,0.43589857067419896,0.44022166298074755,0.37568460311902985,0.505675297965481,0.5031337570780485,0.5282144545774514,0.5114756751174051,0.5040412979575621,0.4910014461864676,0.6664048989924555,0.6524004841067075,0.6631606691824465,0.40280335054968436,0.4053336024811177,0.4778239433954596,0.47653186274509807,0.3055555555555556,0.4417170033733826
1,0.6240538747482107,0.5146737259917262,0.5348897806719151,0.614755820914495,0.42866092116508275,0.5663195016471784,0.5324696131124216,0.6656784547495894,0.6033551548424673,0.42217152835573346,0.45574377592569704,0.3706348921305814,0.39630417048762895,0.4036597406177962,0.32398347055327653,0.48278172735190666,0.40531202459613147,0.431037836472551,0.3591483636839175,0.3873387376212022,0.44534660298946754,0.4215840434504368,0.4223277051274922,0.39305150609602313,0.45321236365348827,0.35870019306823187,0.4213928218564238,0.5947964703191896,0.5525299970695027,0.5774548730491664,0.6222774838574161,0.5081212904633138,0.5501004921499935,0.6444581285052527,0.5807967943607997,0.730893995077485,0.4560301151580714,0.477301181401301,0.4846995107902659,0.5072916666666667,0.3055555555555556,0.41548521077302425
1,0.34749774883585305,0.1591764608107901,0.08713915807637374,0.08446071032976393,0.49719265705962,0.5918102019647445,0.6131802716397157,0.6549559569994509,0.7621795503550127,0.39703230727876654,0.4488797433599413,0.2984131300644985,0.3877276961602502,0.2713789139570172,0.4052174957329992,0.3750423633542614,0.3276497325033897,0.28963013235583784,0.26930596679996577,0.2512614350814696,0.3855335104883435,0.2889200077940726,0.2893598956158318,0.3442682362818836,0.33703072368267917,0.28703463044493627,0.2655604756519608,0.5864207418980457,0.600315845659038,0.493914213938385,0.5617233414876878,0.5129976205051643,0.47964163391411485,0.31477775854492923,0.30581194862496647,0.3868704383314424,0.2775439847431833,0.2376943157032662,0.375751039808871,0.31548202614379084,0.2222222222222222,0.2592577005697493
1,0.591512797644298,0.36605616782955436,0.33253383509871776,0.3079394994048653,0.69451095768692,0.6153328196591936,0.3773338249499561,0.5994829552176225,0.48415904735939314,0.44252246818208835,0.5819364078023538,0.30997587351162764,0.49416530208777054,0.33894882024840844,0.508469654003677,0.5046141625001425,0.3051328231806642,0.36564605682386664,0.4831969385114695,0.4185473431067727,0.3636665729896078,0.4328385418729492,0.3509061770915314,0.3812165139007638,0.37497882521004866,0.40064439526818896,0.3892538388662837,0.5829204911822972,0.5206494513111057,0.5443014875501652,0.5361255884743927,0.5658697360678868,0.5028104657351851,0.5709999682632422,0.6191200474295951,0.5965337652977475,0.3935487346137749,0.36550690469891967,0.4595590707980118,0.44428104575163396,0.2777777777777778,0.3871991048608984
1,0.6615536142478777,0.49103621089571703,0.5755028656210424,0.5087816733986704,0.7143239262449779,0.773332685039297,0.46406067888457475,0.715469821527968,0.8319811607335683,0.740437999385674,0.6289176384941062,0.7358078813012121,0.6807549408487935,0.7157393432187772,0.6195216315465993,0.6483630614748427,0.6400613605712246,0.5968668480808969,0.6164600468341956,0.609731516348071,0.6059263759219949,0.7302986552018297,0.6589757925463527,0.5863856532347123,0.6909338702439958,0.6215556922872044,0.6541467503279604,0.6938835988923931,0.7380891285942361,0.674066127698332,0.6156302145153225,0.7446409401650038,0.6756976455233166,0.6465321650029162,0.6911529793157138,0.6877783672179143,0.625069051223924,0.6199456340578439,0.6534059847414707,0.6996323529411764,0.8611111111111112,0.5880253636694525
0,0.5198512393060136,0.5719326743443328,0.5733860614443289,0.5437522458186796,0.571597420913546,0.6313961371374376,0.5938101478842388,0.694785652657107,0.7720027857487125,0.5724140099661971,0.5332679156673226,0.48212370919371966,0.4305737520671425,0.44341031404317777,0.44177403565256396,0.45690015584386323,0.4742962519670911,0.43655754167290667,0.43888063809111577,0.41003958840467425,0.46177745591078356,0.4782751955147963,0.45715886847317677,0.4591879025813775,0.46788547512557016,0.43324125470036473,0.4496125398526683,0.5016303098626409,0.5386701287301107,0.5407920721956944,0.5451943642571283,0.5113198992094903,0.5154250286679982,0.5259308916738834,0.5533479343127619,0.5195023052392613,0.5036521797939719,0.49962381984875465,0.5099878142494957,0.530923202614379,0.3055555555555556,0.4617038161280401
1,0.4687599966111825,0.495445790161589,0.5028819289165218,0.30150129510321877,0.5362617856737767,0.5426571229313357,0.4591487085680851,0.5806171830670407,0.46440887636113265,0.4211769083246405,0.625408042219199,0.4464727287446656,0.5472308166938193,0.3811582393813254,0.5649396268214372,0.21148857331410098,0.3865298769155473,0.2797479004143409,0.2199778742447826,0.2768251061799867,0.3854858600685119,0.3062390835081193,0.3787020831337221,0.2801560247349416,0.3172379521733183,0.33800532084563206,0.31024479115796194,0.527264585757874,0.5529242043331228,0.5001790593558716,0.5413195552991729,0.40904474954938963,0.5738655306434193,0.46107648232387494,0.4759824064432732,0.4630730721329933,0.38446903074011857,0.36721332534097995,0.4246882185943067,0.358578431372549,0.16666666666666666,0.4345992210873295
1,0.4479982660138756,0.922331258118127,0.9143742679378786,0.9219651337809281,0.9701275149216756,0.5755472476440957,0.6731285645513884,0.6274282174541997,0.6418505384287643,0.9556333390295416,0.9531287821641176,0.9413627516304434,0.9203766105239296,0.924719249507364,0.891681251928858,0.951905841622387,0.924614279373765,0.9167147756844861,0.9543807099352429,0.8818361741785083,0.9195995132922471,0.9710158046466117,0.9320569506145507,0.9081375600778819,0.9353888094747453,0.9210204780545675,0.9379532829700601,0.511187034838285,0.529009657013345,0.5411380727663205,0.5299874183597427,0.5070314304991315,0.5129801155433912,0.4586613454107848,0.4539027283823308,0.4399838141809574,0.9385332837903192,0.9324568469318499,0.7983707692252268,0.6985089869281048,0.8055555555555556,0.9323990935340585
1,0.6140737164209621,0.9659779153169687,0.9753052936197365,0.9642112393839175,0.9526880267548312,0.5793181715064086,0.6717403592152812,0.6601596944521188,0.7108230110385662,0.9405638506305285,0.8790805084710455,0.942992726490458,0.8262260827923182,0.94287419806114,0.8175027808744313,0.9691024789479127,0.9109521576037436,0.9724910662899942,0.9549136681147056,0.9409404393651889,0.9283774368530339,0.9433586740336475,0.9392724088703194,0.9582829642926497,0.9387656878645755,0.951902007346466,0.9502036314628728,0.6852791360839484,0.5439926309133721,0.5494810111932615,0.5883219308322704,0.612961497818973,0.5739064883118459,0.6269963251397415,0.6274586748072146,0.7240443361727009,0.9593577069184466,0.9570317116400794,0.8322963696308694,0.8078022875816995,0.9722222222222222,0.9321097200865271
1,0.8153820921831871,0.864187915992763,0.6746160838182556,0.705893347906008,0.7008014228765239,0.8085938543534523,0.7248659519760153,0.6810695176179493,0.8366034804036688,0.6628450321427736,0.6146984058236249,0.6496250806991212,0.6183104823841228,0.6436052205238251,0.6383774422643448,0.7551242104343451,0.5792417153100192,0.6717103392741608,0.6937321303336822,0.5220143198006577,0.6404699371473126,0.7105279964073309,0.6678581035201738,0.7417367288545959,0.7270123599581724,0.5951139640278045,0.6836718642622824,0.749583053740172,0.7393249175967267,0.7645305500184113,0.8623349318137481,0.7185179187170387,0.8552074035791459,0.7796895967367233,0.8196314326776466,0.7887453549461105,0.7563124023754098,0.7236871551112125,0.7075914401362312,0.7419117647058823,0.9166666666666666,0.7137486272962057
1,0.5050085292129608,0.6223422592710228,0.48556766009198193,0.4990819642893844,0.524699424344234,0.6362223362961921,0.4424491725845675,0.623207720612019,0.7408145973387616,0.4975325358963355,0.5702250992912669,0.4917348483445861,0.5217758806504372,0.458497314268814,0.5289884681687627,0.5971844650214526,0.49913810632314676,0.4632597758876327,0.38324499826406394,0.5104566324915273,0.417193732458176,0.6378418937191799,0.44006216057035846,0.3939517958594985,0.4170700358414784,0.43141564552811096,0.43844689979066276,0.6564631031422568,0.5787542378573141,0.6227510890688434,0.5359068458689289,0.5714859682010843,0.6663292464505531,0.42376041870288256,0.5456127623489386,0.49262722474696996,0.5704205242123538,0.533768170239052,0.5183140989991454,0.536642156862745,0.2777777777777778,0.4671045353342648
1,0.4819812089093755,0.9690807749137722,0.9541641478244423,0.9602587497407802,0.9766616811939006,0.5770555899491034,0.6816674995890966,0.6796471511878801,0.6060712345240961,0.9526970219031874,0.9527334038830944,0.9407890563324,0.940468109718814,0.9373630094543335,0.9367564510714994,0.9514336252134199,0.9327045102983611,0.9131623447780902,0.9353457773284822,0.9200937223337032,0.9429918165825315,0.9590960280061296,0.9387398747556503,0.9074843551524805,0.9344937922463097,0.937811483963969,0.9417534224635178,0.48646145630868914,0.514974764628297,0.5098814360656655,0.5229890512535302,0.5072746800886307,0.4939230817238102,0.47691942593737946,0.4436509976901591,0.5164347830405333,0.953767818819864,0.9517850431309413,0.8076816069186227,0.724591503267974,0.8055555555555556,0.9402396817391131
0,0.6015465912223152,0.4390420295310246,0.3870115828583648,0.45761808489073774,0.47455121821409574,0.5924825335618064,0.5301603075649749,0.6937011399364519,0.7033862878809766,0.3327944351980026,0.3866713162900975,0.3331358229069089,0.3712999784998083,0.3415584114141171,0.3691216718626194,0.3982766544379426,0.3168565428366359,0.34973702964625797,0.23495134980636403,0.25369049090440593,0.30528021598508637,0.27585837216051634,0.29475352567114776,0.31971778901305375,0.30319726051684864,0.254483994427511,0.2856588143231514,0.5041850639398706,0.5904233906897126,0.5785673461289179,0.548797636503537,0.5620753160489186,0.5510402810522683,0.6147554295228395,0.6316947057479891,0.6572397904684638,0.39015150229195866,0.3939262006361462,0.42506087077798377,0.41552287581699343,0.2777777777777778,0.28365135444075223
1,0.5592242594748459,0.9988868309895496,0.9984956973844621,0.9979697841828056,0.9751302049642917,0.4994609462096915,0.7747604708118982,0.6562535971285338,0.6006857699390428,0.9306444702064054,0.9264916901965006,0.9257343810008175,0.9105207737754686,0.9036032641377695,0.9072513025516752,0.9226882283184293,0.8904272845236414,0.8703849214636937,0.9438307968407894,0.8870918377626558,0.9073736646453824,0.9385437706005143,0.9296348226060008,0.8928969909736074,0.892080962398972,0.8992775896463242,0.9265757422315892,0.49751654755645847,0.5050758408890482,0.49171607391294847,0.5014314963553372,0.5042862244354641,0.4800841894754108,0.5232259892602262,0.6052344371575172,0.5204799933015192,0.9491031467695988,0.9497764977258744,0.8026461595379117,0.6852736928104577,0.7777777777777778,0.9393986035745961
0,0.6525002830526793,0.5420128381893112,0.5317355930355553,0.4360467507573677,0.6752771197411417,0.6546097635160666,0.5850627785567559,0.6709951824714615,0.7215048407354502,0.47663679619738597,0.3900817066670294,0.466894104304229,0.4382180715073337,0.4437397097310652,0.40593783603793276,0.5760456195914979,0.43934935975157263,0.45822719426988,0.4559880967008461,0.4021089335859514,0.4994462824406699,0.43648948055682846,0.46581854873226425,0.49835830476055426,0.49015120057541217,0.4895205569016639,0.5494685878545101,0.5721159059140944,0.5402679137601242,0.5844154817222036,0.7009780290858458,0.564544551783648,0.6351204041634815,0.6077759495299194,0.6424403223265605,0.6360363874209312,0.5283175206950127,0.49294780451469417,0.5284410357551551,0.583578431372549,0.4166666666666667,0.44505937185703515
0,0.4680979561155401,0.4820694477559301,0.35389795147506076,0.36720665474001507,0.6102701353850594,0.5344375185992579,0.7045803166544111,0.7326326820140885,0.8135044913848396,0.3495152680989433,0.3768713415598731,0.3788941462158081,0.40338353517400805,0.32875015147892783,0.29650521024001186,0.4673334434405157,0.3737905463616211,0.3410762241798924,0.4597669677762369,0.3049607894494227,0.5416642196594045,0.3618698094282016,0.46331429041047717,0.6215525604197577,0.5023876724780018,0.45813398586177784,0.4246836751143123,0.3603078189861805,0.5032788046531221,0.4928381496661047,0.45874502096896513,0.4257184541448221,0.5040665046975128,0.49027834326452824,0.4754112074054818,0.4304777203652362,0.44276567913741793,0.4048507687262394,0.4569625216004162,0.41495098039215683,0.2222222222222222,0.33321500800354636
1,0.9205013195183025,0.9999202448088733,0.9998696386844405,0.9998454098144187,0.9689678001125351,0.7036538968230056,0.8390432554632645,0.6738592291264679,0.8694977284773977,0.940578275045478,0.8979220745429284,0.9532116736169313,0.9039486641781833,0.9647152524001109,0.9146122281199007,0.8943038944693505,0.9205822499970263,0.9182973847303588,0.9221443412406864,0.9506250481964458,0.9275144136592377,0.9143333915824514,0.9520124345144961,0.9469554736672684,0.902114467143691,0.8916986865566614,0.8739753885702167,0.5587847928835046,0.6511745313860601,0.6666484850925738,0.6632804963719294,0.6766514992338889,0.7580889937963989,0.9087626449460577,0.9190217517750476,0.9373541674020467,0.9491452709650517,0.9623992950219369,0.8794309319873356,0.8692810457516341,1.0,0.9357640031287757
0,0.5517366210709704,0.36851292213112397,0.6332205215409495,0.541347325305402,0.6540555038160487,0.7365147015306096,0.4813581259859656,0.6350391554478103,0.5239736028325614,0.5083831369774316,0.705514391252871,0.48201619067513296,0.7103655408780288,0.5004897306868981,0.7185757634987922,0.6177666829731936,0.5275041343410992,0.5796848798462582,0.4934323897619817,0.5000993586640733,0.5559234525785315,0.4108502457000752,0.5734147750366136,0.5533095936034177,0.5393097852131548,0.5606840915732151,0.5673322274227763,0.5987929084780025,0.5971951823132043,0.5981478753579287,0.6043554629903168,0.6131962126255962,0.5488918560201868,0.5267659904209001,0.5638145370468244,0.5963814607563969,0.4894319319264835,0.50202657035435,0.5666585957357768,0.5855392156862745,0.5,0.5796104734365723
1,0.6014275210931469,0.9309958545871441,0.9451448812105475,0.8924729923559187,0.980361691456018,0.577507040052424,0.7023669033123184,0.6954461612521697,0.7003714347498162,0.9691700449959602,0.9542484070275895,0.9474525027033847,0.9628893082430213,0.945414613565237,0.9467356460981877,0.9913293331746084,0.9872095488585315,0.9587451623468931,0.9777103576179589,0.9792589634401044,0.9717370323949335,0.9741331569495307,0.9656385893280102,0.9760212426998588,0.9739736422129188,0.9863843639697163,0.9627354188744137,0.5564979009375288,0.5788167547988232,0.6120757273408853,0.6060054003897346,0.6093053115205124,0.6327646627625555,0.6427032373177899,0.6214189675066524,0.5924530771036227,0.9565925634883791,0.9415330592772586,0.8499643744044244,0.8717728758169936,0.9722222222222222,0.9341458477144342
1,0.5640994651453071,0.9797914017027054,0.961097022496598,0.9698279477977556,0.9783055890407315,0.561554944011469,0.6958290610015386,0.6831473773837202,0.7053609095153308,0.9604928390901618,0.9699806468393921,0.951830993817433,0.930670610720641,0.936959712539869,0.9473869839738411,0.9428439432569499,0.9352222629202819,0.93822460928594,0.9466107702833761,0.9312678219667514,0.91818944534586,0.9597038967629473,0.9477465706789412,0.9579859953065659,0.9408629585828522,0.9362971153851654,0.9287093310980421,0.597213547211517,0.5300713754510863,0.5391558464975023,0.543226545308946,0.5174806683034886,0.5502563031504767,0.5561315409433251,0.5553376553013354,0.5630311320437295,0.9581554462590294,0.9562507998229425,0.8272387874133367,0.7980800653594773,0.8055555555555556,0.9361834376450271
1,0.39954066939011235,0.9221609855614403,0.9318796332088581,0.9330131627614197,0.967929354244148,0.42372133416476937,0.6143110936897783,0.650999198264823,0.5407305691723706,0.9389767533380698,0.8911096836452848,0.9169522440799627,0.8046884480637517,0.8980976929523209,0.8011161887608667,0.9305895266550446,0.9100763454385441,0.9041239552434591,0.9279720625433273,0.9313799915597599,0.9011230732056181,0.9343440607884405,0.9269350351773311,0.9045837519310439,0.917323970050207,0.9113403969994862,0.9051965318620622,0.441708897166,0.42951792498384,0.42760869252433104,0.38235168837834543,0.4073719121664285,0.3980594758077885,0.37841613857747247,0.3875711287742999,0.4355585201243611,0.9232342520988158,0.9201627224020376,0.7576276229198017,0.5525735294117647,0.6388888888888888,0.9311190528487941
1,0.3684842889086985,0.7148090437956566,0.6884270979696332,0.7614554124325595,0.938116462134404,0.5450585994216683,0.6047504869289099,0.6258636300546404,0.4192244393792134,0.8733401402684053,0.9037053847262193,0.8437425388433392,0.8945369663754935,0.788504493756847,0.9179566877052583,0.8907504160856056,0.8606324186576749,0.8147469062992713,0.9135375171653746,0.8674470768887956,0.8570254295608348,0.9225415385723732,0.8814090032283421,0.8499884753363061,0.8636948952847632,0.789901089651365,0.8483144490700493,0.4745275559109389,0.47083602514265166,0.4741100168286312,0.5122273243829225,0.43291345711431706,0.4057085809423356,0.4815864117546911,0.31625849542127116,0.47167984453676465,0.8164339995748672,0.7998523809828015,0.7242897930395162,0.538848039215686,0.6944444444444444,0.9226852782766038
0,0.49417014604412246,0.4933663820536663,0.418724140354812,0.24745541121668363,0.5031581465198788,0.556413984333527,0.4770187399110687,0.6436776916723099,0.5453788720080585,0.31079236817883116,0.25429850509708507,0.34182914591785285,0.2609836947849452,0.3162778644552723,0.2603408673036737,0.25034553953258853,0.29834024008203036,0.2795594121457206,0.35572474074662336,0.2918504271197281,0.2974452093294078,0.3971367504823235,0.30714138739557195,0.2839105365452321,0.30989764896128197,0.3045184584058439,0.24997659173044184,0.2940656546492466,0.42760522284734864,0.364710071134129,0.41036966838556554,0.3734684218443469,0.46570101618286225,0.474260634487582,0.4300453250388072,0.4999366490549193,0.36184702250136924,0.32985486863521274,0.36656515080023633,0.23149509803921564,0.0,0.3218744579300172
0,0.4734944174643174,0.21570925350168874,0.17290727522511581,0.20684953954507118,0.3160926607663791,0.42667782820203387,0.5508546565654803,0.5795573217025861,0.32427952254985243,0.232712203126841,0.2411919348022571,0.2831259943915142,0.27170789947543533,0.24843446189614854,0.23410056056396228,0.2872470323695439,0.3792245547827189,0.2623950130217715,0.16173097809029913,0.2529926081348414,0.30819828937253624,0.2837326384977662,0.30254202487682536,0.2506471537370835,0.31608284762805333,0.3057511591069239,0.2507942818231681,0.4662257718475664,0.5534034140952895,0.46637179297388826,0.5507049156076645,0.45924389585493625,0.4765213414850143,0.45284502274301053,0.44252745145877137,0.3865259264986734,0.26202742675424895,0.2482732563407933,0.3332038053466705,0.20584150326797387,0.08333333333333333,0.28378604856298056
1,0.6060192805543669,0.997328969946379,0.9965206738674404,0.9965970435727863,0.9738641230241147,0.6496252808875969,0.8202741313317025,0.6639108752402012,0.6707946311108496,0.9245432256765456,0.9034640467322828,0.9469912294416656,0.8924497011290079,0.9186473741046688,0.8440351945462916,0.9418154698339971,0.9399130551028775,0.9105270258467186,0.9318971329331822,0.9264261599699934,0.9379038692074287,0.914106443026715,0.9476763441859343,0.9372209060714854,0.9541500292461196,0.9134770639515138,0.9146331042577382,0.6057383146761265,0.5798248372836381,0.5374921151334532,0.5296154964885439,0.5806489735631917,0.5458356390915698,0.7169950600828175,0.42495282391791633,0.6327009662368592,0.9620452230740139,0.9602760173798993,0.8284908069667387,0.7815359477124184,0.9444444444444444,0.9481720419414432
1,0.6054459997716105,0.9999961666857985,0.9999978774178416,0.9999968432048357,0.9707000278683983,0.5748671690379035,0.7231623547657556,0.681305082829404,0.7103247091140769,0.9401587370282238,0.9538094800111138,0.9274708474623713,0.9234358763025243,0.9208989279507293,0.9425411273049409,0.9606679593811683,0.9379054147874615,0.9174269455319907,0.9254292590018858,0.9281533974157633,0.9092252117684418,0.9149234252196017,0.9256263716995716,0.911498178660669,0.9232142960395916,0.9203305999232348,0.9038900623923409,0.4791118890551681,0.47111870661197414,0.4731033179634421,0.4787124470535121,0.5050365121716714,0.48313596901223205,0.6296183132505532,0.59295306461901,0.5539992917768579,0.9627116578431126,0.9618061489369806,0.816294135407653,0.7333333333333332,0.8333333333333334,0.9371842227555233
0,0.3883296075332818,0.1827233629406543,0.23043886800068591,0.24533782149511282,0.38334205743027694,0.39787645717525044,0.28297710559391415,0.5602218087951779,0.37865933206124774,0.2300957522277814,0.2705201100439416,0.2689039550140707,0.26542549532780485,0.2596748628645623,0.3040572088504802,0.32850995054273135,0.3007062965707685,0.30084615149916005,0.24425358677208145,0.3185237585769086,0.27832775313911284,0.2995496231027978,0.2685512666933302,0.31431119918217343,0.29645340885269256,0.3110002971122702,0.2733095110910089,0.48218061071557805,0.41761125122751425,0.45888450945778353,0.40678582225157395,0.49407131167867885,0.48900905719124227,0.44630139244786926,0.3588499826553531,0.40541272179802057,0.26004575616581876,0.2570299905714263,0.32799897590823573,0.16977124183006537,0.027777777777777776,0.23629836192764442
0,0.4801522516961005,0.36360527852681196,0.3700661305535961,0.41060728147141584,0.7094145257756789,0.6940722652917217,0.5161962004776707,0.6264686013605024,0.6011449626467849,0.6735014061924769,0.7610311454865301,0.5886270052115146,0.7257278376911933,0.5953038090617053,0.7279513150670678,0.5307318170280627,0.53000665435846,0.5251048874398183,0.5293795269217475,0.47240201109631713,0.5453904492287098,0.4834493066932779,0.5249307518547834,0.5827435850930885,0.5924414050903526,0.546556818179334,0.512497116269679,0.7085748205466851,0.6859993923951818,0.686697954546694,0.5917774652432212,0.6518582261149604,0.6820251456399828,0.4477524936338778,0.45234809607550136,0.5127134915569032,0.4943213669221298,0.4977750382599021,0.5704652564299176,0.591013071895425,0.4722222222222222,0.6102095459516425
0,0.7796884809297551,0.6105034125529208,0.5345501882407631,0.7014162742090507,0.7490798217722274,0.6317096732148749,0.68182885433071,0.698224927992099,0.827802391955317,0.6340163083453273,0.5175006111027048,0.5014821619384084,0.5070490888498859,0.5046328883274265,0.530178193521999,0.6062311584002001,0.5520358608636277,0.3971072035322432,0.4799402613906395,0.5494920771119045,0.4991583235924646,0.667691261478887,0.5574636257219457,0.5110669912997583,0.6003805447052675,0.5064616551533216,0.48833561183511154,0.5848316143298558,0.6236161311872388,0.5603309076576698,0.5367822858703569,0.6064833756815472,0.5634517567197548,0.8356632328597643,0.8051744353097552,0.7707047443607642,0.5727389109638432,0.5848531790856013,0.5959965625722216,0.6540441176470586,0.6111111111111112,0.5517943704566891
1,0.5066456646490493,0.9996132891041014,0.9995018850551227,0.9994032874568377,0.9730548515840624,0.6807032021636593,0.7703483159781149,0.6861439159569955,0.7083636949213228,0.9653607836083935,0.9437613136757473,0.9695602461193044,0.9386884074606536,0.9540184646973728,0.9674506675606857,0.952337119879359,0.9449250771287935,0.9413512499777424,0.9411328690739186,0.9278575376918985,0.9290621768041627,0.9679207076705048,0.9397629529877226,0.9344224345916772,0.8962295977679451,0.9282460828186611,0.9204573078844454,0.5031810246317591,0.5597419582291466,0.5653101224613729,0.5296616670289089,0.5783425539762116,0.5180653938677541,0.4810320393610274,0.46563949235627167,0.4187455798723536,0.9738368850342548,0.974986481451395,0.8251714767577117,0.7900326797385618,0.8611111111111112,0.9402678804261296
1,0.3176796608917347,0.854430153453244,0.9134686985250763,0.8859217354814319,0.9766711890310183,0.4211031232005093,0.5426814963558823,0.6051574215381839,0.3565348344899741,0.9579484420389182,0.9559418267091541,0.9338394677462949,0.9264314821645303,0.9142471742950391,0.9393330459669409,0.9701330108997949,0.9203988627480573,0.9168132984230978,0.9607176264068856,0.9087546125492578,0.9205538097115828,0.9656762902885547,0.9349471531030106,0.9434316299207789,0.9401266801533766,0.9312847004133856,0.8994500250314251,0.29643377886891414,0.3264854889378637,0.3175339822381255,0.3273041679640348,0.3200266194973594,0.33492394321916164,0.34236667293213574,0.33654428715164686,0.32425729052851415,0.9194675440331114,0.9117143083751611,0.74440723373828,0.5539215686274512,0.6111111111111112,0.9506833513217351
0,0.40474703836840764,0.35023900631268906,0.23197958732076143,0.2829788196339404,0.39985777807154943,0.350245167289219,0.45036236901661025,0.6425208545402028,0.5711838371735367,0.3459398395065285,0.5710213323438517,0.35540955942653685,0.6302252980182523,0.3485416315052148,0.5588422967607857,0.2751536815936276,0.3416516218737193,0.3221062881124781,0.3223340535702913,0.35240718026823314,0.352466333486538,0.31859939381352087,0.3250208534800371,0.3076737888801805,0.3230606726488423,0.3049309088462892,0.34011696793821267,0.4454008153202502,0.471242612183195,0.4612584386088997,0.46367764986453186,0.44322332388781754,0.436764216082012,0.41204696841054916,0.37874001045033767,0.3646807514928486,0.3269340824442845,0.32246453969440175,0.3902966364674916,0.27066993464052286,0.0,0.3169893850195054
1,0.6152192540137047,0.3653501929203513,0.40237978988815365,0.39241609569405733,0.535809021450928,0.6114670870099107,0.4626545285247879,0.6739297865458026,0.6914206334189467,0.40653743215106103,0.5460070550523441,0.40130577511334026,0.484586447620189,0.3618242698113519,0.48035458979833356,0.45967372205050844,0.41366635918504446,0.38151380511600225,0.41681672401156616,0.338508879000414,0.37580447529013544,0.4213248354219795,0.3699087723036975,0.43525910769608844,0.4476661378880857,0.3749388481885759,0.35112948305967623,0.6838579375021424,0.6349829963456742,0.5859888185241132,0.7089706729494473,0.578332299788209,0.5652123321263268,0.5818891369067607,0.6003370521499142,0.6403901842911773,0.4087765633614,0.3961140111179218,0.4818574809241144,0.5270833333333333,0.3055555555555556,0.3383130705014542
1,0.5586679502055973,0.9872649969154514,0.984566175322821,0.984980828482404,0.9803858337152891,0.8446386162848151,0.695373737875429,0.7164316510381701,0.8302890561625617,0.9815062171319411,0.9534273410979516,0.9795171438599638,0.943884719301856,0.974877943534589,0.9483789484828922,0.986346527994494,0.9942661603285959,0.9835821949791071,0.9960867844765545,0.9902820430388026,0.9829094223104331,0.972714218696717,0.9859700166974069,0.9898997584844971,0.9870327319464911,0.99124296683326,0.9723837761196444,0.6970054323450803,0.7494469240416451,0.7934374585132986,0.6985067699285195,0.7618233672804527,0.8308669351252043,0.5722012483885868,0.557334899071529,0.5630868875795986,0.9843762229233031,0.9825974881573805,0.8877322357481385,0.9261846405228759,0.8888888888888888,0.9259389663532468
1,0.4433082193493384,0.9487688413730204,0.9451836780502088,0.9537094294303244,0.9769402240020842,0.5017548499142338,0.61882321404975,0.6348742584672574,0.39350427250003084,0.950755671359303,0.912843709889047,0.907587941627436,0.9084632138951438,0.9166104012530791,0.909475176054565,0.9451741096624866,0.9381323438590223,0.9326528109517699,0.9357265818653941,0.9293339475854127,0.9296086361488818,0.9463430590065774,0.9569756497611244,0.9405927109418262,0.9310148648724241,0.9310655091558485,0.9229539429185442,0.5913982912855272,0.5171395759915213,0.5135520356661644,0.5305204736604892,0.4558777453171937,0.4853811550832294,0.41871208527666853,0.44420360089376676,0.44743569249633397,0.9338436308876478,0.9343701446692695,0.790964237398145,0.6719771241830065,0.7777777777777778,0.9472434880067074
1,0.4258126576919964,0.1763589002309126,0.21156552976801435,0.2607878711688972,0.3195502611661559,0.46195997731243266,0.33130662691413837,0.6211566444428374,0.6650701470634681,0.346812938509519,0.3843238219192739,0.33719049150356195,0.3618454043217455,0.3297996345313617,0.34309831249285594,0.29984383786771124,0.30055518997313324,0.30020734526582477,0.2834806239082143,0.26651684417772514,0.269021006469933,0.28866251177803737,0.2741459980896779,0.2768837116085916,0.26896940749969867,0.27769299405193854,0.2846676335851606,0.46958344153876447,0.4655166037496908,0.4593391288767957,0.44583674294882963,0.43873455963885755,0.47846746122247846,0.42552034494681457,0.4501875094764351,0.4141215781455197,0.27113107653406193,0.2807961470604889,0.35006639410599527,0.21548202614379083,0.027777777777777776,0.20792583161789388
1,0.279648526816633,0.2434460935059255,0.21335023892738408,0.24492088802436776,0.4383582459144495,0.5292753021833115,0.4270330616312028,0.6273915710042542,0.7090575115432048,0.3333807481385788,0.32744437748790256,0.34976003283753293,0.3856346132272619,0.36235858643544905,0.3842337117848376,0.4033770513086283,0.3720861628330359,0.38597864020354516,0.3491310166497043,0.3887521493371156,0.37861427277874116,0.33206264237487443,0.34167467753889746,0.38913992520718377,0.3741540418744428,0.38216987518736856,0.33867122254545495,0.5096729271686435,0.5321981649477655,0.48529894540616236,0.48422038033857684,0.484669146341514,0.47909753886422274,0.30035978401999436,0.2855583162964231,0.2611338869639335,0.3321943925506956,0.32077253042238074,0.38490881132664806,0.3038398692810457,0.1388888888888889,0.2515023644730072
0,0.3977781980356193,0.12955983083512865,0.2443973718313785,0.16243036689941706,0.4188477619847893,0.4548441519407971,0.35606816579712075,0.6398310404277928,0.4768643176135641,0.20205560639559633,0.29366172829861076,0.24347303495666672,0.3181664843951553,0.2440754396849562,0.28239330813859054,0.27446051926083387,0.2988130865695074,0.3050467836958142,0.25536933106352944,0.3300312911982012,0.22600303551061296,0.3069804037499062,0.2853506200843842,0.22921309595759914,0.2529690182222766,0.25121098851656704,0.2697908996843846,0.4492520213323247,0.43174817431452794,0.4259826873046283,0.4530850856972205,0.4236410041809953,0.46813213479852434,0.3981433731989027,0.3994328919279912,0.46458066458695724,0.2158311283508764,0.21079983832740048,0.3239113580003815,0.1584558823529412,0.0,0.20578084779786163
1,0.4984310000062372,0.14234764902903357,0.20636279695227663,0.24663471730686423,0.5156620967618585,0.565175463835656,0.4290605322258406,0.6260731342942136,0.6240205056024345,0.41066705098437745,0.4652577350652104,0.35600411910087787,0.4719359155600903,0.3964496654283519,0.49713001515741284,0.6441604126617365,0.40389872083889544,0.44603013043365974,0.4666146866214214,0.46683296832741833,0.47070388737272395,0.4824557181429648,0.4196301256236653,0.49889243487850904,0.5630645906072622,0.40971382807001433,0.49702907024251897,0.528227459528402,0.49334598153540143,0.5401512363410234,0.5616591010310997,0.572624922820255,0.48346498660679843,0.5545930952798112,0.44768563813941586,0.5123691790009716,0.38083739359721597,0.3571193127053728,0.46296757206467154,0.44705882352941173,0.25,0.34303022401308103
1,0.7551975068218442,0.9898916262878107,0.9707184093235025,0.9742421345625596,0.962696930058471,0.6782868864232435,0.7746635005654207,0.7681764356093863,0.8400910778036857,0.9383156257843901,0.7981876786745078,0.9302826145726579,0.8955028972268307,0.9379205741752017,0.8325713871307894,0.9261433256242583,0.9031036101019434,0.9145857495228313,0.9303268098740003,0.9083086952508127,0.910558503405253,0.9400032709169068,0.9251261583539467,0.9182582831339744,0.9013782460030338,0.9056847278305403,0.9197662310249505,0.6355584365499394,0.5898137316695663,0.600442327855448,0.5810127194123507,0.5601099326846134,0.54770076088501,0.7484389410004204,0.7085020776323916,0.6570209567625297,0.9487725221615757,0.9516960550444977,0.8384325886587021,0.8074346405228758,0.9722222222222222,0.9082580885673839
0,0.5553741438780646,0.24095174351181034,0.33735542762330234,0.22519834248467188,0.5636609202381372,0.6153259349663887,0.3910794196080996,0.6785824687138311,0.7008339132961178,0.32149086370754454,0.42129843537120093,0.31910416377257694,0.39429125644061375,0.30357953426132817,0.4386809392247189,0.3896012579305678,0.43116590079918826,0.3881237490792189,0.4162021066463322,0.45890086663911833,0.43078177760118047,0.4339991083272331,0.42093460506659386,0.43070447338162066,0.447533919779822,0.43248545063440996,0.4404253004222425,0.49893086506433165,0.5650702916439981,0.5596020056831391,0.5490583760986679,0.5671340816349199,0.5468695560281219,0.6104045621704818,0.5684033590287685,0.5461463200525305,0.316552388404985,0.29568700839219103,0.45066704921618456,0.4626225490196078,0.19444444444444445,0.24549618948706634
0,0.6305596004484524,0.36859197476793143,0.34606404270080754,0.2812207053074352,0.4869901385133412,0.5974443527326819,0.6048732505474713,0.6754815646055504,0.783244266720218,0.341748982011771,0.29600511519758516,0.3454598204640864,0.3364430891788605,0.33861497243511185,0.32602924396889843,0.38288079570714784,0.374194970859778,0.36596475266915895,0.3667486599090253,0.3673308639739723,0.35748273309533424,0.3738825395201963,0.3641432922938738,0.3066095230156829,0.36537854179996476,0.36579454448094306,0.34516962341017315,0.4961954718501162,0.615939031265224,0.5195580498624899,0.7018562775934278,0.5314913906479317,0.6089819931044087,0.6375020200690868,0.5982822855501448,0.6347103632710701,0.3656441969797219,0.3433536537363425,0.4414268229987131,0.45426879084967314,0.3333333333333333,0.28123334621143287
0,0.4334805128402319,0.36698382904166216,0.37125176026562734,0.27130983800597797,0.4138374915143862,0.29628873132958866,0.33085089096162457,0.6333724981569113,0.4066533719728123,0.24992023609140962,0.23302465786210594,0.27825146503669995,0.21203188202701023,0.2638768583846039,0.23909884479403726,0.14170639215082656,0.24262158716265483,0.22716187881924085,0.22791725234451057,0.262862854838645,0.25858432499388967,0.23575078844131633,0.223094839024525,0.17377387762600385,0.1966766213421623,0.2249066391906857,0.1612726231029387,0.29078753033464866,0.32684927498630245,0.30497083548274206,0.2091560733400535,0.3617442510893635,0.2590873810536886,0.4156841129857897,0.44471338403829835,0.4408348574260303,0.26231389540972955,0.2644256765239541,0.28801665859912673,0.10927287581699345,0.0,0.23032498000856108
1,0.513001482404348,0.8588197596014313,0.8745122111815578,0.9028697662476347,0.9734572153196531,0.467140344938084,0.6270516101187178,0.6351973422249918,0.6527643031562773,0.9482398415200674,0.9534354335310082,0.9259835827630664,0.9450620556539018,0.9239772424982462,0.9497508398147534,0.9638690406395727,0.9405410523880741,0.9280186840559341,0.92733013817226,0.9120928741692945,0.8916431195204858,0.9650343812840472,0.9206846333722786,0.9050282759445755,0.9061916640133744,0.9164214495180432,0.9211254312079595,0.5153154629535269,0.460981538574586,0.5039079289274493,0.48684037385357304,0.5003395425131205,0.5010223085778907,0.5010247050201907,0.5332364145300824,0.5543539315404808,0.9162241276680234,0.9151038783499903,0.7945509630056936,0.6801879084967318,0.75,0.9308578229638927
0,0.42544674236647373,0.21982986881675132,0.23193161780016558,0.24971245045991367,0.4161573747228562,0.4458665671355088,0.3753852177768795,0.6402149754760252,0.5390069286211207,0.25318391441834803,0.28901715733589534,0.2671167719867027,0.2862224620065999,0.27074620790588283,0.3171831203585952,0.30825214052783956,0.2634995380919642,0.27656997021673,0.23044726450499017,0.30518417152784827,0.21599030903597383,0.2653403067622195,0.2543787643230636,0.24445349125463117,0.22758213979343542,0.2323717999812395,0.23035506025774352,0.4032116246281236,0.4254679633292968,0.46216646911956083,0.5350280662196802,0.4540247569673174,0.49172712561426646,0.409969067179146,0.4050309324477678,0.3703699701185502,0.2650662604437645,0.26313148793941804,0.3282576945222963,0.1749591503267974,0.05555555555555555,0.19764201778492074
1,0.3745129876683741,0.15649012236688015,0.24633083102515424,0.21308979145711046,0.31541153214636036,0.6107892703017598,0.3974604068440361,0.7214076707057208,0.5981347239782546,0.5142678805531558,0.5448306668865446,0.4096391116613958,0.4929079569388014,0.40141232082003714,0.5004722016356032,0.4124165204510573,0.4361977902102062,0.3998476144839312,0.48091027803816605,0.3420286827171342,0.4036453887218326,0.3927368061714681,0.39242010681816253,0.48722580304337226,0.3835722179370749,0.40200624252885286,0.40108716395095817,0.5373523593007,0.5447663340636038,0.5362367319915533,0.5485160380310441,0.495005866475085,0.560630062621574,0.4141837840994094,0.38086403612417963,0.36863263877462743,0.32618191815977776,0.31860957335129614,0.43169850025746176,0.4175245098039215,0.2222222222222222,0.33534151754858904
0,0.5618853931789831,0.32569605556888515,0.32470591584904523,0.40332904589034635,0.4528686856926931,0.504633704664256,0.46780623043550423,0.6446292023340224,0.633972697314906,0.3763086649184683,0.5042553630620547,0.33649696033594373,0.5030630791735005,0.3550320579976022,0.48144651419117085,0.4215315931219167,0.3762513893606198,0.3591504266578209,0.3809415453838803,0.33385007031213715,0.38177183807729237,0.3418013660899219,0.36703935558797696,0.3920784767596146,0.3501707117398366,0.347022228304921,0.3317496361049532,0.47787203051603233,0.5479827808240298,0.5392511268851998,0.4931306069491332,0.471025739272925,0.5093085314768414,0.5413375799994189,0.572204446824902,0.5581706271291318,0.36124153634224854,0.3684171425829389,0.43410600221947565,0.3949346405228758,0.1111111111111111,0.33193553160250544
1,0.4644416672747219,0.1540359648385457,0.2035732787188302,0.12325335620753768,0.34310773537219,0.5044063098617676,0.4128683658201701,0.5892506231770858,0.5105164291166043,0.21204288098499907,0.2879968015208331,0.2407505100239768,0.342742378337336,0.22358768757344527,0.3360268745870564,0.26939117128337686,0.2861990302544846,0.27750293282640004,0.278145150809669,0.24682445836351102,0.2797410941882036,0.27749619923306507,0.26078427404384513,0.24277661055038288,0.22529875416863832,0.27013658538948243,0.23885343783424737,0.556594098216266,0.5224682687301321,0.4913961274092133,0.4722592076685669,0.5528884497584817,0.47901717855422804,0.4451029538182118,0.42712870543756526,0.4706433195679692,0.2213925487152998,0.20220373798537644,0.33363541716201184,0.21196895424836604,0.1388888888888889,0.2136309487084608
1,0.41267317577658347,0.1982712746241235,0.21611504251313524,0.22846894582013158,0.3735430475221067,0.5281048750034713,0.40227391864384776,0.5327881765396755,0.39170493262112505,0.4095609035335402,0.5488857022021434,0.33181531170976575,0.49777323636613496,0.333027576899143,0.4908988068244094,0.35428052628571066,0.33136727771428925,0.32826610356986147,0.2750662776935101,0.327749402490521,0.36903343427056645,0.2502453776077878,0.2741711975432477,0.346841556823939,0.3509915659387551,0.3090305030206403,0.3203534621406365,0.5183099750341362,0.5159113044808452,0.49664259705405656,0.5115413013555463,0.5048928525291692,0.48386675722331074,0.41610697105655564,0.4066949710786322,0.41366216356321933,0.2947890375398667,0.2891727270677749,0.3812407053943913,0.2892565359477123,0.1388888888888889,0.3725036149317028
1,0.4764622715408267,0.14671330009163225,0.30157096482736884,0.5397413682549199,0.2142574681044083,0.39448985374908657,0.42167078293146804,0.5947433862317745,0.5435952506223111,0.2666350398817513,0.3314038526122112,0.26652231781054236,0.32855860679762355,0.2593446188287177,0.34264343811388864,0.263720356302644,0.34203908639380903,0.33070312418365877,0.19537590448518524,0.3195332621985789,0.26580468189489803,0.10836280731513073,0.3101144401047856,0.2179793663551261,0.3381976358531471,0.2193542585045731,0.28619840760206056,0.4944283471555918,0.46246379867327386,0.4811387106790555,0.4676796285951743,0.49381996820244434,0.49608016758732726,0.4368564351389697,0.5125589916180927,0.4869180427608335,0.2256519914016062,0.29520839225769124,0.34784675696369544,0.2250816993464052,0.05555555555555555,0.22911525190156745
1,0.6987065068533594,0.7597035458809064,0.6249776858761825,0.6752673497729523,0.7438887179964939,0.7506633974127197,0.5585162273599261,0.6849013401341825,0.7222770218966623,0.6679873139572625,0.7622179562479877,0.6382214380003786,0.7793324486696219,0.6413641686073603,0.7651984468373106,0.5308805979689816,0.5916320597600186,0.5383607005306339,0.6757217010946105,0.536065524011635,0.6108961932636525,0.5709523977770523,0.6265631589673977,0.6029680531864446,0.6634497709693035,0.5019236147121839,0.5469198543379699,0.6971179364813017,0.6870734481423596,0.6454903022194456,0.6032841154826155,0.7129874181602646,0.6682049687635663,0.727227601992506,0.7132981010180084,0.7152292999606124,0.6429351939500889,0.6490874200461159,0.6532264705188779,0.699918300653595,0.8333333333333334,0.6968225547923693
1,0.4307666737493376,0.47264211010689827,0.33843976287595023,0.38685664903011663,0.5057897191956454,0.725985277998612,0.5162298637369025,0.6108880470249087,0.6165333870973829,0.5454468758542012,0.6594310074892084,0.5067095529359669,0.7213092744442893,0.49581028853528714,0.6387234633251901,0.5343841918850712,0.47513573129881415,0.4974070155403647,0.48734246795715,0.5260584135048711,0.5060101669754865,0.520716671875455,0.47897572640952796,0.48549327683738525,0.5370016453335044,0.47841955595217994,0.47496802171732494,0.7408156558566308,0.6638213858518611,0.6675316375486918,0.5987638925620861,0.6624007786883298,0.6864599120202073,0.3658277573573381,0.44146378532133745,0.4730427585925758,0.5045786183093122,0.4792805584986681,0.5360829477593247,0.556781045751634,0.4444444444444444,0.553730040733185
0,0.4686841460934129,0.2175352254860535,0.28728217964657576,0.24936905497908865,0.46282192436286895,0.491084549030627,0.39064907351829675,0.6633437233496591,0.8492015004038612,0.29973662147789887,0.4758590631950989,0.25793431427554336,0.48570127879030756,0.30719838901837243,0.5129534338863065,0.3339287539425272,0.27771054899624714,0.343215196249056,0.4058284398073342,0.26707081935328003,0.2638426916892633,0.40750728663449254,0.2671204482343719,0.3134791577826355,0.2654484434275243,0.3225842894681194,0.2756665847117265,0.4695247554740316,0.4419934200601841,0.4647061929043064,0.45238698265144095,0.38157407715715064,0.4370478737880729,0.41359811583752376,0.45383507712972754,0.4781991925131974,0.269799431234708,0.27319314754031704,0.38243898916825236,0.2749591503267974,0.05555555555555555,0.19812713327642706
0,0.5747853507923921,0.4386055853322321,0.35580897019045843,0.4703041449909592,0.2522202114124899,0.453936353525448,0.5523410752287654,0.6644877591041,0.7069341339327565,0.17418056781400784,0.4255760462528107,0.18359217470832565,0.36347391690977854,0.17290790801673062,0.36956563282032046,0.15413188733165814,0.2294041965323785,0.17803353858403176,0.11197657004089345,0.17751021497725325,0.25430257067861006,0.20580464225610282,0.2236037080313724,0.19101987838797996,0.23703032265836846,0.17594559340603114,0.1891116268928321,0.5146985081807863,0.47680447589436326,0.4823634436756262,0.5320115781015181,0.46651422539120807,0.454619225616217,0.5835404184000117,0.4995214452172153,0.4383954495547461,0.25877654912407194,0.28390834007598115,0.3432720632355771,0.25008169934640523,0.1388888888888889,0.17210057974866014
0,0.5508487314344824,0.6356196341649165,0.5460267016140075,0.5385446557258412,0.6641093452103672,0.7405593151667997,0.5230681378705263,0.64953797564608,0.6891982067708328,0.5468189919965252,0.7291145855813047,0.640329625989251,0.6999974699049487,0.5826543613178785,0.7684975935046692,0.549508173589107,0.5820193179159424,0.575776334354968,0.6848054949362571,0.657612519984941,0.6706318539416057,0.670645347264916,0.6206225123123204,0.707909243422428,0.6425990122177112,0.62626627426958,0.6048188552179342,0.6202734244136202,0.6191586927104998,0.7028656490387283,0.6877632231949475,0.7728110876829831,0.7342947137861011,0.5357002388030915,0.5721839908132529,0.5279522186813184,0.6084858112477581,0.5893312901573988,0.6339668318696207,0.653717320261438,0.5555555555555556,0.6340511969526946
1,0.5523377810112025,0.5936290792314439,0.583526873740588,0.6052041219720017,0.9247815604534222,0.8815861476586369,0.6350400010781584,0.6630172695448703,0.46582800531589,0.8559252219624099,0.7608318080876224,0.8079374112005834,0.6814954783481987,0.812299841846731,0.7321498809064163,0.92026146677207,0.9745078124288299,0.8808855930792544,0.9678508154959192,0.9155425755827492,0.9063321310916598,0.8937469166160469,0.8824517897398237,0.8974372346799379,0.8867450004563804,0.9562418520442526,0.8508844047203138,0.7271254239885195,0.7960398005087334,0.8073668050348435,0.7095630353555292,0.7955614113729507,0.8918859521951068,0.585753355950327,0.5464954001909462,0.568616232295836,0.7739426524013657,0.747866384204566,0.7835842755661826,0.7314950980392158,0.8055555555555556,0.8901694210536552
1,0.6996213980587803,0.40645674191524706,0.6225253547456304,0.49045750414100187,0.5156694310761998,0.6582707147750881,0.46844925188644587,0.6417196733719036,0.5308851199153644,0.4690248989929545,0.4802617145538036,0.5009192334205292,0.5031390894026881,0.4414228279377581,0.47682633665025087,0.41833219889855855,0.40324857707207806,0.40348510183661107,0.44146243339514624,0.3848829818190906,0.44224481943996463,0.4072011681144129,0.446087175893146,0.4314752180332238,0.4295924399639307,0.3956101662491432,0.4198703264859014,0.5850166605290977,0.5371479752880142,0.5704829942833878,0.5455240510945231,0.5667704355589286,0.5692055270579758,0.6972667581096782,0.7173803761780982,0.6920306950938052,0.44190272474477826,0.4515177012626189,0.5020313543964112,0.5304738562091504,0.3611111111111111,0.45790597119929266
1,0.8482441379939634,0.9969515206308686,0.996185205765906,0.9958175420531583,0.9800636948261547,0.6025991058873714,0.7745210832745235,0.6696868891163643,0.9451561123139091,0.9702157934033012,0.9344329894864485,0.9340361422126356,0.8964664252144011,0.9222865664416464,0.9139219436180861,0.9811008776447195,0.950942114708878,0.9170227639002482,0.9464171842904245,0.9572120936856245,0.9151645821045916,0.9760505775237486,0.944679110577626,0.9190058184818317,0.937559243449168,0.9177738730073584,0.9321638223327249,0.4537176670793377,0.46995986231686987,0.4699718792971201,0.48170777860606334,0.4899982898805053,0.4658037152412777,0.9136496337979366,0.8809285442556952,0.9058577660521099,0.9706961801627413,0.9660385297966056,0.8549067230742697,0.7884803921568626,0.8888888888888888,0.9361354970667414
0,0.4498642898489468,0.35431186637914197,0.37589859083309496,0.3917336433837055,0.5184892277041441,0.584637997545791,0.4469388790896169,0.7150800360102392,0.7288553010598571,0.4413155271880359,0.6058505926827056,0.36357120264677273,0.528214877800923,0.40223899732707424,0.5565394318212766,0.49938729753234995,0.3975845494034148,0.4109797623133196,0.5624833754021231,0.43796630213028465,0.3699728306542111,0.4822458907963727,0.4926671575921255,0.4300891717586732,0.4624454041000545,0.4116428307630445,0.3667725808680337,0.6654705079962624,0.607095146339109,0.6112428212511243,0.6131314887864835,0.6162846111105479,0.6026800991921565,0.5282582244741606,0.5355541247345453,0.44085628272681243,0.4057567888527549,0.40224860145380886,0.4911198731266039,0.5337009803921567,0.2222222222222222,0.31613141616107876
1,0.5306331756426269,0.3971234344463953,0.308552357173096,0.34977406198113015,0.5481467405732264,0.5151542561603653,0.4186271677431616,0.6535478483868638,0.5728701658517129,0.48177669191578215,0.3513474160303798,0.36542157203223236,0.37668716852662953,0.38502156048879355,0.38438551200430804,0.5599547159762572,0.3719275823994693,0.41642253008163466,0.3833168938515065,0.36349790463459547,0.46637441337336333,0.36702542918798464,0.4104077135329446,0.4821510431850842,0.4327028445382813,0.4533942952226815,0.46471803385508226,0.5129948474022084,0.5114842161261549,0.5311470681803087,0.6529047862708756,0.5067776717711733,0.5539033002108825,0.516968449632159,0.5467538156344456,0.532196693823785,0.44083324081829495,0.4114590689849617,0.45516933398677917,0.43937908496732025,0.19444444444444445,0.35410449247882736
0,0.325904657727286,0.015860535131106815,0.05467667249831282,0.01565061620608712,0.3342212903369905,0.5247807793322811,0.4688605261444996,0.6624949985288516,0.6058183066919492,0.34556584448816596,0.33415270282278636,0.2999123462264689,0.3216599107586154,0.2586948820796649,0.33910472245889534,0.4661159084549771,0.3253526860944558,0.3288559655081217,0.359367414277305,0.21481826835408363,0.2764572886004396,0.42233013018080046,0.3693813577625316,0.2586342203227175,0.3384044977211798,0.25997570513936596,0.38468776825345447,0.4865079265218519,0.4921208617872702,0.515590681375181,0.5081851451962724,0.5108499369874253,0.5764012664286267,0.32590500132729355,0.30031584096339303,0.29760386416387047,0.2606295966041843,0.21124685761966097,0.3477874361892478,0.26176470588235295,0.1111111111111111,0.20982829244145557
0,0.26364712778413185,0.12462420990018394,0.06489979542567464,0.11014481763068942,0.2676958895874908,0.40197343944756736,0.33876618692226484,0.6381055395263617,0.8907416972697088,0.1975530461778922,0.23633850051118124,0.168558613536073,0.28213517938790156,0.17735232303158927,0.2944639786640228,0.26848148357733004,0.17909279271010792,0.2502167992678959,0.1970015563856382,0.18026232623631036,0.20067177075586715,0.1864870262471424,0.17706246552386584,0.2179468057551052,0.17107518224903345,0.1916850664571945,0.1834259993139629,0.3672931322737733,0.36972731569977296,0.3781216242570199,0.45116657829031814,0.3093517108053797,0.3728219156709298,0.2786266968207103,0.28620968512918726,0.2619899337611706,0.18722143567119565,0.1698322895351731,0.26249600793293404,0.08108660130718955,0.027777777777777776,0.09963761250771065
1,0.34891937390284555,0.7613555258630776,0.7848141595911633,0.9004598246542784,0.9449777799845152,0.3027646269340588,0.4858427100779145,0.5367890875407377,0.3844542513985124,0.9401873571497206,0.9380555923547623,0.8879486362023921,0.8968529168073764,0.8770636077354453,0.9018021222668942,0.9326363402427407,0.8575488952575039,0.8681225410667832,0.8715705720169505,0.8781496238304088,0.8680334904733653,0.9276579023848717,0.8808627080196022,0.9192250121613552,0.8669775055632006,0.8988281898578596,0.8683723760877028,0.3568878613439343,0.3134548193218721,0.28550614464611884,0.33574465035694984,0.2898994410065251,0.28267751291967325,0.32509014912525114,0.3568060142464213,0.3675042621577566,0.8606468341027368,0.8718927869395868,0.7091560265024435,0.47602124183006556,0.6111111111111112,0.9350697161278707
0,0.4356780252444805,0.3766992553356469,0.2971121513487378,0.39335420370011465,0.4320486856156181,0.4328061631861991,0.4334717760774642,0.648576849828243,0.4249870331428271,0.42288938600056936,0.41559814978285486,0.3484753530284702,0.4078284665970856,0.39650215218727425,0.3751290268035277,0.43400321187133983,0.3739238799072661,0.40935616723292517,0.38770596525632745,0.3666011622193247,0.3769818900885229,0.36066443096266704,0.38184219163407135,0.3797897755627367,0.4100452041462439,0.3870027219080891,0.37225483321017866,0.4672677680280208,0.4931354859021871,0.5061656256074786,0.5383192487979928,0.48393623228273747,0.5106597331159994,0.4111349382954417,0.43278715259272893,0.37475126819092075,0.38639260674515236,0.38980683522456916,0.41423478443345163,0.34252450980392163,0.08333333333333333,0.3621386332297178
0,0.5467045930750365,0.314022152188116,0.37224311014027195,0.3309748714223574,0.4462582321318528,0.5590182534383057,0.4133833114068204,0.6544481076306291,0.652095497078198,0.3128286452994037,0.4432811195280017,0.3368701259358754,0.43277792140750854,0.3039876499258678,0.3865406489970865,0.2733068458676856,0.37357430869524855,0.31560406700040045,0.29135815778698,0.36122765632317794,0.2917617691612732,0.3559764574893396,0.31453706704930734,0.2388274730611224,0.28184660918678456,0.24695798611409814,0.2591671049252473,0.5636492338164256,0.5448779376167318,0.5647557932051646,0.597783139564316,0.5455258499362288,0.5520942861252468,0.47891878543606675,0.4920847437544644,0.4921576714362072,0.30806637466389236,0.3118323290679804,0.4016148134124136,0.36601307189542487,0.1388888888888889,0.24421542166702698
1,0.897983478364719,0.99999208042697,0.9999877594601841,0.999984101275697,0.9777935742262488,0.7694912688875377,0.8500043437152237,0.7491291674094529,0.7342584547942672,0.9506358730202077,0.9445984699154565,0.9484917208339898,0.9443348225689421,0.9693739818951628,0.9426119774314202,0.8998889463132772,0.9448610511587024,0.9722961753850169,0.9559649716994029,0.9579769135003436,0.9187428956920435,0.9847861373988903,0.9490559995167827,0.9025552294682045,0.9135663430423981,0.9154943350004583,0.9311335085915347,0.49777835498905526,0.5792373803707377,0.5895673927002016,0.5647552945129279,0.5964915013006772,0.5629369124301916,0.878184640894995,0.8802121459167005,0.9344147283007203,0.9494575825247457,0.9635461661490193,0.8752466337867558,0.8818218954248365,0.9444444444444444,0.9490298192478588
0,0.45707387179009873,0.45623030407942294,0.37568672864839175,0.366514829407474,0.2998811429659159,0.43039001963341095,0.47393496993981743,0.6651094875659259,0.6758913860688063,0.26294729479678497,0.29464402740283935,0.28467218078558226,0.329977851245689,0.26690987198310645,0.32448340546830645,0.20476833988492346,0.3182923298981594,0.2315398405450964,0.2588402537425395,0.3136288811417056,0.2656996012703623,0.2977948180464184,0.283188121865892,0.2522697634766391,0.2842179900615121,0.24933588197596707,0.23390845883045802,0.4536292388285281,0.54494069655013,0.42887405634471487,0.37445805980640734,0.40879885343337835,0.40671551462767136,0.4589522177859601,0.44460030279238144,0.42137763356364094,0.31522360824997625,0.3158191052281018,0.35304180470294455,0.2208333333333333,0.05555555555555555,0.2276158123567058
1,0.6189968129923427,0.5907271172942354,0.47036995599868614,0.49235945435276135,0.6484422163497986,0.5639604575281277,0.4452706015433459,0.6885861399106301,0.7629267566081591,0.4063349837016298,0.4424450690660315,0.44780107246159473,0.4640604436742718,0.40636634035180885,0.415379725473566,0.4488001997384794,0.4243893902986628,0.4125716364940662,0.4038804079273939,0.389073906149102,0.4211965740301739,0.4425662727579589,0.442216867507896,0.4484870779472552,0.3951694822807827,0.3830293124384921,0.4294159943587089,0.5043847419590397,0.4962271962445588,0.48538064820520305,0.47122498666396484,0.4407570623123214,0.5146560751761226,0.6635547907752025,0.6119718914691059,0.5273328014592394,0.4957761298314365,0.47721083683977594,0.482009147278329,0.47589869281045755,0.25,0.36089544523784367
0,0.7447723053218682,0.619511614773187,0.6964233613995721,0.6042673760744334,0.5101084312983593,0.5847791073613424,0.4979018422790181,0.7254038457580365,0.8272146547336625,0.5272679463324973,0.49573508204556516,0.48103803001542167,0.40285079526345013,0.4384472801031075,0.44532531439122724,0.36450280019436865,0.3907011412727471,0.3540865342619563,0.3859528184531133,0.3153208068414869,0.37481972406209774,0.36965349323767166,0.43312561352223744,0.3919764770554999,0.41774441678414115,0.3710998313510245,0.34059261930496176,0.602846788292092,0.5435736056445657,0.549963886706138,0.5578903917879869,0.5389403227467437,0.5081215994677705,0.6813116035538659,0.7732245987543067,0.668106381185359,0.4883508149943258,0.5015534202321036,0.5031285456696684,0.5349264705882354,0.4166666666666667,0.35643552998214856
1,0.4066048004552007,0.8374561803215987,0.8322595975115707,0.899146558320725,0.9681355592804579,0.4346654518949069,0.5639484283795589,0.6191329148684244,0.5155909270491823,0.922279040302865,0.9423898216332827,0.8897472058173189,0.8986505982368405,0.9049283867561165,0.9006854493315621,0.914696816589209,0.8756955955349288,0.8733825199227727,0.9222431027534779,0.8846655576153134,0.8752180265085965,0.8764115420139947,0.8769504659131051,0.8640301638422706,0.863788715046057,0.8843872535248988,0.8916367962275241,0.4868793393095109,0.4484609437281229,0.4345639808019232,0.4398151941488291,0.48147531587690334,0.4764767124147153,0.44773897741823776,0.4041625468884288,0.4106997485049126,0.8806334009093755,0.8891950295609936,0.7507596266941957,0.5489583333333333,0.6388888888888888,0.9227197004571315
0,0.5731244662017593,0.542978448923285,0.4367212384239706,0.5231946742233446,0.5178815926174939,0.6208354199235931,0.47336026986100704,0.6504044338880043,0.6500148061999894,0.47402479963123295,0.4645233119531145,0.4026912888037669,0.5326421246507715,0.38743130030916845,0.48388154363055325,0.5458509208541025,0.3754520753073822,0.3826483403847583,0.44192044479692494,0.3416876374817295,0.36311674148031875,0.37241470225660006,0.3950034848969945,0.43199237150249,0.39487578350934893,0.39572201765934983,0.4308435118595291,0.6050988858682096,0.5587102764126222,0.578920036208116,0.7103732802468551,0.5275227878593285,0.6019752859270541,0.5512989672966865,0.5597193634553024,0.5606588984662674,0.49717355286038484,0.4804293266227336,0.4868202932056322,0.5114379084967321,0.19444444444444445,0.4146019478124473
1,0.5552855421292242,0.4833579668217885,0.4257920736823161,0.43419529051569994,0.5281748981910577,0.5813036247676131,0.39708458109234845,0.6673812731964859,0.6273686421783887,0.3940491614838392,0.4659025376596201,0.39594924237571927,0.39901451594378845,0.42868044406769246,0.44795001268343393,0.359116971984761,0.3422875361932738,0.3564361985392289,0.30917463451612653,0.36619325622515236,0.3583146074744501,0.3375293744885968,0.36087403398994244,0.33190475460766933,0.3902117924866381,0.33937524171133204,0.35863076653551584,0.5235014185125456,0.47572166970025737,0.5053579261980009,0.504441523559391,0.5241654001779988,0.5138348497496205,0.5978958372573127,0.5786992070800198,0.6214974560589139,0.4128080603940896,0.42025998315313223,0.4423659512363298,0.41911764705882354,0.19444444444444445,0.34230538608472366
0,0.5074271156383242,0.43401839726035013,0.33942358244138904,0.3026648508298333,0.5157661199863292,0.5496841754597237,0.45071472732784273,0.6675965186178516,0.6249945219627258,0.38894151669940036,0.4774262085645211,0.36947575548377565,0.4436757657366819,0.40059585802045916,0.45159177216979246,0.3245407380330614,0.2909711482439116,0.27786382791032227,0.2641878741224267,0.27456444277375136,0.3020620985880356,0.3220984452309633,0.31310255637021267,0.2882272243106834,0.3063571304110911,0.2752070343552646,0.30027816306227,0.4597123507999369,0.4510438649102621,0.4408202306409352,0.4467916448876641,0.46931331764906886,0.466365801535956,0.4447411351112943,0.49780855022347187,0.43756942944875366,0.37601163025906237,0.3662591199254959,0.3959294652387469,0.29889705882352935,0.027777777777777776,0.3071051582423064
1,0.6001537540723547,0.9999690222425361,0.9999144645870712,0.99994134752883,0.8376626129947278,0.6313547370635738,0.872583404888486,0.7186215260797286,0.7618649505687815,0.8895832021809534,0.8174135899231878,0.8846192389471541,0.817719647905373,0.8916733339624949,0.8177027889369521,0.9225179363533416,0.8617097345750797,0.8594623878952818,0.8645971930331322,0.8573239513764175,0.9082312575849174,0.7906075562164517,0.8786170367288052,0.9005505661780259,0.9028484956196817,0.8650036608511561,0.8724009470175709,0.5383032199470222,0.6078677582884521,0.657888233013492,0.5619576275791985,0.606259061612926,0.6067820172991483,0.6570784047014998,0.5860249458968898,0.7133374935122705,0.9357020658476772,0.9397441758068712,0.8075528119749914,0.7597630718954248,0.9722222222222222,0.9234690374792776
1,0.5722317605981676,0.4994393850416673,0.5109544866070391,0.44983359170343584,0.5801141631144278,0.7161367382043804,0.5720505043715286,0.6904930439655899,0.7151473723889461,0.4715370259786166,0.5727436630473485,0.46448043047868903,0.4919972830243332,0.44260566430655784,0.5082011270485591,0.47056484253129993,0.44577347853748794,0.42273835666505677,0.40573498944116637,0.40141250440527587,0.4601711687790772,0.5373291792676317,0.4708956699127456,0.4329209154455382,0.4820278386557365,0.5022029815804672,0.47807179411246437,0.5164715606014317,0.5735929347979972,0.5453058177934585,0.5641204213248053,0.5164886583965125,0.5093504299516832,0.5157434996271703,0.5896181401838682,0.6156850038744743,0.4781615526838854,0.46538478281233,0.5131615000312084,0.5509395424836603,0.2777777777777778,0.4449923072714739
1,0.5779744722708513,0.746749428269398,0.6662362898343126,0.6103523093029195,0.5365990088831172,0.476494895377514,0.4662699100185554,0.7010344129800906,0.8207744713369669,0.28587667801541444,0.4413049762737703,0.3097205491060192,0.38402395554085017,0.2888749186746363,0.3246856456343733,0.27244365929471576,0.3390431628591127,0.32152073761582617,0.3288915439166949,0.34106035040127564,0.3263264688165481,0.35929349580141845,0.34458067347702065,0.3525056415512492,0.3457710988739957,0.33756519013190617,0.3567161321897941,0.4723498328651509,0.45697123000145656,0.45222228971737544,0.4652494476774413,0.41004072309003586,0.40444995228583036,0.6035839911287079,0.5723276572547958,0.6408609900500242,0.4429712122233777,0.44562817292953777,0.4390482382752789,0.36160130718954236,0.19444444444444445,0.28147162197730824
1,0.7073833932134692,0.6926307202402986,0.6472580236998239,0.6842370356909362,0.6648915739533041,0.6901452653758711,0.5844307724355612,0.7015641262871506,0.7426082622113309,0.5895403647355537,0.5711336669661081,0.48700773398232416,0.580128871558075,0.475242400902778,0.5572913026842639,0.5116777874591623,0.4474958223671925,0.46722467186486555,0.47651139642155477,0.5217559254175632,0.5482125222764458,0.5924223068295391,0.5401684984087084,0.507079069732545,0.5626121898854872,0.4559858686184636,0.4945821468937732,0.6011554308538111,0.5961897230937685,0.6302104915477243,0.6639053416686338,0.6318498276330219,0.6423057517756355,0.6670705653326212,0.7379594384571304,0.7089061953535002,0.563772080560595,0.5701591356550998,0.586747973367251,0.6584150326797387,0.6111111111111112,0.5209646367944488
1,0.6381519918000315,0.9338546977715698,0.9494894013758024,0.9302885102305449,0.9535442290613236,0.5887277803576713,0.7529015345690862,0.7145348004229589,0.7216335808357794,0.947975084188907,0.9324575146965927,0.9364688309628807,0.9199408796716229,0.9160550644778326,0.9333793040161396,0.9528992563198069,0.9384287943320412,0.8955746614620856,0.9518939059348408,0.9213904308568946,0.9189197106557723,0.9549426654435201,0.9213692405385236,0.9184301179868236,0.9162404174145785,0.9272193579564354,0.92741983596747,0.48927460615862883,0.512557561281952,0.5437715223833093,0.5689976587051226,0.5158000171301844,0.5240295135350945,0.5866254507631959,0.6202975768244763,0.6304580341993021,0.9410742616847525,0.933913271952527,0.8220591962198287,0.7665849673202615,0.8888888888888888,0.9320231717792419
0,0.637105235962098,0.3334029752967539,0.41234405308495764,0.33721307094076264,0.46682610720512474,0.6349805634107502,0.4465098635003834,0.6974239263458079,0.7044262879327109,0.34320360922564797,0.39448487393087583,0.3742618984757261,0.44655238452361196,0.4286118370640377,0.4172750212021552,0.3315633898832245,0.3629474299724703,0.4588937973600766,0.3849545822542915,0.4396169679952414,0.4144292314687445,0.3360029370214764,0.43878034415266143,0.4188396419825346,0.41623094471259814,0.4342993221204083,0.4538033551010536,0.545686217251124,0.6199370838620643,0.6033280246354632,0.5758790043143179,0.6427920639412639,0.5860703568945054,0.629898617973796,0.6194109977870935,0.6619630936697771,0.34640942121856816,0.36101063433210095,0.47127675769076405,0.5174428104575164,0.3333333333333333,0.2792687537586356
0,0.7030295582485836,0.5786775652818577,0.576100935903081,0.5210165128614702,0.7597337937689236,0.5533450644081241,0.5163067294600847,0.6775839824010584,0.6564925050513217,0.42423281340524943,0.4952891775881268,0.4261440205775283,0.48018656559377393,0.4321811582360451,0.43926539272639076,0.43508697432068727,0.3861313716420134,0.38023923232408585,0.3617157164854519,0.40787292813420256,0.3827146517291328,0.4099865397490059,0.4727016242745166,0.4099798977916306,0.3794205823474372,0.3322462268006715,0.3743921337138621,0.476780314627382,0.46351923218283425,0.4823369013238754,0.5079815416371571,0.5202048238385961,0.5160092494946887,0.703394690390589,0.6396182464162965,0.6431255814199677,0.47996952006002447,0.4786212462555177,0.49022044751458377,0.4821078431372548,0.25,0.4221406431992697
0,0.5823165257284593,0.21312781003604347,0.36718015843114904,0.23024125418533625,0.3099649513389252,0.6082110438614087,0.46107038317477805,0.6571952800188597,0.7597429655276817,0.34588961332993423,0.46436159304540536,0.36126745757378254,0.4291482529199719,0.3633468943977779,0.42071422300393835,0.268372101065097,0.3747570347902437,0.32850344209523047,0.3836478467861455,0.3446925930841961,0.3670624199549543,0.40593341914386444,0.36454737908590235,0.36503520803973966,0.3864086513908275,0.3513048415589296,0.33019224882666837,0.6125266160329921,0.5731002467985956,0.6151628014902222,0.707538622573745,0.5755258900018554,0.6515842774135098,0.5844744517209315,0.5335680258396811,0.5350267625837352,0.28092245622497436,0.28727110345160745,0.43524871561457773,0.4534722222222222,0.2222222222222222,0.23220068141394165
1,0.3160861070716014,0.48224967169483374,0.7012486370858605,0.7367595524306222,0.972090744515698,0.3502004322095442,0.5226228480318164,0.549162625797162,0.45267492310956653,0.9332549681861841,0.9314263362021856,0.8681579545382115,0.8941106831420553,0.8831112657734295,0.9226694713586342,0.9509787583865914,0.8761357420075528,0.8908687840676462,0.9065579522456603,0.8929857971537576,0.885987237809723,0.9432758370940849,0.8969482602089174,0.8966254203273066,0.8845849294403794,0.8937043341611378,0.8766968537613096,0.5036733369750802,0.3546711789612899,0.34701295642427166,0.4088480211334325,0.3593822927964199,0.3901644299754099,0.23375183840879774,0.28969083983611005,0.3053408230057999,0.7671287948732122,0.7842514405647376,0.708042548422866,0.48954248366013076,0.6111111111111112,0.9137331025163239
1,0.4056669936795199,0.21492887888760856,0.19515781034077864,0.23931522563286012,0.30027030745181893,0.4541770685826373,0.41452953069984083,0.6603567987750109,0.6310698328525648,0.26517257048996584,0.4412035707804563,0.28394826076298846,0.5054610641458128,0.2626805442247717,0.42528561013061006,0.21499060900889946,0.29106688187150453,0.26356712111847774,0.2644571973816166,0.2870697216637005,0.2962967097809834,0.25526312948194174,0.26782594771568957,0.2588799019334284,0.2713475334534523,0.2777516705195483,0.2621529930542406,0.4763910783290342,0.5163525355192863,0.4632935987533775,0.474737565735425,0.44989465278643465,0.4485796342986842,0.4233585800850149,0.4410538423581814,0.4949608731611874,0.23795591621983214,0.24317270370342564,0.3517489241754488,0.22986111111111113,0.08333333333333333,0.21730509805461928
0,0.6124561009630023,0.5747293980849619,0.4436772652968027,0.30534327265853173,0.573340083307482,0.5861586931510413,0.5538069440089831,0.6655165644647333,0.702803288800485,0.42242238021291606,0.34851885270159444,0.4290632342006533,0.3823710055461126,0.37927943288673627,0.33476710225432593,0.483090082770829,0.5665882574104436,0.36560174993864797,0.5020161761540006,0.5481072643270503,0.5365885700970395,0.44571729955383715,0.4829599921539551,0.44423098295144103,0.47304923612814004,0.4681298962272131,0.47387859162259593,0.4970474942337639,0.525633895813571,0.5054415465581817,0.47294987988418796,0.5149461879819462,0.445905016628203,0.6752505696094274,0.5943002037613917,0.563791092495208,0.49562757168548144,0.43430108412034246,0.4905488331933476,0.4840686274509804,0.25,0.43960228229123066
0,0.11456322480047494,0.14684048753745196,0.09964287806049074,0.2472604669456961,0.5869798500728387,0.5769562488279611,0.49307017209196335,0.6817793659320078,0.8664836231582398,0.44479292579344315,0.4765588715072445,0.3419725613600337,0.36927345513485926,0.3068235841934115,0.412209652812672,0.36435032822168256,0.3336584413765848,0.3065167665006103,0.4864077548700385,0.34121190003073687,0.4179458817943081,0.5620561723154399,0.3760948427169658,0.3569506515851258,0.403059846218019,0.343673961927799,0.39237288385034297,0.4844278022527093,0.4778503218156311,0.48910345386364723,0.4774268266598696,0.49049608267503,0.518764118207894,0.15167242546642126,0.10310119028844464,0.10544122678284358,0.28438779237305606,0.2814494856516552,0.38816663242082816,0.33398692810457525,0.16666666666666666,0.20850360042908747
1,0.8287096156310222,0.9987263801072086,0.9981747839303701,0.9982934926447931,0.9801979064794797,0.8651275283062912,0.7963689997092207,0.7575838424524121,0.8368346595064522,0.9812419371428263,0.9767660859539407,0.9692964917748167,0.964178285172227,0.9671685719812884,0.9619528737251848,0.9825687852754308,0.9855122112595881,0.9571939690612956,0.9763619997480278,0.9735126489607543,0.9709837297319809,0.9754540534462727,0.9721599258417861,0.9685858237238859,0.9781506952183625,0.9598951242640724,0.9665196654267684,0.7647536761886231,0.7200004696456348,0.6624725940328279,0.6011233130660425,0.750227124508533,0.7203273114384237,0.8231538346682292,0.8110246477931309,0.8857872179366313,0.9835305523858185,0.9832107443567073,0.9083265975544518,0.9678921568627453,1.0,0.9433338197425315
0,0.504084244701401,0.3919493794092368,0.29045371036425865,0.28482850312564095,0.44842614846888407,0.5005436437137012,0.5059672266536319,0.6802986471318685,0.7234510163886788,0.3375655666339258,0.4466474696970823,0.3360006622120456,0.41708467649123226,0.3300088109259003,0.39403151369443623,0.40442741191372245,0.3411566930877458,0.35108729609840955,0.3621057428107886,0.38756452504925154,0.39162875512624973,0.3477205894033817,0.37730017297976093,0.397628229514617,0.40949537672262465,0.3799206060519979,0.35912114006955687,0.4661498005611854,0.46795445198803637,0.49934124970727306,0.5089106496974729,0.49063236631317103,0.4868211608677527,0.5418282175856838,0.5316176841643839,0.42601411201307265,0.37745915117833495,0.34944295351730925,0.4216740136604616,0.3758169934640523,0.1111111111111111,0.27169290302475874
1,0.6734992595471558,0.4435861656910152,0.48056382276015575,0.26463218072102157,0.4839475917115608,0.6310636333213239,0.750819675520273,0.7202308690816884,0.7269494787128193,0.37429588002978875,0.48148361002806916,0.3616896499448411,0.48722984706128375,0.34586407541429576,0.40787081574878786,0.388566027628511,0.3710747909680153,0.3501620292577644,0.39547460441297766,0.3068801394402291,0.4303548684074908,0.31723648442860375,0.4387491625476875,0.44041674988436946,0.3969268607268545,0.33249863955843373,0.3586787355175299,0.5204704745073268,0.6193624367179401,0.6241053316658284,0.6381400457795887,0.5920439518848388,0.6114694417180969,0.6583872085458439,0.6501990853683937,0.6067060251886068,0.39794728108812244,0.360867619879937,0.4774055110554784,0.5256944444444446,0.3611111111111111,0.362990048028649
0,0.7997429230675517,0.9138927190690922,0.8158208490760857,0.8300203684311243,0.7064453085836865,0.6590821723240429,0.5407341585225839,0.6676366709927174,0.948262869923752,0.6714277293397378,0.641603956174811,0.6050373496252158,0.6200802979932613,0.6250737321186779,0.6104774922626627,0.5983509514314794,0.5173842266630261,0.5454817750855337,0.5498499436119848,0.5615012669758588,0.6597854319660872,0.5790933959527537,0.6317242999119166,0.6404983120120018,0.6489826266611551,0.6110012943686293,0.6307968887052418,0.6905446147636808,0.7024389616226008,0.684726879865013,0.7850608092244761,0.6841544178368214,0.7293250249979147,0.7909468752112944,0.8073310131615961,0.7206407287199548,0.7057603400419291,0.7144750241351179,0.672282081895489,0.7156454248366013,0.75,0.5638647505681099
0,0.5138619342143563,0.341018138598211,0.3514198909137053,0.369396812105009,0.6133158442342326,0.5340065941277801,0.397902396457003,0.6579774270479891,0.5962598219145678,0.4109778470502203,0.4338494262554901,0.383801407192963,0.421099437884253,0.394924224550935,0.3698758071103489,0.5117869532473578,0.38125366477719597,0.4327793170985607,0.42130226511722657,0.3975072672721624,0.41324322565700566,0.40906236395496715,0.3978751404880652,0.37768000706720606,0.3880894978335778,0.39850650067214083,0.37626305459841447,0.49737337355630407,0.5120521245455242,0.5381995710994085,0.5623070914102497,0.5531615009002381,0.5636207965246922,0.500188004810905,0.46369412772892177,0.49605439893142017,0.4122021663461773,0.4001855071388952,0.44716701319243923,0.4312908496732025,0.1111111111111111,0.32784455678932306
1,0.3264340372451941,0.18513935015136465,0.25899112331761576,0.09857790776713393,0.48169041010767455,0.4911924861367348,0.40872976546017303,0.6262531940725469,0.7688758387839078,0.3559874573470079,0.41424354586593326,0.3334345893725227,0.3603033713067995,0.35035160433876034,0.33389870575602143,0.32417007719523555,0.35726837882418205,0.3212759348808673,0.3532005838271103,0.3042033410751947,0.35563889992119596,0.31014733682067064,0.3928813422090601,0.3441819611126623,0.3607785872001702,0.33295491246886594,0.3253621392466983,0.47092121660105374,0.4801511251179215,0.4582092847771022,0.4568395747557426,0.47167612800626524,0.43346949767429926,0.34765911576580566,0.3669301914220105,0.45537377742977725,0.2809146722397076,0.25833470576500345,0.3745381473731712,0.264828431372549,0.027777777777777776,0.23226889704050174
1,0.6061066120397192,0.867659917417193,0.5979151067643781,0.6330665828270641,0.5172826583588627,0.5578511630508861,0.5927293019082331,0.6491803188998962,0.5368288139994202,0.24673126144887275,0.5891388935275663,0.243845103281999,0.5631488212547019,0.2646471061047425,0.6258626732371606,0.21702324312139734,0.3070967174871308,0.30736520925344407,0.2659729740387404,0.33774679185156326,0.25082844589483905,0.29282407018189915,0.2999333119883684,0.23934114863412878,0.2389109002514982,0.27070618640657246,0.28958010463420036,0.43203581607879754,0.4438122188766998,0.44236569002766785,0.42741121480451455,0.44123574636645424,0.4438336051097553,0.6143492159647094,0.5885175145567452,0.6799821533480572,0.4428427546068631,0.4452483905504792,0.4344108061775415,0.3214052287581699,0.16666666666666666,0.47200348846717666
1,0.6674391575726082,0.9910506311245648,0.9841471019060503,0.9840035682386695,0.6806274898733491,0.6026302186309899,0.7799290178042476,0.6704720066944484,0.5790950519231501,0.9336314076773359,0.9073965663695633,0.9284368060428925,0.9198103511111813,0.9240803145265953,0.8947316249739696,0.9539124185871095,0.9333529201549413,0.9309764115311593,0.9480408426969413,0.9262378866303693,0.940954378710397,0.9384293498659536,0.9381647363046881,0.9571329426103352,0.9572100974651856,0.942974391072498,0.9439336004219046,0.5319030207855403,0.5986960370658018,0.579185989339225,0.700124280038105,0.5414937489987165,0.562285577842742,0.6721143156264268,0.7044199171538035,0.676572143693139,0.9577999519181889,0.9562967477039663,0.8322928351094747,0.8060866013071897,0.9166666666666666,0.9452185191746287
0,0.5479001365458853,0.11906010182130322,0.14609866542502378,0.17996070841613718,0.44532629552162095,0.4448042248746079,0.4561707916670113,0.6177299398406005,0.6133196592626048,0.46771660520259883,0.42183586950595836,0.40498454127812894,0.296493202369426,0.439612841946743,0.3030130052914869,0.4545349098516658,0.31737996797440476,0.41282100061840094,0.34957862221186525,0.32547784589421186,0.3359965782719763,0.39561629105502566,0.345930844102028,0.32113571359786114,0.37640688188029947,0.3347935395957489,0.3018554804838646,0.44143754227152787,0.4231678072144636,0.4511624349507964,0.483673455663619,0.4067135014047106,0.4535306799590324,0.5996886126087423,0.7300135214651731,0.6132686328707976,0.32619318431703265,0.31963062066279563,0.39969589311600434,0.3113562091503268,0.08333333333333333,0.3088865824218215
1,0.3074293856401472,0.23354114981863655,0.12450745803965442,0.18677106451763661,0.42043244929056595,0.4466371222495857,0.3510681248700761,0.6330787686772402,0.46156065514933226,0.2957444338258631,0.3389208995117353,0.2515515605268549,0.33270682963224985,0.3108633305207936,0.32854859116066437,0.3002665951788843,0.32223976446771807,0.36596244951616846,0.34521014747213774,0.37758295347797854,0.3624051379415326,0.32933999561719646,0.2989484233058336,0.32333587859930296,0.274835275547189,0.29533390171165924,0.3046745495180029,0.46306206619194645,0.4718942120145326,0.5088162664741962,0.4718307328701262,0.5122524382998979,0.5265069023049188,0.32712030268416226,0.28709728240499927,0.32013833903329386,0.2617864351747919,0.2565987401125612,0.34757100830371446,0.22160947712418297,0.08333333333333333,0.24413420881891185
0,0.3394943860420906,0.23099554507895656,0.2706849061571696,0.28365362021311824,0.5014791745055734,0.5476001570657948,0.4057657508846509,0.7109778993178353,0.7158734604521179,0.37675536358319117,0.3387451034244041,0.3305754646017036,0.3130575604201743,0.3326896849535132,0.3229301998510014,0.3785542939955589,0.3626986790922021,0.365936340747945,0.4217688245122863,0.3342629362458913,0.35789658784400086,0.4714130597265757,0.41672554867113953,0.33232761343149686,0.3853546705543859,0.3453318547468528,0.40566947123363883,0.46095581765665916,0.455792636892434,0.45204763633922546,0.4517003118852925,0.48133153138035134,0.5016150436392146,0.3479648067937216,0.35517612350020356,0.3276939749221057,0.3133751012254064,0.3112937217685701,0.39325953943761754,0.3124183006535947,0.05555555555555555,0.21922573116401176
1,0.746340886369039,0.6873416987959394,0.5860974444238302,0.5940404182484846,0.5868005606652066,0.6707507043931364,0.6962684686406465,0.7791392869868281,0.7762592666269106,0.43056300696045835,0.46840355858757193,0.4816402707272621,0.41583880123186734,0.4291075001372541,0.4434988730473899,0.43889700555330213,0.45935847553611064,0.4234886611475029,0.5063065785618551,0.4165045704721536,0.5105499865214179,0.4920249804370239,0.4558112991656178,0.4420639360747349,0.49506620348417096,0.46499495040646993,0.48765378629059836,0.5121982655522204,0.5782172057647667,0.5693322454272355,0.5980911678919837,0.5346282277019788,0.534390691488886,0.7620542404299305,0.7392971517440506,0.7817582103355383,0.5359596583588345,0.5262053786924484,0.5455448535187996,0.6056985294117648,0.4722222222222222,0.46557515234243113
1,0.5725144867157386,0.9658247588786804,0.9117461298359301,0.9145875383263862,0.9796297134761587,0.5149982657365394,0.797327543957485,0.6814506695294262,0.6495422163773928,0.9614079871221801,0.9612199942775129,0.9509339243171357,0.9510358121279658,0.9394875199888325,0.9614139931561585,0.9828573171429414,0.9640798612424479,0.9437121858774227,0.9662825946208106,0.9698256847868578,0.9579482520499896,0.9739146461979404,0.9552645215711945,0.9651393307964549,0.9658754976394878,0.9639975197255528,0.9630884713532486,0.5457445045328532,0.5315960103674766,0.5633625588931255,0.5532401017347995,0.557034767118534,0.5777972441195277,0.5194912980189141,0.585652008061528,0.4826242830252669,0.9665386667795858,0.9507382117307952,0.8332913679935783,0.8200367647058824,0.8333333333333334,0.943762469601698
0,0.5655145477872174,0.5787467506813938,0.40837373028903307,0.4188544371375459,0.6448159913521984,0.5031795577705236,0.5648986776676814,0.6911288794393037,0.8822751578063114,0.27379562806119434,0.2972546280286175,0.3380439295456454,0.31464753623537633,0.32020942095158783,0.27556867890381337,0.24718817526999887,0.4932306600991745,0.4398949599490458,0.45115227647168316,0.41676892127265786,0.4552932564775561,0.38344336835973175,0.3439131623314375,0.4088146866387059,0.4063675749836026,0.4117469914252731,0.3276399750608059,0.43671035121111956,0.4389620928726016,0.40216325418685306,0.4655002094819537,0.3968531914091451,0.405277460028463,0.5823885803118186,0.5818079652763164,0.5580234243168458,0.387992951832346,0.3806085427172344,0.4395221430261968,0.37393790849673203,0.05555555555555555,0.30113816235972846
0,0.63803245695384,0.4189036168377697,0.5147830437111021,0.5084332298297187,0.43615607090770114,0.4653788804290799,0.4260962988213688,0.6776396096148602,0.6443383956002301,0.23493727475852752,0.6284279223123811,0.3013422736235637,0.6196078538439425,0.31846731084260066,0.6625412867933789,0.3071705578153656,0.33782024742044314,0.3468785232016522,0.30480614564248476,0.31934232937861984,0.37878520452703723,0.3743405419768524,0.3219627107132959,0.3896545681818081,0.37897839947271006,0.39501938308802753,0.33559043089575485,0.4571148601621953,0.43696163585520903,0.45191129910313066,0.47062097579482437,0.43712789061250784,0.4551456055453409,0.6112154016771945,0.6503383663595471,0.5553667498922783,0.3424721494255663,0.37086339778980365,0.4419280938467592,0.37005718954248373,0.1388888888888889,0.28778137453120956
1,0.38970218610852736,0.23468051450292143,0.23777333510925094,0.24173741310325184,0.21408549299237478,0.43637514153308105,0.3405158888387845,0.6389014017758671,0.28946040816631413,0.2196736901115049,0.2524515540024436,0.23640828139366513,0.22729150361404424,0.2730483737881393,0.27721496697708203,0.14758063934556226,0.24214269296224242,0.24754690601353152,0.20186014176376113,0.28081927857175504,0.20526017710675934,0.257536892699993,0.23180006181879337,0.1867990797132302,0.18373384901070658,0.20292443739015958,0.17977383913951123,0.3310930620043636,0.3511550033014091,0.38650802384495303,0.42557557109872846,0.39023499773783715,0.42613443025229575,0.4160043034178567,0.3959545503503415,0.3766794412764746,0.2062231450807163,0.226691044426708,0.28357115002542993,0.0977532679738562,0.0,0.2275716055823392
1,0.7369685280993299,0.9999276590940411,0.999738152719939,0.999707959735914,0.9741057087137828,0.7972355378825183,0.7447454530956593,0.670677456275686,0.5454310722807024,0.9620016259425821,0.905086869512572,0.9397530490642316,0.920032978375381,0.9454779492324942,0.9406497437831911,0.9583217712549252,0.9471256202489452,0.9164585006640684,0.9542002537923665,0.958212221316416,0.9376654284322486,0.9467320918245378,0.9492087978247123,0.9580305336137231,0.9500106672000368,0.9292818802146553,0.9229064298799774,0.7709243816717757,0.6848605426560588,0.6687589298065507,0.5993032023649723,0.7721957690544257,0.7330587711572853,0.7667737287660333,0.7207821195653101,0.7748400884613923,0.966000826471066,0.9686376776763211,0.8724384806822549,0.8847222222222222,0.9722222222222222,0.9537227622328053
1,0.4884951034457086,0.8702963688963304,0.8733616604868553,0.9393390340229016,0.8851098827681982,0.570838538545054,0.6157399544396467,0.6594670794900553,0.7068770036880612,0.9131913297852379,0.9325481730306237,0.9281725409053359,0.9173220798259498,0.9113285964196978,0.9217568274680914,0.9014328675357032,0.921141742273113,0.8990365614316334,0.911970875633002,0.905476847874119,0.9074744949905645,0.9211569059221585,0.8835568848599391,0.8967060289841517,0.9019724264528001,0.902373006031197,0.9034490677879863,0.45295844214204845,0.5011142847582709,0.5105034732411162,0.5030217301341162,0.507154095070382,0.5203900090619447,0.4558924565128355,0.4532990116314918,0.4569559729909096,0.8999672591124565,0.9101138815559938,0.7808076437403336,0.6452818627450979,0.8055555555555556,0.9132388583635114
1,0.6674340121099811,0.4113463885818633,0.3641670271106142,0.4721943633107454,0.6032440343423013,0.6348272799139356,0.5040114222425716,0.7474238375549705,0.819396410340855,0.4132861142754898,0.3482671265439215,0.426862058409806,0.3510542351212077,0.4245241978512585,0.3512140784208787,0.3557209037559147,0.4672060484374822,0.4787360364925298,0.355290678311045,0.4536428516602745,0.45717129904796666,0.42669262748746983,0.4245779683716682,0.4161417095533796,0.4870288791763193,0.45331547021562635,0.4765197321398906,0.4952954422438942,0.6027670092116655,0.5920831638328554,0.5436787708293501,0.6072146149982077,0.5856889671426287,0.7026996495128649,0.6251952367679114,0.7063038311371815,0.3979764502491947,0.4181295823819176,0.49424721438997093,0.543545751633987,0.3611111111111111,0.2977540871009174
1,0.4462564294064319,0.4179247119312194,0.34668030791430204,0.31204287912552725,0.512709677108631,0.558482094333875,0.7710272084004524,0.7245194936879777,0.8464142109639656,0.454445536469394,0.42190457052915065,0.4809608381070511,0.3975450966327718,0.40248361155871903,0.35715788812230376,0.6436578555873252,0.7361046511989218,0.5386086585825288,0.7465135548734234,0.5813933203965752,0.7031752345433179,0.5820955858487018,0.6355632645957086,0.7350994787497477,0.7039521370592129,0.7028473852854749,0.551259672693005,0.4758227396813554,0.5614240097118816,0.5964383351818445,0.5903769006271334,0.48305239985861315,0.6073556482363809,0.4849509393780508,0.39471723934351244,0.3857606096500587,0.5141811352085318,0.45141397926196836,0.551485869840508,0.5405228758169934,0.5,0.5083718932624104
1,0.724310379345634,0.771321050561507,0.7192527639575743,0.6803803602599816,0.8261456279667416,0.8720449744452076,0.6218583332047607,0.6953721076699056,0.7706283416197729,0.7371608438038955,0.7805610939214882,0.6603141011018496,0.6906136743906096,0.7117668581421469,0.7488624186808028,0.6964756469182353,0.5857013904597852,0.6545075374276057,0.6891768893600131,0.5789452740524533,0.6825314614988628,0.7175485566043237,0.6232389565880928,0.6466129971423936,0.6838741966190552,0.6572563329395859,0.6999443544851727,0.5510501848624696,0.6638565032904425,0.6550137628303042,0.6765712883792936,0.615684154609029,0.5941447428610432,0.7456785816819129,0.7205121885569663,0.6917191064481614,0.709370266193864,0.7040516033967441,0.6898717657500327,0.7163807189542484,1.0,0.7258874436059392
1,0.5004374358433503,0.24334553881562954,0.25116918339634725,0.24960998086172487,0.46134842409190363,0.6221673267593548,0.46460519632483704,0.6717894304144659,0.6393653305196849,0.3493348465515997,0.47599329791867123,0.32811213368152337,0.4763533877123541,0.3632017864604148,0.48506362349035115,0.3226137976643299,0.3117366778802247,0.33817051579180746,0.33574427873790824,0.3338466092750614,0.3601212004295381,0.3444198301674145,0.355035030931248,0.3494710854269003,0.3451357336908169,0.36735979214846676,0.35983709088669813,0.5713575906196326,0.5264141536062069,0.53575460950964,0.5137408044476612,0.49285308452521975,0.5276450438677436,0.472710696126852,0.4698712650785935,0.49001908244420456,0.298023823387161,0.30137664749672455,0.41395184315226646,0.3836192810457516,0.19444444444444445,0.27832639387763913
1,0.4988896303865866,0.34812819279316914,0.31576804706341527,0.38645846910675846,0.4956967992964124,0.5894156646189498,0.5097668243160193,0.6703982569442944,0.7379275705182498,0.3830433151623781,0.5663833119470733,0.3896369240997129,0.6104262964833016,0.4235344727981305,0.6149834314049137,0.3766056480715497,0.3910842348349256,0.4121923030544728,0.3958274559742109,0.40110380507517884,0.4219865477134643,0.38516297824718004,0.40829898595883635,0.4030963491845287,0.3697638109410613,0.40546395733178636,0.38875438750540803,0.5689814439664926,0.5645028086301295,0.5988832907482489,0.5898369069424385,0.5561299469561304,0.6163312084947474,0.509715134316826,0.49334657208458144,0.4873648391268615,0.37145692165481065,0.3848727413738642,0.47066635139332785,0.4951797385620915,0.2222222222222222,0.341063458377516
1,0.16162220321476015,0.6913176067753646,0.6757769640580962,0.7786552107240384,0.9764319353415947,0.464699927185601,0.618120738207418,0.5276615002372852,0.5024545028490873,0.9649446150349424,0.963951336107896,0.9421009288759159,0.9624412647080071,0.951123549496877,0.9608553112906513,0.9321530059890857,0.9068022465657641,0.9459413701774381,0.9387610482073978,0.9183524165220648,0.9056428393501996,0.9388244526054026,0.9242328552443284,0.9118037840620277,0.8870981385700679,0.9007991720700549,0.9026401311328095,0.5311929652475964,0.5137041765903487,0.49383978381593996,0.5024539653060662,0.4890009362698951,0.49755753395040914,0.16385115312808587,0.16965832632282657,0.17540867492369877,0.855190513880122,0.8590700603722563,0.741739459776447,0.6073120915032679,0.7777777777777778,0.935973804134982
0,0.605860034635598,0.38887950090769063,0.5151223594628974,0.4351367838279888,0.609622865088128,0.6237772140260031,0.5441648630252395,0.6479607885694934,0.585175625006934,0.38627104688351144,0.27570092568200577,0.4381535702020374,0.3333447607505958,0.3903124599787778,0.3228852094172474,0.4191028171818066,0.49899947072698553,0.4337143459097552,0.4049427693505097,0.45710079086203753,0.46141250044940185,0.4111369360269194,0.4211279841179251,0.4906864977208475,0.43567213571699875,0.45482364896881466,0.42576649868160743,0.6169978225891763,0.599332420468716,0.6308835518424981,0.5585562482078552,0.6415642488125503,0.6217546381859689,0.5890530199569747,0.6495469368425819,0.6708325910245204,0.4153786294305115,0.4143170264196603,0.4891270243868991,0.523529411764706,0.3055555555555556,0.407024235089388
1,0.4233680911265047,0.9964098019205304,0.9969143110297951,0.9970261518572656,0.9656123955695872,0.5473053774045372,0.6904544146761807,0.6740139875591942,0.7144040693922896,0.9316734168272474,0.8314166222228346,0.9126126600330725,0.8120469023477488,0.9054175181185083,0.7711075872632845,0.9660787725544959,0.9431466682704466,0.8969019565669787,0.9145414760604109,0.8971435324565171,0.8766229021483201,0.9224943914343158,0.9103056082150544,0.881613277860905,0.918863532473852,0.8981913609325449,0.8999030051580855,0.4736179517994111,0.4659602312240244,0.48048492912824137,0.46903289471771814,0.4678595726302908,0.4590097830101815,0.4851338671485657,0.4173340222489956,0.4478612153403957,0.9583670781693664,0.9555089808967745,0.7800159038090236,0.6357026143790849,0.6944444444444444,0.9235554551652562
1,0.7665349657928905,0.9918208876037757,0.9895713286348681,0.9777009938573595,0.8402016360777521,0.6370278604970934,0.7942683287885415,0.6858482365870973,0.7699494420853288,0.9171296931285283,0.9095595634937019,0.9080508771707478,0.9030654515367548,0.9058853454034546,0.9513546761788284,0.9498069267740731,0.9154131812911299,0.9473840246416931,0.9332001903490938,0.9236678851098911,0.9527794986218344,0.9070427506033081,0.9165937496402338,0.9532768739841939,0.9281998733460756,0.9261471991231512,0.9448917808973912,0.5058747962094161,0.5693119079704656,0.5792239299852456,0.6710564037871583,0.5128436282981583,0.6169752151408889,0.7721929231608827,0.752398862465306,0.7817690538304248,0.9498928971828655,0.9466530061618821,0.845895685807557,0.8196486928104574,0.9722222222222222,0.935664232119759
1,0.3322055010645428,0.9802238140801875,0.9634857896592066,0.9647809344560434,0.9772478173472764,0.4468660244351972,0.6548621199893041,0.6399240685344448,0.6226346433051836,0.9396946001161341,0.9467005661540371,0.9136195427264558,0.9339969982353024,0.9020861957375083,0.9310690699832206,0.9339249346927754,0.8843052953223339,0.9130337067142585,0.9027951331354914,0.9310384720217814,0.936283481855947,0.899079224054625,0.9057627406012092,0.9083161233373837,0.9226648004003104,0.9052671509488738,0.9216804998388334,0.5313635627235143,0.44759408790224586,0.4605514170176496,0.43819225122401373,0.46374403360362887,0.4996487188773667,0.35314559873856066,0.3475523898425517,0.3230852076797122,0.9425894304998063,0.9389270843385941,0.7756609853528345,0.6120098039215686,0.6944444444444444,0.9309628801138928
1,0.25677923041434225,0.17504742763989686,0.08992292149705204,0.15787702219326874,0.3107257726919856,0.42605977482848656,0.39798970109277054,0.565429430109815,0.4640367866776037,0.22284043951196822,0.26132414697665385,0.22901155929628586,0.24189000182606896,0.2325593852432259,0.2617238610160015,0.23627028880515438,0.209857519657618,0.22078996891529762,0.24315975482887944,0.21351141506715285,0.27188833053992867,0.2773988697033668,0.23289099944637903,0.2235298848246711,0.25125376345406264,0.21818772835784084,0.2281990667688021,0.4137999648585412,0.42330332397571396,0.42167846500245226,0.42681744328556576,0.42378527144850364,0.3905789505714012,0.2657750586042817,0.24903847666738094,0.2550499778102747,0.213443091913779,0.2061531366355663,0.27934206842947473,0.07720588235294115,0.0,0.1934806848096615
1,0.6131508477625445,0.48229222213302236,0.4840994701201115,0.4593782998809578,0.40394805889446594,0.5878626356617823,0.4716061556179971,0.7131888540208139,0.8282817610531652,0.4907509043183634,0.609741167025543,0.4586350315087156,0.6458431915361045,0.4467577997331552,0.6249040943709032,0.46360682780576346,0.46989843338935444,0.3318610425293938,0.36419760754385233,0.33339927681252235,0.4153440510384044,0.43660580662830795,0.4424667924954422,0.39721550679230033,0.4141243704211811,0.38518870363857366,0.387921322709853,0.5893008673100472,0.549789098571401,0.5247824520625294,0.5305255625553805,0.5717930501993684,0.5102986151380412,0.6142567294226287,0.5631273955634245,0.5578467539603057,0.4681780271491671,0.46213403621232285,0.495675998158184,0.5222630718954249,0.3888888888888889,0.3756103592006926
0,0.5382464273501306,0.37364218303857283,0.3030018682295817,0.3294168258388848,0.45018606111786413,0.5578532188328963,0.5264866845785268,0.6909518655478651,0.5585039590125394,0.35659940232756554,0.3495979455520279,0.37319496689696235,0.35207113134757806,0.32548205384917356,0.3366675652084581,0.2890483528022538,0.35058592532808774,0.28807541099727674,0.23979478151862038,0.27837568298161697,0.40653891980769735,0.4382427229719858,0.3223659598592943,0.33609332121038,0.3469566235754127,0.3451293106264184,0.2964457419933609,0.5345274988725078,0.4873345603429021,0.5100047952678503,0.5539343909774593,0.4516671329108811,0.5617554661330547,0.5091011875675242,0.5342489139913499,0.5910707946607403,0.34529516757926304,0.3381568764851695,0.40755372033626797,0.3651143790849673,0.16666666666666666,0.31439599362228127
1,0.5759122215457207,0.9848121841211238,0.9731756781771548,0.9815244636092967,0.9502653342084757,0.651782952001538,0.6207549498016959,0.6453525347425821,0.5785906474797503,0.9563088994305587,0.9363476328226333,0.9396962309450027,0.9011670925060546,0.952632439087532,0.9182313256149911,0.9858131136398255,0.9114920335948882,0.9763760616186692,0.9601296302815706,0.9297421762757465,0.9452542405675551,0.9570505039629542,0.9391693963936282,0.9645996315324803,0.9438910429443985,0.9559888301785389,0.9577568614280422,0.6412417319004177,0.5370324876867739,0.5742242881171745,0.7160240849728683,0.6203763607987917,0.6575179766550449,0.5563553461333908,0.6038818252618372,0.5865004302191517,0.9701071762353174,0.9688956862805561,0.8381741745865886,0.8126633986928105,0.8888888888888888,0.9393139780802306
0,0.33852497094668965,0.15635547101941652,0.17607785433540787,0.19258040397802023,0.3126863251004115,0.4578650673432627,0.3793014151506215,0.5704443319942327,0.6101894887884314,0.2944712707230719,0.27187636778004515,0.28534988245809123,0.3053264823372598,0.2816094719536024,0.24641989166742687,0.2632849733490862,0.25677434290839324,0.24337725599758495,0.21122455217643046,0.21662272031437893,0.33548534532285834,0.2605683872119118,0.3227490666545916,0.29082324623684036,0.33170609178494115,0.2416330716346328,0.2620886409845394,0.45736811938871375,0.4161949862840376,0.43245911999626974,0.48176079863855276,0.4297110975171219,0.44487753692134263,0.33423073187411784,0.3202594666208243,0.3093873296865627,0.23499677560886464,0.2358360405516433,0.31578679435589146,0.14460784313725492,0.027777777777777776,0.1877500387180927
1,0.8433782712997797,0.5109479861641273,0.39051063285381077,0.4174302770257928,0.8533433102779089,0.6890436926579794,0.4729779480555658,0.6194807498515615,0.48478152985068895,0.6449514188922213,0.6926813292359545,0.6334499780338811,0.5472398200986313,0.6571592643903591,0.6446977510896869,0.5663052350218256,0.5249623822590065,0.5520285453730434,0.5047685912358948,0.5320307598465178,0.4288064512692305,0.7278521106669515,0.4195687488113033,0.37762394234674734,0.45298688835583817,0.46606955494650554,0.5273689919295308,0.49518179540599544,0.5220059080646828,0.5316536529350956,0.5098591446825357,0.5485731489561665,0.5472447973747555,0.8292342683148052,0.8301582001798626,0.7322599652650963,0.5702343997399447,0.5570585481271972,0.5714506203794185,0.5660947712418299,0.5,0.6583304437841977
1,0.4189428263232271,0.8708074448993776,0.8523043771315629,0.8142467309996482,0.9718221938218615,0.5626491123656298,0.7077230936228847,0.566379008367931,0.3803324452612024,0.9485058034849267,0.9156660963264767,0.935348354356741,0.886484542953607,0.9165982727628912,0.8723628472093775,0.976498566592443,0.9619747096779744,0.9331540725215565,0.9781908077767432,0.9356292250798666,0.9397510780778388,0.9486927482342776,0.9457586443953433,0.9483013415513111,0.9505163007729872,0.9672053133186805,0.941899260371988,0.4736172855738413,0.5292901691959451,0.491395438531805,0.49066840044009036,0.5070107632703731,0.47385325416575935,0.38997828185926164,0.4228574022648678,0.386968708948482,0.9275514552828539,0.9026998739222203,0.7822195682847349,0.6568627450980391,0.75,0.9561354735272337
1,0.20895246839273626,0.04101401128100503,0.05849558208955148,0.0960520043943888,0.46281841273051894,0.3374194846622748,0.2525467498131256,0.6412291173012475,0.34080761077229726,0.20170265330995418,0.28469365092685905,0.24101274554614266,0.2596807446645437,0.21300633328285706,0.2812405415296636,0.2469250606432022,0.3126470706795246,0.2446961462871991,0.2956522953091108,0.3117909514122781,0.2145657617105678,0.2924607639087714,0.31418904978022655,0.24275719478646587,0.21098584589675637,0.2246463502764503,0.2472507529447189,0.3717399119667077,0.3582468851899781,0.3951331208763599,0.3137957202703534,0.4023572095214816,0.48881960545763165,0.23645568287104893,0.21918192748898874,0.2719121775718166,0.1763172724901166,0.16760203102951912,0.2744375930548301,0.09191176470588233,0.027777777777777776,0.1929729112847805
0,0.4478328143809126,0.07207239662652745,0.14294918494544828,0.15527933266072863,0.4908195263773914,0.4056166050055132,0.3463443005404895,0.6469197688647138,0.6238128029355025,0.24829234031802822,0.2763205489460817,0.2670373336785358,0.2790234585608227,0.266330229668556,0.2948497274802804,0.3190338991932635,0.29899498183974826,0.28128758113664526,0.2841175937694622,0.3140305261658748,0.2631388282167977,0.2598504794106293,0.2698274231875983,0.2735521176236531,0.28512463591040665,0.28235882359503717,0.3256470401097919,0.47282297078100477,0.4639646933477651,0.43949733925686496,0.44431505002449084,0.45050512110204627,0.464354764182083,0.45457580931368596,0.4217582212758981,0.46613800476472333,0.21938120983277562,0.21595063836552225,0.33456875357076993,0.1919117647058824,0.0,0.17040125420888808
1,0.392324822778943,0.47490583182989266,0.7286824910587053,0.6500382456682523,0.9719817343133421,0.3791188630332221,0.5669374334677358,0.5778194307746595,0.5265091169663302,0.9526665452056864,0.853208897682873,0.9214512452563802,0.8310262418968855,0.932888596166064,0.8105995192095712,0.9696219377975847,0.8946869558858016,0.9071585194086043,0.9049152962465569,0.9089112901061194,0.8942198763956225,0.9333739288126508,0.9295042618963881,0.8980026536304803,0.9275636417674373,0.8831328996233178,0.9043756519488577,0.4263364836466008,0.3912322107970916,0.3779549075711622,0.4082999706652187,0.38548718468565213,0.40598456618503864,0.28858371743977346,0.2977236460860454,0.26900835791578576,0.7886596716279525,0.7897811713436347,0.7143204331951485,0.5042892156862743,0.5833333333333334,0.9021994668295944
1,0.42949729985331064,0.20554046137142845,0.23429966373325256,0.2554935958153905,0.38245062911769234,0.4467932813221927,0.37267129086813616,0.6215143164028215,0.5288773871131994,0.3077928764120154,0.2629298236007105,0.3066992094334543,0.2738182689668672,0.32572409228707955,0.28328207514197196,0.25309131852049893,0.2845266959414962,0.2890093245521495,0.273255525764033,0.276240711809344,0.26697384230305765,0.2945092922471816,0.25757111041701913,0.2699048766465085,0.270334042332077,0.281894743988987,0.3002998205205682,0.46470881883982984,0.4600504190951213,0.4462725797807672,0.46168372352330067,0.4530181000364929,0.45505979403489183,0.42913773896434915,0.41008614597292253,0.3923638834924058,0.2551103297751272,0.26930973548557036,0.3371520196439973,0.18100490196078434,0.0,0.21582664358580253
1,0.5910218325243605,0.9999585651352001,0.9999540966457549,0.9999322617171631,0.971968888020674,0.5410299939906758,0.752913758306195,0.669248356990882,0.6674104562267673,0.9693107285467443,0.952519133179442,0.9568711591794286,0.9445696292678971,0.9402407189449427,0.9573486637464057,0.9814412780777155,0.9557888308092296,0.912721754544801,0.9691750629366834,0.9587107861311922,0.9224640745537283,0.9700890211609632,0.9595475299905384,0.9548492682462546,0.9388532829649999,0.9357315692976239,0.9466942890799862,0.5078876241644275,0.49962939728678496,0.49056252076957596,0.4864672001157129,0.46743199947348313,0.47817975797140405,0.6192052873586293,0.5881470869703325,0.6087343317959232,0.9794236674641148,0.97568879661089,0.8301504310253547,0.7850898692810457,0.8611111111111112,0.9504261039988181
1,0.6763723914477423,0.8820865925825639,0.7522124192684504,0.7310514757171325,0.8499691339258806,0.7539106288226347,0.7586258173953702,0.7364701158639912,0.8311247349273453,0.6270292349857277,0.4858414756267685,0.6021752408928798,0.4875368320401415,0.5324182808972356,0.5233619697557925,0.6324389224596865,0.7416784949531846,0.4838338387513857,0.7634563746967876,0.58748684639108,0.5518217824687749,0.5118864139023435,0.6642544969589047,0.5713243419002432,0.5799497224077682,0.6377305973766461,0.5222627240472519,0.5881265056197654,0.5787874592794626,0.6240450966156779,0.5450340455968086,0.5789431125195843,0.6018746571717116,0.656748058609642,0.6754312806008762,0.6648998645335114,0.7055669186450434,0.6760341025098996,0.6369590711841241,0.6785947712418301,0.8055555555555556,0.7185795892537213
1,0.7662757217893106,0.7437702660035262,0.6828048107855489,0.7244518358715217,0.7660127532320239,0.7367616829354579,0.7168204447904396,0.7068898796203211,0.6906496031765006,0.5479842458168033,0.5594915568856635,0.5233007493454354,0.5284523543154696,0.4973494885591009,0.4910022082926986,0.5753796802735545,0.5365438175537038,0.4947641500716093,0.5497893951193806,0.5114477724602988,0.49089037097871974,0.6451666254836576,0.5454195937131301,0.570184125500537,0.5422721215091398,0.5206826607054758,0.5380895383910645,0.6595133744647325,0.5651921236793176,0.5353454067331352,0.49107455897134744,0.620100871173511,0.5675987233650942,0.6930608916006876,0.7574407380219226,0.6586730175403664,0.6141502318741721,0.6128504040106277,0.6000097353358534,0.6455882352941176,0.6944444444444444,0.6284499989521751
1,0.4070750792190253,0.24965325525620702,0.28089377297029555,0.2053612663728624,0.4456411799150644,0.5322259647474025,0.4124489196418894,0.5534413901896592,0.4720874702899802,0.34855155844559305,0.36775232459424967,0.33106059482463995,0.3518286785816824,0.3322032301452131,0.39252043488702215,0.3697167541533843,0.32241835180479267,0.31213113932154213,0.311208152692394,0.34125733333837316,0.33014005155622544,0.31675309171035404,0.31750970444968263,0.33717387920987996,0.332862364114103,0.34576393333934496,0.3015461837022343,0.4934334944559594,0.4875032862859776,0.4787444839187854,0.4570511276488006,0.4697409729329031,0.4834404981951213,0.41951143377830863,0.4318838091451922,0.4326735067820466,0.3168102014114104,0.29759902015046136,0.3743904199157892,0.26245915032679734,0.05555555555555555,0.32732177606828855
0,0.5419888841103793,0.3151636315471275,0.3507979294982509,0.4185826589837737,0.4338187069533159,0.5467354457793772,0.44528411920218336,0.5805609954983643,0.5206285653885054,0.3955007525577413,0.4959262755277007,0.4008322785966941,0.47176772066299166,0.40273026923153205,0.49824469596050125,0.39317966269904,0.4012372189339722,0.3994435467145073,0.4010637141273736,0.4053880931064281,0.4208422739054993,0.4175393474712805,0.41049300814767137,0.45195557513336654,0.4129183448422771,0.43981531460389606,0.4076123799519393,0.5254820275502972,0.5346468832268833,0.5336097349981963,0.5243877401670711,0.5223463343288557,0.5507340254710978,0.5884076470249859,0.5645160041495321,0.6035958973656345,0.3697251909476205,0.3860977002116335,0.45687080036327293,0.4447712418300653,0.16666666666666666,0.41376386835181
1,0.47312136265002136,0.9957368934971514,0.9956105637782742,0.9953383064845504,0.7660116172650493,0.38218516333505753,0.6606429064771746,0.5797668080890946,0.651452730285145,0.8324200815214289,0.8099471407143038,0.8225409350439149,0.8156454412282311,0.8237477411697567,0.7898664732410404,0.7750730517261,0.7333718759177356,0.7452400680289183,0.7273665591034543,0.7518764257917094,0.7277542100559746,0.7735352212421415,0.7713963433317413,0.7171363571188124,0.689299807678933,0.7080263554874869,0.7160345008024515,0.4867171847161586,0.4014289961727325,0.4288445272578303,0.4126713745754508,0.4016430773292262,0.41163742582880297,0.4374394981128365,0.5077023597435308,0.49156378750020274,0.8644502934223888,0.8824873855842947,0.690905178754337,0.5309640522875818,0.6388888888888888,0.8934080933644091
1,0.3776711332738899,0.16862381115329286,0.20010662875393362,0.14737184703947645,0.3516078228068448,0.3829854215474744,0.4332199472406379,0.5958350837632662,0.45899975458986336,0.24716071208460105,0.2959725179394016,0.2742136949547226,0.2986998258244419,0.2632310343601886,0.2938712236097356,0.2635799196204219,0.2908585804439141,0.2597984396930756,0.23978463141287693,0.24587475122587021,0.25729714249820973,0.2881466232173716,0.21408916596297028,0.2243450141937136,0.22306055115773984,0.243855784083129,0.2702432878712894,0.41343747465913566,0.4063305742435974,0.38625305197144727,0.34017782288427323,0.36172303885806456,0.36991417758943274,0.38099432139443623,0.40747687891017126,0.38174972364828946,0.23547247524281242,0.22340406142562044,0.3038115748932462,0.1107843137254902,0.0,0.24039527154339363
0,0.30136814266291034,0.13813285954291893,0.15468951998050337,0.15143314817022044,0.5036115413332646,0.691371949605424,0.5117734751002047,0.6829074478631881,0.6440309771424434,0.3895100709476183,0.5899393572876638,0.34718524819745056,0.46974906119002113,0.31460274618177925,0.47932237592169624,0.2952846929925686,0.1950236082828108,0.2990468282835597,0.30163685793796796,0.24269054150440592,0.3116432910509053,0.38004844711537694,0.3036268808613031,0.3055650173758217,0.3130311135313246,0.26906231849856843,0.26132750231181096,0.516033255883113,0.5819615428551216,0.5597823278625542,0.5510480838281823,0.5682822875266781,0.5702377759364294,0.29114270649456364,0.2811884996195479,0.28241152100183065,0.260200933577646,0.24932773901698754,0.3791184311958042,0.33169934640522875,0.2222222222222222,0.23262642419375337
1,0.3048070563372026,0.18168002580625595,0.08897681826465345,0.12708296697097327,0.2497955583071099,0.38563320727220896,0.3957143721300765,0.5338267842439655,0.5560177887589384,0.22354830882457902,0.23798749587433637,0.23120294073747255,0.25320324475291195,0.21162867095499927,0.259890902783336,0.23053863417277823,0.2761163732353236,0.2354827049097623,0.16319738470803577,0.24761314829537853,0.20445052758493001,0.13012765715053368,0.22201510696782656,0.24266465092356773,0.21306005324165408,0.19726586163187212,0.19502368610997484,0.47384074808858995,0.4407907239923958,0.438799065307436,0.4474678654757354,0.43303437474561063,0.46860880778485675,0.29230313668528307,0.3017957156893957,0.2784845456969071,0.21447386690550221,0.19642664772849586,0.2761754378447302,0.09089052287581699,0.0,0.19402516879016724
0,0.584794201662487,0.3486757569243283,0.2580373257084858,0.37253302527843596,0.6007890031440377,0.6274094126462892,0.7213553092347488,0.7478884077044899,0.7755811201605441,0.5584254680553841,0.47011487929780166,0.4591009930054408,0.3906763497033185,0.45671062763126163,0.38298893850047017,0.6551463916895774,0.6526444120239008,0.5587291570461124,0.8112552322973893,0.5913173716972508,0.6803706523173217,0.6134272422623385,0.6038560994189065,0.5980962480336519,0.7143692728821411,0.7367962970798537,0.6452856050738248,0.5341213035418018,0.5574954701297081,0.5819982621034717,0.5627149896387624,0.561140812883207,0.5526585273605398,0.6136738896187088,0.5846105932489911,0.6132386120927212,0.4876410472064488,0.45843335890580883,0.5736285290568063,0.603390522875817,0.6666666666666666,0.5211108381474616
1,0.7514865429927078,0.6529607773521786,0.6794437958949319,0.6622020646709493,0.6747019678483319,0.6783379638562295,0.6087451189781629,0.7389776743877342,0.711404076975348,0.4818140309988118,0.6209459425696917,0.3993553007253953,0.5142543530678274,0.3824087257700378,0.5501313292991927,0.45539436501452524,0.46639335313591274,0.40801879300179317,0.511873178246159,0.4386837195745023,0.515233610686319,0.5660325427146714,0.4835848917631013,0.43917578881808944,0.49035968511294176,0.4853276450023017,0.5109766737299319,0.489052417029371,0.5451585046089509,0.5471265357680277,0.5513363448997676,0.5157192317145372,0.5207296818597186,0.7154607568169352,0.7483750419721004,0.7427854306125289,0.5025701476973664,0.5104642467066173,0.5557127000108841,0.5958333333333333,0.4166666666666667,0.47794797371286757
0,0.4048461526192675,0.1928479054066695,0.24891079955489853,0.21382320177362457,0.30494391001416915,0.3741780693164951,0.37261301067576197,0.5479650333132596,0.4042912925100882,0.20181622102284172,0.20841071579600365,0.23136556858717428,0.254682940116078,0.24702958167489658,0.26300236986239817,0.22213775995685667,0.2626156138281746,0.21402056654157248,0.18635956941873927,0.2319424975301612,0.1927653769264041,0.13274724485209555,0.1955155321349043,0.21384006264649597,0.21295980966996214,0.1945507011511175,0.18447899716079236,0.4651306215439817,0.4127903920958726,0.4239438818178144,0.3920774655090713,0.43918400702805493,0.4558881105913139,0.4204564283043787,0.4154005729438256,0.36051206648111556,0.21545041131690015,0.22144080347984435,0.2854129401116292,0.09844771241830064,0.0,0.21486572556882122
1,0.4676207199831716,0.9773884758076828,0.9351488200262785,0.9431217092206768,0.968228252978872,0.5105914533168022,0.6549674272951073,0.6350527415196833,0.6369788168518978,0.948552220678885,0.9698786972671078,0.9216258682472539,0.9086779788305173,0.9303867322029389,0.9328388196246056,0.8861075301198825,0.9216542272816057,0.9148459053366246,0.8980781317218725,0.9088372135874112,0.8917479945069889,0.9213743566171769,0.9072640300461553,0.9084794426008863,0.9196799297064155,0.9133506798127055,0.9117846457068656,0.5242712867558259,0.5336631693726622,0.49949594229211136,0.5236090854651019,0.47568645211945887,0.46757529001605996,0.5072679782379047,0.5412447177747473,0.48942699136374573,0.9283739580582732,0.931726063119687,0.7947321893338556,0.6679330065359479,0.75,0.9317233820049365
1,0.44074940433435666,0.3905394042761666,0.36790908525710914,0.4456278484151692,0.6653572018836544,0.7446637055382312,0.4971419617863588,0.6756723260303654,0.7008071829230987,0.44837038702774307,0.6101071619464444,0.4730713464684596,0.6461075331606834,0.4604764428759876,0.6042931595684576,0.5520948320021571,0.6009337509510563,0.5160977001185126,0.5080934559166891,0.5612598417895187,0.49512161855003156,0.5618192511956948,0.43470818673114786,0.494822190565532,0.482074850669834,0.49905701577655404,0.4876857998422919,0.6580919190914044,0.6418845756780799,0.6491109930691763,0.600846286569426,0.6800433454991365,0.6079925984400353,0.48704315910904294,0.46087478625673484,0.41066014022048963,0.47190186091559444,0.46436197480758806,0.5379676403098835,0.5794934640522876,0.4444444444444444,0.457346326946123
1,0.37132539917852175,0.9997243855385488,0.9996653511756147,0.9997658788517064,0.9431368924967323,0.4829762232316886,0.6756533643425922,0.6242557900625522,0.587614196139641,0.8153135824684453,0.8153657099716739,0.8380526253362172,0.8168124152620232,0.7864547230906254,0.7603553977116506,0.8275408296348856,0.8963392711308015,0.8401882676919906,0.8618219743003276,0.831490068529926,0.8263978839225402,0.8861675083034712,0.8426825894050105,0.8340583698813653,0.8334312947868661,0.864338074581313,0.8417010080909012,0.4918981082010516,0.4517532824100955,0.47962586079084246,0.4509413045585081,0.370474014287371,0.4306369980367368,0.4263975089540604,0.35830786252615654,0.310566768880834,0.8884392801698838,0.8903076884903968,0.7307418720957138,0.5415032679738563,0.6666666666666666,0.9065067339306346
0,0.36879868247394404,0.1252838855178152,0.10191714009939876,0.12858781919788226,0.29939733365815613,0.5189812418801751,0.4919521855465637,0.6578259556324099,0.5388611066629602,0.20140523393237494,0.27501177208156596,0.2016890536312191,0.2437501309994142,0.2180898743241725,0.25755154043011086,0.1913820978190774,0.23338412835218095,0.21387988572263517,0.12059962700472021,0.2120248189902757,0.24326339443070702,0.1795337248553886,0.24006451498143225,0.2009994407053124,0.19958269470942946,0.13882040730609657,0.19491475457036003,0.5616623012324801,0.4903767435151857,0.5395739668489339,0.5243059310694165,0.5047433874751632,0.430844770978718,0.4372283590779789,0.36240531055778435,0.33270239261296874,0.1727850123227039,0.1730065460980333,0.29435815721071684,0.1720996732026144,0.08333333333333333,0.15675548740002634
1,0.42970520642097726,0.3881796962795719,0.2791970952540496,0.3366451328837866,0.5207686431674816,0.4989394528691048,0.49997713577818825,0.5857487224144169,0.39004986897798977,0.3131990993021585,0.321591284168682,0.3414268675113993,0.43027800557243,0.3158236760683521,0.4004523587124556,0.3492330715811998,0.34886305955760416,0.341314053995649,0.36642653054337326,0.3740407157851152,0.3654239302155684,0.35301558651877,0.3350480092355655,0.37121705370439145,0.3596728048835508,0.347163627016462,0.35579992063346366,0.511187034838285,0.48112520119605234,0.5062562247814171,0.5134511032339928,0.49539354511635203,0.5002467917062281,0.40767968002622906,0.45063882081898027,0.4022282835073468,0.35961321179072364,0.34626168886486197,0.398820747518047,0.3174019607843138,0.1111111111111111,0.38211454055863975
1,0.4151697497688671,0.9439639657608071,0.883582724981118,0.8959837993067901,0.9737597030793846,0.503613662254893,0.68628970235269,0.6545863508002681,0.6274910856130003,0.9591357031191722,0.9276587509535978,0.9449803820114481,0.9116329833632445,0.9235774982775394,0.8954790036592891,0.943746922704663,0.9343558965113739,0.9037366153807728,0.9421638718518207,0.9085287679585596,0.9115409116350718,0.9206092190700276,0.9347425417965137,0.9116758672758241,0.9327884994748051,0.9184905366687908,0.9389350168933481,0.504400455941398,0.49656347671135204,0.49163274776134064,0.4788790962320063,0.5115752577201433,0.5094376631256639,0.4104961572055714,0.3894635899121277,0.34313554313580713,0.9442304234923061,0.9304505136122495,0.7850280687738479,0.6550245098039217,0.75,0.9321777798389422
1,0.4356748827562857,0.9983149637314007,0.9978393922273481,0.997511349494147,0.9699400011847332,0.49386471061079673,0.6915854651778109,0.6215016325022992,0.6098410770677448,0.9099791107097994,0.8813459220739336,0.902704773916694,0.8457719261963108,0.9013438850288203,0.8590541576568185,0.9389420352582858,0.9281497728164307,0.922057863517649,0.9224234075280234,0.9092927881030585,0.9212587941283243,0.9296900261271349,0.930240856290293,0.9244023308482114,0.9150301026889252,0.9079091119974437,0.9121962374730549,0.5488448390423963,0.5329107315123914,0.5203455467412846,0.5245618273101091,0.5217760581110561,0.5225888203422614,0.4584095327438444,0.4330249766568176,0.47201740187243146,0.9466539243021268,0.9477634014858696,0.7927639603231522,0.6700980392156861,0.7777777777777778,0.9347619496759871
0,0.2852523452750744,0.08473913974230696,0.17082016646276532,0.18764373949568341,0.3858327355608695,0.6212534118812097,0.3362461769585697,0.5934710732535519,0.5709695063173706,0.3333833934285689,0.5545402619156121,0.3146115472700808,0.5786094588395632,0.33848927388210426,0.4772478193586319,0.39065935647465017,0.3253928129749573,0.3563237614856929,0.31551883117335194,0.28235949913052294,0.31533657088558686,0.39582799980398964,0.2613942597099469,0.25907280399790766,0.3178441249891769,0.3107174226012375,0.28504962859637434,0.7279204637120911,0.5908523893952397,0.5904572921277184,0.5659053834314126,0.5392580860869102,0.5573667173465049,0.2927453004787987,0.2774695552587617,0.2412425134475518,0.26333668116234593,0.2632286113729651,0.37940293049952467,0.31593137254901965,0.16666666666666666,0.2309344753103654
0,0.4809434179185958,0.548520565821101,0.34978891764002823,0.48087481567253354,0.7278545739422994,0.5519213564417219,0.4542603988460948,0.667663910179427,0.6405459844922715,0.46308529050646,0.44240174181938796,0.40048353922610297,0.3863302395894466,0.4383007719751387,0.4192636046109205,0.48288779852855734,0.39409058290069543,0.4420173425198783,0.3417139458463576,0.3453458650092425,0.42435640888338444,0.4742708717397633,0.48728121293987164,0.4039501240865742,0.4402183370788766,0.3852389389021661,0.47095836046673323,0.4806112060020046,0.5407301688879065,0.5229867983722549,0.6519679149960714,0.5141089333678998,0.5844521986427083,0.5216040127116417,0.5167247892151312,0.568918214061406,0.47729730119192043,0.4702134982446867,0.4777183257732241,0.4775326797385621,0.1388888888888889,0.3822185174272596
0,0.4229601603453849,0.19288735163222706,0.1537070113149718,0.19660864008952844,0.23846690678210003,0.39718966722414883,0.43558888720729577,0.6505746269715039,0.7103391955732894,0.15333310693812788,0.22631895102112845,0.21287988205175043,0.2734805253808358,0.18154640502728164,0.29328262803519956,0.1506495381666172,0.25856793576675696,0.18838859301588504,0.15419279567342314,0.2305446254640668,0.15745855785390833,0.2264407463571275,0.1679986344463216,0.1509210390998568,0.15010473215543488,0.1557621763676349,0.12538167367657804,0.3121979346611002,0.39704569702842857,0.3598015386609385,0.34995130802113456,0.32023815916315274,0.34524519091483646,0.3836082996732674,0.38276699790917856,0.4019231601133122,0.18547225728353156,0.18691436339348097,0.2671494376022259,0.09979575163398692,0.0,0.14784598751754
1,0.6916793501635391,0.876772909815514,0.9759724348540532,0.9787903938182019,0.7972196878910901,0.6837019594722531,0.5912540733214023,0.6698542532727861,0.5992583666171094,0.5623238096382893,0.5192221065557436,0.5516859203333384,0.4962387415845315,0.5455693399279611,0.5703761952582529,0.5105753323301714,0.570351502222424,0.5456454078648304,0.5368324638767702,0.39289682088519207,0.3653130948704907,0.6003985991526815,0.4540504758653477,0.4327421594041326,0.4533775051536434,0.42912440196180374,0.45234692640938917,0.7114814041963937,0.520193536967208,0.5515873965861399,0.4764805188269863,0.6468721005055326,0.5505098599941978,0.5913977214723907,0.6720437435932732,0.7271561096958148,0.6463447208263412,0.6926787792450373,0.5892840479893335,0.6063725490196076,0.5555555555555556,0.6853917723573981
1,0.5788849201607258,0.9711431268081878,0.937828043934594,0.9108008853865499,0.9309753751673023,0.4198176587067914,0.7061461578919577,0.6467675418324655,0.5945497838358367,0.9396772574521999,0.9381589908750941,0.9016546106783345,0.8710366116945863,0.8977778323869383,0.9159534783136983,0.9210869386147318,0.9027452092926775,0.8807634899158723,0.9131857519380494,0.8852314692530481,0.8909624458308042,0.9493572302414248,0.8941005697207435,0.9070883153492688,0.8748868202275705,0.8932806877760607,0.9024749363271206,0.49190227228618844,0.48699759650216506,0.46227755032615436,0.47132126582792044,0.4757448388790247,0.47432463274911213,0.5720783876510174,0.5562198672232433,0.5806516165049174,0.9312948920337515,0.9204926787749486,0.7869848632537277,0.6325980392156864,0.7222222222222222,0.9375995692019734
0,0.30951705899971527,0.04480882289677095,0.0651212583551268,0.05904632217448158,0.13804982381544303,0.3899403228998666,0.3442123378583618,0.6928991424650075,0.6704230818968279,0.2298012716865175,0.22193814851435995,0.18382795890988354,0.21705172677306414,0.18983344392750529,0.23079731030428724,0.09595136085464646,0.13551254443481425,0.13108829684373305,0.07741176801089242,0.13127197886644731,0.1230239743570158,0.1758364302789559,0.11444657831317089,0.0988067493119651,0.12987741350669307,0.0718381715670625,0.12677575059610532,0.405716894179806,0.37905549897656127,0.33816883626721694,0.3761864414378042,0.409772122482503,0.39323004203378276,0.3137569951874966,0.47427880968921626,0.12168994536724466,0.10819604755376698,0.11469358175265756,0.2226804884188566,0.07883986928104575,0.027777777777777776,0.07952952275889422
1,0.4223737283654108,0.9705300033889049,0.9619627619524221,0.9470588230124223,0.41864033197336786,0.5666297299711459,0.5439918576326677,0.7126841351826841,0.805873848874622,0.2835184357980838,0.43096823474241797,0.3294564349095051,0.4269391280378514,0.36449446291226284,0.3893174650344037,0.2725118229386319,0.29861229996630057,0.32700240035571937,0.30350137496927715,0.32840461523395736,0.33210311063143716,0.25675785325322487,0.2846096065190385,0.2824636938084767,0.3123177519482257,0.30229957248818634,0.3017961724328757,0.4764296144009743,0.49534393537202853,0.4709619456132971,0.48786463767965177,0.5009796698231216,0.4536084607587599,0.38816076120555054,0.39018025982263593,0.36277567833813323,0.524166087079014,0.5768103094323453,0.44448638240118965,0.3488970588235294,0.2222222222222222,0.31900545950636383
1,0.6736062452112473,0.5732168701458924,0.5328168275058751,0.4922160024513319,0.3812459699084882,0.5403632307440585,0.4523394237725556,0.6595522570529647,0.6518807870438701,0.41873798141582846,0.33377664623452,0.3594198716238858,0.33181522901757443,0.38238376157357956,0.337255796916773,0.4359027730006673,0.32633581548186114,0.308103293750888,0.27895805764586457,0.3252632239183793,0.3676464966856332,0.31637302059139855,0.34119328052697034,0.3858849203351495,0.3898378837689298,0.3129679253865708,0.3399254449405727,0.4927026428817361,0.5255761731424625,0.5122765902166133,0.6045141028429643,0.4869942157716855,0.47461701003859735,0.6901792718597869,0.6912248011371421,0.7234667947385719,0.4561798382568152,0.44862785575907144,0.44440898056092637,0.4125816993464052,0.25,0.33874272796845983
0,0.48488067608985885,0.6371678893232892,0.5055710375127406,0.5022411718474655,0.5516339745884669,0.6387605024890869,0.5385329784713708,0.703925554885781,0.8276913099491394,0.3818104720884455,0.5107337835907805,0.39558700656630336,0.515145991997762,0.3829969937151153,0.5182605094223438,0.3536361318964067,0.3658536470936621,0.3723416320195603,0.3639341267450786,0.3891235925475876,0.3668811557685793,0.3638047271548693,0.3752260877350749,0.375511253070113,0.3766708892680796,0.38441054290657567,0.3821622612101101,0.5209803556600351,0.5286858663615911,0.5262932427417921,0.5176682696623084,0.5060859216172242,0.5050180077158575,0.4739618352004301,0.45996825987697515,0.4734297221539802,0.4621303425953331,0.45432583866971604,0.4664417273570405,0.4598447712418299,0.2222222222222222,0.3510298009034998
1,0.8124337911511391,0.6904720041106919,0.7903797543319174,0.7688709808371916,0.8698897987122478,0.841738288979268,0.6652831084616981,0.781973458052908,0.8419064452918327,0.6731857770270386,0.6647788624836581,0.6470790616904457,0.5137066427108975,0.5728715610926718,0.5207156950147678,0.6513071325974267,0.6039028842271882,0.59080322597803,0.6885710207827077,0.5372612493660772,0.6573731363172817,0.7644368235977186,0.610592213262898,0.5718617230530025,0.648563544500093,0.6559095930393766,0.6645600845658336,0.5465378124921585,0.6503287413885508,0.6482571138837484,0.6505303126018748,0.6331416904609696,0.5768677694551279,0.8284348944131913,0.8010951948447709,0.7843572973779374,0.6629527327995214,0.6661201480656855,0.6740746558928796,0.7181372549019608,0.9166666666666666,0.6092760801475804
1,0.5036645721483333,0.9823899421988396,0.9661777497214207,0.9751266758140993,0.9623187097939825,0.6197928573776121,0.6915454008442593,0.6708088781087302,0.691541140760067,0.9657674152181279,0.9567359422708746,0.9546010483889619,0.9499844222039041,0.9367926294923578,0.9573821138392681,0.977738233778699,0.9767515040732606,0.941606900894884,0.9801503713016259,0.9490980506470055,0.9711062414313559,0.9649214618175185,0.9566286375448572,0.9776782948838104,0.9690250711791453,0.9745039853142959,0.9623632220252586,0.5508212902634586,0.5038921349561198,0.525745257629541,0.5478440859824568,0.5596797791793685,0.532657551120613,0.522294727797708,0.4862430642802803,0.5535235786176032,0.9715764081221668,0.9653297059345916,0.832753696011112,0.8096813725490193,0.8333333333333334,0.9446662568636548
0,0.5693542956599277,0.4530880202767492,0.5368051814417729,0.6902641162499916,0.5122232348654943,0.6141501315647242,0.4806731581809748,0.6862179858573006,0.7941887200483594,0.3586703979085741,0.35693499808866225,0.35840905493821557,0.41504435559025366,0.3336711302540305,0.3976212965747642,0.34103272517173666,0.3142727031412103,0.3125196567231047,0.32901177788114794,0.32347833717743985,0.37637936949026857,0.29612341753298727,0.3544254968766205,0.34020954016266264,0.3470768366910742,0.2937578387280554,0.31144256561840633,0.4882805366738976,0.4914187715016864,0.47225345116693634,0.4778203272762961,0.48227470233196085,0.4592254949091527,0.5686469286093289,0.557231145873317,0.5734804684359204,0.3841766001289005,0.43529300937814475,0.4356384292537072,0.386642156862745,0.16666666666666666,0.27669245744447685
1,0.5814903232510552,0.6414112858998489,0.6416218380822809,0.5878742180087756,0.46018007959234525,0.5365133100292541,0.49318453810985063,0.730093258177655,0.7798286584082573,0.4371373015066814,0.4969319963186994,0.407221789191195,0.442280950064073,0.3650506915916657,0.496223569465774,0.2976165596306029,0.3361156573662979,0.32182284006912093,0.31865205011054254,0.35785083395038475,0.3534937872391158,0.3123275996342773,0.3152410410594884,0.33699538351677644,0.3380419397352155,0.35047483628897796,0.3182587845984231,0.47763609702727877,0.48143174677428335,0.4563746901887043,0.47424027254586504,0.49542586421586665,0.45771647141656496,0.637836732258149,0.5476642970265028,0.6539885191379966,0.44874987824054885,0.45983490886441764,0.45535797396769073,0.41348039215686266,0.2222222222222222,0.35547168180085614
1,0.7438488298599644,0.9628886862110411,0.9797963946768921,0.9430778787937806,0.9719323679454899,0.5832337896084465,0.7739906890907802,0.7074176286920544,0.6425849646471048,0.9505259353534485,0.9345787999929916,0.9200802821977728,0.8907712659689191,0.9018308609017849,0.8946018404016547,0.9643257695274899,0.9385596384721733,0.8908697313678791,0.9275354940881761,0.891974533716848,0.9079277903441715,0.9491545610309142,0.9436659011490206,0.9115003402707393,0.9408042364267366,0.9118645536076175,0.9096182899807292,0.5510701684741838,0.49262133332533553,0.542575600264985,0.5090266214625409,0.5522383865167292,0.5406591342455623,0.7627441234509083,0.7385844707488491,0.7089221942291576,0.9490982459787679,0.9384406955263739,0.8310578113288115,0.7719771241830067,0.9166666666666666,0.9395706757941149
1,0.6007107938492219,0.31589152677228194,0.3903144736852539,0.4681312743029517,0.5471793268850972,0.5757654956286262,0.37153050615579786,0.6432376084822389,0.5249646324903731,0.4352813529051378,0.5020037399544471,0.36857688333243,0.5427891819847366,0.4072059827128879,0.5329530718079825,0.3627056752245639,0.3503818179238569,0.3228117854835552,0.36014213721811356,0.3591082623362577,0.2885350487198993,0.3529290021389774,0.37950171591509296,0.3128928871902663,0.34189960999712554,0.30817328710710157,0.40595383960511927,0.4938063024798242,0.531068215696973,0.5383696695391582,0.6240656091728937,0.5602145712440499,0.6225595795369813,0.5879732467096065,0.5763361704897196,0.5370463474319555,0.3490580284430919,0.3845022684690231,0.4462629181416711,0.4299428104575163,0.16666666666666666,0.3318947010971482
0,0.5877174185706362,0.6598007977541659,0.4555585713791813,0.5170941537714753,0.6025837234228026,0.6899740119320462,0.4790552472921161,0.6635544621225621,0.808667555368181,0.3664065367171566,0.5222854123727676,0.410434199390718,0.4479935786510608,0.43460594716008816,0.44653393352875187,0.34792494660785217,0.45350665326469164,0.4533256636367527,0.46281027221238263,0.5020415026059635,0.42372958931468396,0.48601565293693494,0.46837219054222085,0.4423564566127513,0.4109902805706096,0.4240370346428105,0.4024783859043738,0.6821023076557219,0.6333365639112781,0.6525213501675117,0.5434531425843632,0.6464296476756044,0.6716782238381133,0.6114346702494545,0.5787949672900392,0.5885657498001878,0.472719981250912,0.47397200893685987,0.5162302427431689,0.5696486928104575,0.2777777777777778,0.3757791433207075
0,0.33624486946293314,0.17420255014241395,0.13334926513164155,0.2046283671086556,0.5571196118852808,0.5756814364462347,0.40582433389752365,0.6770638385815547,0.7289904129144777,0.428712838003902,0.42103614227472586,0.37322606677622167,0.38805648671766046,0.3828630094684491,0.39114318692167444,0.3865130176664917,0.3546558492181496,0.36175759147344333,0.38754789608723644,0.36679144976982503,0.41429976137616903,0.5708982502651452,0.374386991831768,0.35481879852680803,0.3709380716961277,0.37591969225743216,0.38523763317341175,0.45546380012060106,0.4949167404224477,0.48596367049391964,0.5153579975954226,0.5026434673194675,0.4975817446260923,0.3357141705776927,0.2975992639271702,0.23540855914478348,0.31131387819504247,0.3042866022324464,0.4014226448787695,0.3400735294117648,0.1388888888888889,0.22265553916645506
1,0.7692232243361729,0.9074202763703656,0.8195030283792912,0.8690536229030073,0.8241830560124179,0.7405901361011616,0.7859530016165993,0.7281364854537644,0.8356197627169253,0.5566120982305132,0.5690579141455782,0.5272883871527514,0.5932103733120949,0.5538554834587452,0.5270561042402014,0.48450684156563206,0.46554776740631476,0.5230659801855265,0.5175180952913268,0.5356194624288922,0.46950237526999583,0.4277980743331757,0.5553602007591273,0.5161422767602827,0.45762505235626033,0.49477531767167165,0.4425709773338405,0.5880455919166275,0.5977328203398815,0.6518003571487517,0.5979188644400663,0.7652638326834542,0.6318393462290526,0.8076415531835978,0.7439031298987632,0.7065133106951489,0.6397385016962497,0.6684249222901004,0.6202429427990291,0.6870915032679737,0.7222222222222222,0.6122327894893813
1,0.6404547894022203,0.9989821778640993,0.998576341358991,0.9988913583451431,0.9540237591846555,0.6853038173299478,0.7567478509251474,0.6903437954073821,0.5976924592271087,0.9642188562737015,0.9447594838992972,0.9586485556145787,0.9107552773725012,0.9483596047427671,0.9184189229454771,0.9435873644149005,0.9599760187936679,0.9241597213814691,0.9249591771993958,0.9563500103819023,0.9289712664697124,0.9419020698317423,0.9475700468878574,0.9421086140765018,0.9383072874019275,0.9209042579512007,0.9341838709381836,0.6404581283681353,0.6105087390823036,0.6257723593626395,0.5734279607975895,0.6390431970083349,0.6158071398536086,0.6697205412380327,0.6877054044932559,0.6448045107835715,0.9670726992978596,0.9696938121962978,0.8492040771918714,0.8505718954248369,0.9722222222222222,0.9470225115333777
1,0.7672721699937006,0.9827309284017319,0.9788765129760829,0.9878184031723045,0.8735510235885732,0.6958178892984749,0.6494343243676531,0.6657727496957396,0.6519410663721096,0.9166193132683901,0.7248915328008889,0.9216046695214137,0.7371145865624047,0.9433188235044196,0.7819494994503937,0.967429468541005,0.8906832652756757,0.9551732237432766,0.9125502677536251,0.9189041114213649,0.8756182934548229,0.9009880763749123,0.8791072165690649,0.9330196188747314,0.8769276250585413,0.9206174600334732,0.9203554833073284,0.6779597751727454,0.49779050793452667,0.5809742849571438,0.6536992662230297,0.6011539717746912,0.6168378745490709,0.7488118804829388,0.80699491380089,0.7951916840003425,0.9572550221547168,0.960580458628175,0.8243134166492123,0.7832516339869282,0.9444444444444444,0.9280053440135217
1,0.848277367754657,0.7268377932736745,0.7712084114769308,0.7828718818420309,0.8560421666090747,0.7307645861981523,0.713171051938203,0.7089328763158775,0.8915681106661872,0.6948899572081103,0.7003868501999098,0.6644425320811942,0.659978904903949,0.600052898571805,0.5642741698550408,0.7508057435427626,0.7805545259634208,0.6279115816239222,0.7092249636036828,0.6887113870997226,0.670881490821075,0.7404711232731854,0.7616343341251527,0.6562530596807802,0.7401464634234364,0.6443428850739016,0.696672165853671,0.7478777322492619,0.6230584084170442,0.6667629412530524,0.5900364514981802,0.7402250056534875,0.6745008955411746,0.854697961590544,0.8723798232386759,0.8638777517452955,0.7140286896325438,0.7050021698622935,0.7195905068142647,0.7435866013071895,0.9722222222222222,0.7297670875590285
1,0.4763494989094369,0.9952006836431325,0.997799866240074,0.9961346631194802,0.9736665944536167,0.6742764333189255,0.7089337960122167,0.6475085267335227,0.5756166574455346,0.9473108748465252,0.8797980141814635,0.9219407995808739,0.9139074863746111,0.9330226583702566,0.9100509233155558,0.9601040239155697,0.9316683568961149,0.9517144360695659,0.9097994143411323,0.927459750882568,0.9408168317537269,0.9554914683444955,0.944329855261616,0.9424998381690373,0.9290168524831921,0.9269572063709188,0.9383785521333671,0.5367503177933592,0.6014656730924849,0.5578955000682148,0.6421400390987718,0.6042543504529458,0.6169877763675474,0.5154792192611574,0.44984011697891946,0.49444257278378123,0.9590818357131922,0.9612805657258626,0.8219356391149254,0.771078431372549,0.8333333333333334,0.9427142830195657
1,0.5187300202979179,0.5667392097822372,0.4205299906410976,0.5163931644400216,0.5702413505141777,0.6082463196338008,0.4814628894308867,0.6542388175370902,0.7057523655886405,0.4742147526300345,0.6621343663360295,0.47539837572463756,0.6712537064641435,0.5151254246880297,0.6682759180884997,0.46265735197534125,0.39116622975230686,0.4641172007461241,0.41012347170394237,0.4212439454588844,0.4827520336800636,0.40069484374467274,0.4349287202743677,0.5354538725338983,0.4269549104973086,0.4781360019138312,0.45736519669709513,0.5947937660962133,0.6122186965537302,0.6056790493001054,0.6299074428744087,0.564530682676896,0.6293727381731404,0.5147670674532353,0.5038517003830644,0.4927200321917149,0.501598312494072,0.5072627053220534,0.5225141675382067,0.5546568627450982,0.4166666666666667,0.4564551414437207
1,0.27213340100432665,0.15417238942678785,0.13504237582286197,0.06700701477586157,0.3880303969695203,0.44388588263188905,0.4212919882028616,0.5495487766633971,0.468359964180785,0.30152956046233503,0.22340886576623972,0.2874364966433555,0.22046295323333703,0.2791472247545694,0.24079743472024337,0.36999482115540655,0.2861882054230447,0.3261955047060706,0.2797786497986097,0.2904848279408368,0.22376730625507316,0.255270530732717,0.29517776840379273,0.2475213276437708,0.27465961232721225,0.2780768345616491,0.2970015850197319,0.39181261742966733,0.4363173567844067,0.43057919423171875,0.4764208645317087,0.4204917844149451,0.4342445674284313,0.3133779255798005,0.29717405961793875,0.30412014181626496,0.2705345690751833,0.23155158935119619,0.30772313460512474,0.12969771241830064,0.027777777777777776,0.25282216389822887
1,0.2595608404259152,0.24392487860013498,0.19180027369322916,0.20047888579625628,0.6452509550986337,0.7856160834416195,0.47392242283697017,0.5989274517746401,0.5924873107523364,0.7049765724275036,0.7179858555529989,0.6133591335718906,0.7030465804296666,0.6145419549012671,0.6677477095422489,0.6782271336737977,0.6321426253071484,0.5246830000231526,0.5521492460917626,0.5866905889279882,0.48806474376743525,0.5812394998261874,0.5736257925701053,0.5378543844170683,0.6204678960797717,0.539137785683137,0.5299208330149869,0.7130805487511289,0.7220790127695772,0.690674269585249,0.5680020410612279,0.6949524187560246,0.6692444715492444,0.2223759000559788,0.2663282169750712,0.26584349401721674,0.5118370486152745,0.4701063973086693,0.546283377577674,0.5352124183006536,0.5833333333333334,0.6113479732369115
1,0.8896982918951479,0.9997035220426008,0.9996974015740431,0.9996400136481535,0.8861047286412234,0.6533608773216946,0.7850551124853534,0.7027936983295792,0.5898181090450756,0.9073771785382853,0.8870873603611269,0.9177135277487001,0.8902683827179825,0.9108262829096972,0.9018200399283408,0.911053393552558,0.8374539877978595,0.8751429296010791,0.9083179830436637,0.8503642558414747,0.9002189360395431,0.9419745609550244,0.9057399196935495,0.8965345840831169,0.8864990546854155,0.8952526031635935,0.8834211404164392,0.5084397225996135,0.5417492459392272,0.5417159949797957,0.5521294899815241,0.5173494125716622,0.5177582527274157,0.8285004205501478,0.8728500942438313,0.9054344860726263,0.9428234811146196,0.9477873479803419,0.8310139388065203,0.7543709150326796,0.9444444444444444,0.9420206033047798
1,0.26728046686850054,0.9708824667652955,0.9397517934860116,0.9345667753944484,0.965898651370506,0.5066258096675789,0.7532667250790028,0.6130656833603582,0.6337423522806931,0.9276719241667145,0.8744974653747839,0.9106467779684871,0.9257595883354803,0.8967207123929641,0.8882240971447974,0.9309201561992875,0.9420548716186593,0.8926649377916831,0.9365878957414726,0.9318098578435293,0.9310478270283914,0.9550913929991406,0.9541816161259833,0.932765901440317,0.9489989741986913,0.9193797696399375,0.9307460913241141,0.5161456487354098,0.5392293005932248,0.5344762919787328,0.5452485836380079,0.5054107555986439,0.5242684957309212,0.2758862136032568,0.27172314118165974,0.12095223114930302,0.9374831336443566,0.9287473777440965,0.778051883104171,0.6536764705882354,0.7777777777777778,0.9268628844054074
0,0.47474706478842715,0.4354362204628702,0.3962023120070185,0.46329239001024386,0.6659632657973948,0.6379663713794655,0.4413606224902297,0.605461869784507,0.5222302902015585,0.43020355859743553,0.557221295828359,0.4254933601682593,0.5046319231726194,0.45938372227713964,0.45602022836981815,0.5207976213965443,0.4894244426360437,0.5084936219559067,0.43235881133077586,0.4301500608835388,0.4588345606314726,0.46290969530135856,0.4937406756933133,0.512361187233029,0.4808730121074106,0.5073802215678751,0.45416094267865664,0.5645718463693739,0.5898382657745461,0.5666934716045692,0.5787783926114012,0.5952621287298339,0.5298373937099545,0.4788834543973764,0.45964515494565816,0.46799645993025674,0.46057573400922464,0.46088066286301144,0.49767944272691744,0.503451797385621,0.25,0.46110201493296993
0,0.6668939293781382,0.09202854121096248,0.4021842336461267,0.24883319114330832,0.41379065727355935,0.48031706784152756,0.4403951698272163,0.6532868974573468,0.5426208584345479,0.3257411201519785,0.5526547667777344,0.31875298245958694,0.5195159824846668,0.31295416117671565,0.5542439230661588,0.35618508258065806,0.34446727077352307,0.3279556858756923,0.33168778361941714,0.34404431869503815,0.36861454729860815,0.2067542240496246,0.350520414915991,0.36303550511407506,0.3948597290340738,0.35239530479456266,0.3410645788427539,0.49751654755645847,0.4982199417736004,0.49728670568665767,0.5045332030591869,0.4689085846193807,0.48501631838222636,0.6580907920542352,0.6399611968398466,0.6821022119707837,0.25565553541706915,0.2657507917142463,0.4195534666623931,0.37032271241830067,0.2222222222222222,0.2979591546329081
1,0.5714692161598092,0.9430821554062462,0.9330250961868571,0.9360885145357937,0.9130855066947294,0.5325296514179093,0.6080782735212957,0.6793700436176562,0.653296246458356,0.8746333694887316,0.8115798870079451,0.8834987950125768,0.8389975307557123,0.9023605076680392,0.8129268118659091,0.8548447130310741,0.8990178188349148,0.9083286398145856,0.8535714945870763,0.8905276650291576,0.8831064738602731,0.9010292605275306,0.884195459153074,0.8763986563861305,0.8616146696469783,0.867808357744178,0.8799580111468489,0.45928887997313944,0.5247331394534244,0.5212327364578291,0.5347844592663082,0.5773741736626047,0.5376352705406359,0.540375571517156,0.5385070399196709,0.46960368762650556,0.8938085544832991,0.903974937130746,0.7727658533507035,0.6468545751633986,0.8333333333333334,0.8938327813364015
1,0.5546002172694674,0.5234971096424595,0.40824395762828225,0.3950735042059983,0.5761764888169346,0.5247022346375753,0.6487881263410699,0.6548743669283865,0.5912970593396857,0.4221747291924471,0.425982488758368,0.4153935135988046,0.38517158215576736,0.3782871706783927,0.4043475138989378,0.4219460575919927,0.4270136951919877,0.3650565897204469,0.4110686081580297,0.37974319493109215,0.43837232522090447,0.41167362835661064,0.42186392903856634,0.4353892898527016,0.448628053433224,0.4116681765769269,0.4314486346723562,0.5114338137740908,0.5437890540489222,0.5172688327891204,0.6751262800331889,0.5040119985731559,0.5605303515532911,0.5645060710214325,0.5551314582256689,0.5988317615735467,0.45361222694441894,0.42683947114352955,0.47387352127384685,0.47871732026143793,0.19444444444444445,0.45447374069794055
1,0.45555981693978087,0.8626683683733691,0.8384362146052308,0.8836903467547167,0.9399397638999446,0.6619520587559604,0.7832499932723513,0.6765516823231126,0.764806648489371,0.932501307497262,0.9155947762127123,0.9058904251906019,0.936361161933789,0.8690116553624676,0.9417952606296174,0.9432412347260826,0.9249784151337294,0.8584161657604229,0.941382658166497,0.9325387403413861,0.9093128848026817,0.9608010181117542,0.9317744138721915,0.9296153126256765,0.9371587352989518,0.8819846097084738,0.8977394931293906,0.6007459160576467,0.5673930737930097,0.5396612427976026,0.5313474631963555,0.484203976011714,0.5704201079945711,0.3994287122305053,0.43428163387189417,0.4586497102625833,0.9039333427633512,0.8929004060814476,0.7979720918712893,0.7165032679738561,0.8611111111111112,0.9275507776215245
0,0.5482350050187061,0.19336288128170648,0.31238288370922723,0.19185632072526643,0.2726524318264304,0.32360455413696754,0.32930341878951924,0.6654635334858839,0.7059278299193297,0.2524288185063729,0.23882549612831028,0.2574118550528389,0.2729171334298939,0.24261064731851203,0.28744920158373727,0.22229197485846283,0.2954577354040262,0.24008507582308233,0.24541814856021504,0.24948004115576172,0.22134504452760143,0.15636951340167163,0.2566593982348304,0.2844181601570649,0.2801086974211041,0.252892670747384,0.2432997206251105,0.47964661454657914,0.44378603889674556,0.4348652198059002,0.42009946341792376,0.44523140047333953,0.4610853404126813,0.5514787278152627,0.5438774976109024,0.5608833398575,0.2243555703976694,0.22150673584735733,0.32834340460932515,0.19734477124183009,0.027777777777777776,0.15442256175880412
0,0.5415614453500975,0.4907462079422717,0.4483262617241726,0.5313887806768509,0.7830161431636186,0.6919503568999472,0.4412344874724378,0.6159775834594594,0.5758444583597376,0.5241020900869628,0.43594693358828557,0.5238747791357268,0.40808430484480834,0.4967714785243481,0.4174394515502958,0.5939070695263479,0.5390328547341883,0.5237599035769417,0.5594670776739462,0.4900950027606829,0.5117797940713359,0.6122758929162769,0.5377422474407213,0.5418894108296575,0.5709196203156902,0.5456013392844115,0.5191455792217686,0.5491009232083751,0.6079969060642476,0.6198828783921231,0.5980010144151086,0.609050664340878,0.563199415075543,0.5387472339625141,0.5534669866679665,0.47373944808002816,0.5361760188681154,0.5273376631611091,0.5408046534215281,0.5555964052287582,0.3611111111111111,0.4894843737554348
1,0.23413337983242372,0.8606325069915416,0.8255170709765377,0.8613993557435933,0.9690886338054019,0.6119901562439143,0.6535764502193829,0.5941264210602888,0.40763017747746233,0.9598496517799143,0.937024204108748,0.9540960296355061,0.9360977861664781,0.9370246376923527,0.958683940245804,0.9410769823087949,0.9346972554121366,0.9323420863177803,0.9323995012167446,0.9485714731544519,0.9372191392030017,0.952617343428443,0.955759468766195,0.9508595139410037,0.9241620587353142,0.9070546686152966,0.8992292867973218,0.5520773991853539,0.5276476860574116,0.5080229643426627,0.5325573475317512,0.5235311611019744,0.4828770663659476,0.24683581092312132,0.24364934774385477,0.22658324845838054,0.918601839645281,0.9108459024743578,0.7710393409662354,0.6571486928104574,0.8055555555555556,0.9502985335748272
1,0.3327521131858121,0.6865929350252246,0.7085110009425974,0.717095938558224,0.9795197584109813,0.4577733565592243,0.5757688324966377,0.5432741890575351,0.42394924636105336,0.9631753629911592,0.951126245050288,0.9271190487830511,0.9371660010875049,0.9326028081293207,0.9533097618601853,0.9704362278269776,0.9397790509115053,0.934116747894057,0.9603409023896616,0.9536683747469273,0.945478932518483,0.9704901318221081,0.940170552068796,0.9548081795344951,0.9437492993851225,0.9489291655967952,0.9377093090002742,0.48605689633972965,0.48567671048005273,0.4806041322897262,0.4647419531513036,0.47465334745638,0.422668136930085,0.3392907895557821,0.33988604352571494,0.36144963333712293,0.8613827372117511,0.8467693916645596,0.7589330629946529,0.625408496732026,0.6666666666666666,0.9417479106553087
0,0.33717943257398114,0.2660899233963695,0.15499345759797292,0.1804344358478061,0.6016943385953848,0.7008487221254608,0.5240550275976041,0.6450413080549114,0.6277026729681041,0.5495210852089347,0.697942652355096,0.5633591214565243,0.6676458728753201,0.5468508710733977,0.6784421047491107,0.45887316012967083,0.3950894495630295,0.4058687889188905,0.39497948571471236,0.4528349647065428,0.3642875513843461,0.4265442537832493,0.3902964455975324,0.41522341786318395,0.41229480740801316,0.4657563327871557,0.40676899901970287,0.6769419941077267,0.5953698938372085,0.6290567612851876,0.545623892593554,0.6058982153478951,0.6333965626209788,0.29995050035636933,0.33081703460642703,0.31293002636704825,0.4294407349941882,0.40312150238075367,0.47683169877275444,0.47483660130718963,0.3611111111111111,0.47128841902266966
1,0.5402543334473652,0.4113742405812374,0.4441295100635612,0.462522382160177,0.6538204401412476,0.6274068761854277,0.5992586889082259,0.6285046869594485,0.6348751656759022,0.5549202809836254,0.41549308262029905,0.4767739844147713,0.38602172082849917,0.47133331318458954,0.3845421472760503,0.5144734228285425,0.616880564655648,0.49258110524873866,0.5968230012808041,0.5223119477754151,0.520372114557659,0.45513028698953384,0.5151257098116808,0.4919098003088155,0.49230288540975636,0.598201769625978,0.4982813467058244,0.4875228268774794,0.5025479588755001,0.5910155896260187,0.525194605736987,0.4819950998198097,0.5097651713534196,0.5263900121925198,0.5485619356898236,0.5584025949091058,0.4675405492748504,0.46729546863386356,0.5174251334444014,0.504983660130719,0.4166666666666667,0.5476914910706057
1,0.5396636875693073,0.420632437010297,0.3802847067371866,0.35216446850608457,0.49926692315104504,0.6529164779044352,0.4498823687381545,0.7042898802302968,0.7102929029973706,0.3965391307313232,0.44083724047237915,0.39846595718689504,0.42419630737773384,0.3699032551157348,0.41439373450219297,0.39248708285563916,0.5189884352472858,0.37221810787862625,0.4487295998367321,0.40111874569295664,0.47378154375855563,0.4113607097002599,0.4576034605695581,0.4914784394054707,0.4639727918176566,0.5073037092947509,0.4186142549645501,0.5591704470087917,0.577954973828337,0.5940181589740741,0.5635188713904749,0.5526480711872463,0.5465988092568995,0.5799917105853138,0.5836744606057364,0.5592938438783869,0.40386182568427714,0.38673064013493014,0.4796332632759257,0.5171160130718956,0.25,0.33472494320163326
0,0.5011448764436179,0.2938185788654737,0.327869801966843,0.3389036627975711,0.46813425822018995,0.6142551209570595,0.42476491038068503,0.7276814881942585,0.8200906875247892,0.37454734405242346,0.4372708846341399,0.3568867614198826,0.3628577510691629,0.36410293232483765,0.37127576524522826,0.3675662160529838,0.34578201790831137,0.373233832642837,0.34036947546710644,0.3256665692973118,0.33953690364135686,0.4029007603840297,0.3452232252155809,0.34843640949534743,0.3789674613314034,0.3454223956114076,0.3827265716051561,0.5079759591347491,0.4959353664778793,0.5075516744329539,0.5010561841243486,0.5092018822971778,0.506507325552709,0.5486259389960403,0.5126583048253824,0.533496704309376,0.3394238521127801,0.34425563029214984,0.42389025524839724,0.4021241830065359,0.19444444444444445,0.2252477152073566
0,0.3294052907232917,0.1729340123363487,0.14996272112471487,0.1876620786019157,0.45107708937911545,0.4474620539753933,0.3789147584781208,0.5993211504447005,0.659330963666247,0.2713653821217188,0.32278693046478213,0.2786829211329182,0.33962767822187656,0.27770908935470573,0.33326942696148865,0.2952835900064384,0.33871201595956885,0.30554176564225205,0.3238227590174448,0.30852570723486195,0.2819831388252921,0.31983908463816196,0.29357896087838475,0.2650135431675086,0.2974365145493846,0.3115896193511729,0.3086294484036426,0.46435180273236304,0.45356131081036105,0.4686202058239561,0.44799950314533604,0.44411856221930285,0.46342558605513007,0.3507077221175995,0.3480985732693621,0.30893046993394735,0.24896684115856846,0.24245433828646537,0.34038033643523197,0.193218954248366,0.027777777777777776,0.19698460060456735
1,0.48153482604553616,0.15284861872285138,0.3349651786326785,0.2787994763941021,0.4568652567745306,0.5528021114325098,0.40774223234376233,0.6547578848957477,0.5372721570447307,0.3477047850879239,0.4852325413869387,0.3757253621431937,0.44081464933699854,0.35724394471506865,0.4611283998720773,0.3290222070755582,0.3429437872049587,0.34734427549795327,0.3428089689528601,0.34527504788881974,0.36877826413953196,0.3462829633276603,0.32869261780453923,0.37682952106838724,0.31693207554610836,0.33096386795390564,0.338066089271503,0.47498470031145423,0.4745177959892987,0.46937871134168996,0.4966783494745508,0.4400882898274322,0.48103082967868555,0.4956752851261071,0.48577840963458563,0.4961007997934213,0.2858653959805344,0.2987279218101548,0.4008289789406633,0.3238970588235295,0.08333333333333333,0.29925228049059366
0,0.5708163061139087,0.3193866627367233,0.38468798616854355,0.41163614767935386,0.43466214866597014,0.5998962286762493,0.3912438106148176,0.6690283103043173,0.75383820835969,0.47605717599160136,0.3111536568645229,0.4165282290154832,0.37907942604906175,0.386066719297229,0.3101848385750655,0.5598458066761427,0.3785429409159763,0.3795858264095616,0.46141589676899925,0.4014829419760691,0.398764197504276,0.37182122351597513,0.4631202270521788,0.4946710337491137,0.49674928379729255,0.40553310928953257,0.4872426977931615,0.578357994981354,0.566486974804334,0.5621142961628076,0.5713033842237317,0.6078383911090773,0.6407335970371701,0.4643002196508766,0.5452963869294057,0.49859787521388205,0.43192023280944974,0.41869271308098643,0.46566947486070087,0.4868055555555556,0.2777777777777778,0.2848250865337227
0,0.5039086436915101,0.5715881329483857,0.347684651632472,0.4660759419004232,0.6241416388812463,0.5962793717680147,0.426313924583334,0.6472653233948686,0.7511662861775658,0.6183875426635435,0.47880941056041487,0.5813691558718974,0.5075138622609016,0.5822923384758242,0.43079979502621446,0.6789516660733894,0.4825823019477924,0.5312483877851688,0.5759885038806686,0.502527664269355,0.5543140198387341,0.4861435473411966,0.4895717376184465,0.5296671541001364,0.5769287971007647,0.5848127497309097,0.66724411940449,0.5768709512819319,0.5151403798681964,0.5994493255431442,0.6840405486765229,0.5223250775245598,0.5733918740601088,0.5217311465174497,0.46402171859953756,0.41373636940578284,0.6106363182978908,0.5760554470539839,0.5438397062241969,0.5515931372549021,0.4166666666666667,0.47760632190291635
1,0.500357675164451,0.24498296928343258,0.251793447098872,0.2982817899320027,0.5420241922984509,0.4670479237460987,0.4373025399840747,0.6505636356132232,0.6457702354897397,0.35573621895550034,0.3265664833885422,0.3437833389338472,0.3386044487047143,0.3253881904405499,0.32522538341841284,0.3335397253284784,0.3841788136494837,0.3336192331321145,0.3769684391273412,0.3487347794638109,0.36011447142474456,0.402020762595735,0.31722214134485804,0.364668201302217,0.36099740721610013,0.35524588533123125,0.34790719464912984,0.4370303413991478,0.44732131772791334,0.4515433441680629,0.4502108599798785,0.4548421805470741,0.4654728475288797,0.5324208487008152,0.5160306568906498,0.45778741239313564,0.30743534451525273,0.3091952027836622,0.39498015406713227,0.3032271241830065,0.0,0.2590650456226082
1,0.4506811201012225,0.9956599111986513,0.9979701216188328,0.9975437082652988,0.9418213788856612,0.5600172327564505,0.7309076524982641,0.5834730907713712,0.6064097072019732,0.9535730644736684,0.9411505790131798,0.9386624596475525,0.9119492974198602,0.9469194334834647,0.9330815194559307,0.9408252660301805,0.8846023649966367,0.9177205435293961,0.9548980845732228,0.9134820691569144,0.9327722510242973,0.9742354712504538,0.9265305862798219,0.9196237863862594,0.9278862502161341,0.9196367890673914,0.9213986079633102,0.5227471720908092,0.5763653153929608,0.5317119871834998,0.5367579974250639,0.5540834267435659,0.528712984161658,0.4739177476872775,0.4466408523774083,0.44651267693693536,0.9583825456254614,0.9639221557250295,0.8079788342631737,0.7212009803921567,0.7777777777777778,0.9444756493243035
1,0.6642728987189019,0.8578974166074904,0.9443185990189639,0.9048297444707091,0.9788104049684099,0.5791556848874757,0.6375276986858122,0.6878837865594094,0.5526527484044687,0.9586157295031823,0.9405632162624615,0.9481267838609935,0.9363221689376905,0.9511453804969967,0.9448617446114043,0.9740374535447306,0.9864361249511999,0.9664933549342912,0.9741620053297195,0.9686463144750673,0.9631162625057867,0.9504800317365343,0.9677477713656937,0.9674418253524792,0.9560463575499583,0.97227745541403,0.950299358282068,0.5261828778511821,0.5955131132104049,0.5535421882710931,0.5569407297510575,0.5606146869761752,0.5280012882068185,0.6433605340400141,0.6685038969640356,0.6745388160883827,0.9266872180044049,0.9272073557961841,0.8363089629492942,0.8281862745098039,0.9444444444444444,0.9401435420219969
1,0.8227959295292748,0.999533584547093,0.999513892284444,0.9988409216850022,0.9780464977030074,0.7723595115948834,0.8593429984534353,0.7620454637399853,0.8105605962655538,0.9423770845772952,0.9236025798820883,0.9419882183228566,0.9048312294817344,0.9410948996456892,0.9214960544529882,0.9407837091084279,0.9308432777394925,0.9275421657895818,0.9401245260599371,0.9158575123531314,0.9309921910879729,0.9674820479939117,0.9429565890686009,0.9341973160697665,0.9246278418098356,0.9344639171427079,0.9275542532122854,0.5364938312102847,0.6157735936527438,0.634659852456445,0.6582868270457822,0.5972956847721475,0.570531078861469,0.8479224556946561,0.8305812688626825,0.8536384986678912,0.9607685039927926,0.9644482666618138,0.8724385724962972,0.8802287581699347,1.0,0.934963423869539
0,0.3594431378457967,0.31905164201779895,0.29221371092381093,0.3690957483077285,0.30476235254974426,0.5348226790808667,0.3980359318388426,0.6507117265469663,0.6152290249928907,0.38923519405113916,0.39194400632697285,0.3588230206044674,0.40326873558899123,0.4025111023602769,0.443418929113538,0.35402800813713053,0.32140357795714813,0.3563027185144995,0.38043988182378913,0.360135553919492,0.3785355988717784,0.32003485770298673,0.34250134600061066,0.3687708139744922,0.4082966350367958,0.32086028753144147,0.37929319617619917,0.5985694521487621,0.5348832705542186,0.5677072954319525,0.5606334526685967,0.5692154145592371,0.6110546939877045,0.3844724168792067,0.3315390623825353,0.4086646887870489,0.343967556919799,0.36070190428548043,0.40958111953409876,0.3752450980392157,0.16666666666666666,0.2884087639791465
0,0.5850428013236704,0.3040139056600528,0.3412482857170208,0.2598680695642993,0.365174688573488,0.42598889176901744,0.728516620511545,0.7086645354697727,0.7065836390292466,0.2804072559494043,0.5824142723750777,0.2881986114127658,0.5414739580814674,0.28294914267937993,0.532732618903557,0.25748261695963637,0.3554452734540393,0.23830721659877874,0.2619418439394247,0.254151718151539,0.3083139767618034,0.3059205859867191,0.3219405211156811,0.3046286117742246,0.30485966106983237,0.2794949762444372,0.2543121477650731,0.4402574857514947,0.534902829449503,0.50853770520315,0.5408982689098166,0.5326286859998663,0.4873220387879227,0.620521207295098,0.6051629497179742,0.5333843177877127,0.28323171134415165,0.2785024692552268,0.40859768165372023,0.3597222222222222,0.2222222222222222,0.2844107938145207
1,0.7578378422503748,0.7067856460064826,0.6841732037683796,0.7564691318089409,0.8232632969280281,0.7264392015449691,0.7016822491658835,0.6694649119585881,0.7742773039131302,0.6692576520493261,0.5074810374606797,0.610872793385013,0.4906948846180657,0.6048690802276926,0.4689352318484847,0.7274491174112352,0.5901001371461977,0.6249988810141159,0.6094794549867517,0.5107136409009911,0.5233935960432298,0.5403584748998528,0.5367909196604761,0.6724275261462016,0.6029934540871237,0.6331534838452832,0.6621240966901457,0.7849945928873158,0.6241324143507002,0.6565142039890522,0.7346766499231101,0.6930194503891763,0.6945794240172364,0.7524535297479148,0.7978717072015868,0.7514799788113813,0.6817025189342436,0.6812891537678729,0.6517648389442419,0.7024101307189542,0.8333333333333334,0.6728829439635633
0,0.39672460739328774,0.161774259264011,0.19807099167392295,0.206431307375659,0.25214892104792574,0.43807480761097595,0.36583165827528213,0.6565817651601704,0.8760546622540528,0.2051694475405291,0.27149530428474555,0.24807508978881931,0.3213803312684485,0.24498114114766545,0.32999007275804465,0.2664962206088945,0.3008894199612256,0.2885703101946379,0.27930505202244316,0.2986020556463265,0.267595825359346,0.18625547408048945,0.27035652325251336,0.29807863767039183,0.2579911374882573,0.23736666421338226,0.2552963182733498,0.4775985697020222,0.472283961533849,0.4678073050107881,0.453072993501263,0.47343473945254855,0.48652105522312783,0.38173649054943626,0.4228792925276384,0.39547011350041394,0.22544852322057496,0.22555160363700985,0.32991949213751326,0.19783496732026143,0.05555555555555555,0.13353101250652516
1,0.473377891660424,0.9997717182013606,0.9997705779930375,0.9995997790299043,0.8251960987168856,0.637491259957509,0.5799059547175698,0.5998520707433084,0.7141746473779664,0.9388586818501329,0.8751888594155893,0.9487478220397862,0.9002678382651638,0.9587477572405299,0.8858040414897935,0.9477805167101101,0.9683416687508141,0.9218752208981243,0.9745625800698613,0.9229925075282143,0.9084844687368303,0.9414532708048334,0.9166027728418229,0.9407462731866516,0.9107085557504001,0.9227704661210399,0.905122630626522,0.4845168345691968,0.5534009476974221,0.5486647214389959,0.545799529884243,0.6313492804922507,0.5932902987483405,0.457489973903211,0.5348780888408387,0.4435583628111069,0.9654333523170857,0.9709295186443383,0.8071785723846661,0.7328839869281047,0.8055555555555556,0.9272792019483964
1,0.6962350310745539,0.9554010992295694,0.9470849253124539,0.945268337997452,0.9748201819021535,0.5684776030099291,0.7071987132415013,0.6888061761336548,0.7520177157970973,0.9327967300924735,0.927223000470514,0.9077946655763836,0.8976255434023909,0.9088567719750339,0.8873088036878862,0.9070437289167741,0.8886779779925913,0.9040489881365837,0.8849212849496514,0.9254430637474397,0.9057792578865321,0.9119357085486378,0.9191313185987832,0.8691885477695132,0.8971800545123623,0.8917197048949098,0.8615109726574698,0.501600976074314,0.5487331295090578,0.550095884872737,0.5445505769467937,0.507341627024752,0.51396475480206,0.6906127850093617,0.6741574560358707,0.7153804209188291,0.9234131645742423,0.9248729207390426,0.8141843460307961,0.7350490196078433,0.9444444444444444,0.9201938312960314
0,0.5977012523129167,0.22588698171817337,0.16313875293773056,0.1742487388192288,0.26993204852017816,0.44183072838817594,0.4167131627783931,0.6030861151876273,0.40333465732790963,0.2578405903057067,0.3632734855551802,0.26247372724571016,0.2952260008458224,0.26034753105634645,0.2942973867481698,0.17793844947571374,0.2148885836533586,0.24009939470000025,0.16987754593262971,0.3002655353064507,0.3210839966227372,0.23828846364800554,0.34310834673676854,0.2858884289487465,0.3064878339688135,0.2674204455714356,0.21979322359864736,0.4465814396284692,0.43607416121254056,0.4131214854104994,0.4433108703317202,0.3958435296099419,0.4248461402632174,0.5762259650194801,0.6402937573082668,0.6698218363815175,0.22209971947986573,0.2201790856630345,0.3351832594538923,0.19109477124183008,0.08333333333333333,0.2568633157174533
1,0.6244222382388522,0.9632914993597617,0.9656169813415032,0.9148970385877707,0.977600361293564,0.46762805416415354,0.6605490067885701,0.6358579351100302,0.39669922935824775,0.9572492176429751,0.9373573874144491,0.9427543634965252,0.8911454614373009,0.9391377437263767,0.8978399723354512,0.9430017624991422,0.9328782934549662,0.9371672163048427,0.932023100105261,0.9447905069193486,0.9036243727795705,0.9511996490932744,0.9225834187957477,0.9296189752205841,0.9326363332315442,0.9259020148701383,0.9377359189704472,0.46128246118665345,0.46788574120751497,0.46675137168403874,0.4212874783432126,0.4538120401263402,0.4403367953045489,0.6413775447308558,0.6263340456313642,0.6234798030820774,0.9496825417851431,0.9406164815339153,0.8008467443210087,0.6742238562091506,0.75,0.955329902011276
1,0.8207741146958828,0.5616867090043769,0.6224590004439079,0.4326814190498666,0.6121009944602545,0.6344051118833608,0.4335334468652404,0.6668993521302606,0.7082932856508657,0.4220317343779822,0.6022492771243557,0.4257564323263071,0.6132435880156857,0.4258612350644035,0.6379952549626926,0.45210921512607627,0.4138646516023587,0.4319266686968561,0.4137993285667204,0.39213253762334044,0.4856013824749016,0.46359274942190093,0.4306323000411622,0.4030350292518838,0.40009428514648543,0.4234594444646291,0.40220746930472145,0.6416289335782696,0.5926459953357637,0.6121561494012983,0.6642237513115621,0.6203593349585278,0.6025013802985253,0.782912545487622,0.8120404596086676,0.865864846470763,0.47985078548558674,0.45961900211420603,0.5407347095709963,0.5984885620915031,0.4166666666666667,0.4187599275196662
0,0.43719556699000306,0.1999036695020437,0.31676083222201423,0.18356311165848024,0.3704509939879896,0.4005851565907689,0.3531238141226157,0.6401616397977605,0.4111891926661551,0.22694346999674248,0.23619581426002853,0.25462400753439673,0.23716212067666884,0.25943511937148356,0.21490837868997414,0.2325989156962698,0.30555972170817564,0.28474846649361285,0.2565339161070589,0.3106142838396883,0.22937805820491466,0.3084962092038416,0.29903189017492376,0.20670308713993982,0.25495905171099775,0.24747794202069415,0.2554042667215214,0.396203303338746,0.42577761499495415,0.4207148926580718,0.41533840820741325,0.40157223128149405,0.49602992141078567,0.41738428979346204,0.456096888539404,0.40475957558427583,0.22904219757757008,0.2260249647525348,0.31621205468393543,0.14554738562091504,0.027777777777777776,0.20560129759462434
1,0.35648141442308645,0.9454279995633966,0.9108443114064807,0.934380166072595,0.9792305682073761,0.7077671558331902,0.6372241173382892,0.582527062884197,0.5772652944001633,0.9691716981931886,0.9468959165914228,0.9441990499382772,0.9288715726073974,0.9596123768999713,0.9440521566700891,0.9822844922412386,0.9701316616250689,0.9664770100049948,0.9827875722036745,0.9637510261805082,0.9692407516257121,0.9644921997921385,0.9612153824941776,0.9608551150981579,0.963227942551501,0.982543650129643,0.9516382364776717,0.5970691755011389,0.6341341681199237,0.6412562661098166,0.6060455959246813,0.6407005000717003,0.7225600950503013,0.32026217317837274,0.3439210743124149,0.3447880228277005,0.9573038472476375,0.9531808169430958,0.8229557827186437,0.7874999999999999,0.8333333333333334,0.944716597328972
0,0.5008147137759598,0.4101818912868477,0.3621341552554462,0.43251041648276944,0.5935955052167488,0.6194417884732009,0.47674171610039606,0.6944954571510598,0.770936872273254,0.42257123615728104,0.38812594880150586,0.3893914586733479,0.40254246977085034,0.394595722616053,0.4215246795481276,0.4634081420491682,0.38813458880598445,0.4131982332736756,0.46068827598408535,0.4331614674051758,0.4517612641604156,0.38613655036907935,0.43999936567056025,0.5095686178239837,0.45706732219116625,0.40036908166456636,0.38970646617394294,0.5219369573447333,0.5805886140996807,0.5808786959238256,0.5839460963074867,0.5770974293625037,0.5154540011470304,0.5483595431422101,0.4860620045666505,0.42791817625859757,0.42099383066978796,0.41801752622163724,0.47155149846438993,0.49730392156862746,0.2777777777777778,0.2998736530224602
1,0.5994949375143733,0.3524403614492192,0.3092490662964405,0.34047002474108656,0.5773577126022587,0.6641122347743788,0.478614334776653,0.6808776473665386,0.6582308142619889,0.4496491712117252,0.4728733820499455,0.4453705025449272,0.44649708747018313,0.43077516200704746,0.41716294653424235,0.4671431468562322,0.471240013020176,0.48380248968389744,0.49881461346284484,0.5161128946280131,0.44581325760421414,0.4906693720522291,0.4766890159656384,0.4949318941961346,0.5069607292757331,0.4735142805390631,0.4720026871382033,0.6129724230141289,0.6303443824240639,0.6251794472425798,0.5521030103403611,0.5965397857154124,0.6042802829717449,0.5921817015869125,0.6075493095366851,0.5895286218594947,0.4216513369501262,0.4072398395197025,0.5052248227402145,0.5604166666666668,0.3888888888888889,0.38976878524955066
0,0.20198285416615067,0.03954557512974287,0.08659466349118472,0.07981935913555963,0.23104764334913916,0.26970578017363894,0.24118654565891826,0.5574777450981765,0.38783432172570786,0.23939993872900214,0.27262617448057236,0.23624254361835048,0.3109255521645606,0.2765315609835654,0.3118415103536508,0.20138504426665707,0.20655718083504127,0.2859312043040432,0.20826266957169343,0.24611254206391237,0.23948487256244153,0.18634617283529278,0.19292352934319962,0.22305543830574295,0.22216132359820714,0.1995202709234826,0.20351679535837877,0.3517996791662681,0.35597458348242755,0.3681125453819438,0.4071451814578508,0.33925023962338074,0.37735630701634126,0.21974601365395824,0.20479032585762905,0.20401437955446494,0.1590577210049168,0.1667048166267751,0.24791822592802426,0.04824346405228758,0.0,0.17433690940908844
1,0.5801070089585858,0.4379129026349591,0.38459459465023327,0.4302681070998487,0.5359569098778973,0.5830483520728577,0.4881328089658403,0.7111940978427068,0.8232685448774458,0.314754341198902,0.44297019311629127,0.31979405018727886,0.4709969536841971,0.30366582531673336,0.48267025956865756,0.29321938393450603,0.35706353773406774,0.30775750382193134,0.28957235600058456,0.2772757634532442,0.3221930953660113,0.3231995438587227,0.31353459188161537,0.32594346017858933,0.3773370595597262,0.32754028877478775,0.31771130510944495,0.4883009250970353,0.4740232085232204,0.4899602532147592,0.48430625722005827,0.46986880458801017,0.47959762130504774,0.5501513974059168,0.586698373418707,0.5595602843581375,0.3503087789189147,0.3569720538346652,0.4246411869715217,0.378329248366013,0.19444444444444445,0.24967380180802373
1,0.5062025725332526,0.21835797077590918,0.1762152700695841,0.2944995374321741,0.48621077304582583,0.5726545560492822,0.3867166312029067,0.7174630687959518,0.7943680879252787,0.4954423826738612,0.6555362850804982,0.46019694106851655,0.6694915203697416,0.4093686755004544,0.7467557270876203,0.3872513409704195,0.41537665664154644,0.4931736727164346,0.4788019950147449,0.4290222419040685,0.40279079230519,0.5077833898127668,0.4556775440410275,0.38640423736150264,0.4363042499614782,0.43427805240456385,0.49693654389077546,0.4883109290896029,0.4945372929845125,0.5086245484700538,0.5599255553652804,0.5013415238187493,0.5293496800096095,0.48157469574271855,0.4517249316688807,0.5360048081799321,0.35526875093828175,0.3539348931494948,0.4781019257088479,0.4743872549019609,0.3055555555555556,0.3395829782139855
0,0.8211359898858388,0.4305028903772591,0.7593344979135759,0.8035886172188974,0.7313233274408174,0.7515915065323999,0.5676530079312415,0.7217137280469319,0.8315309456612519,0.7254466262470648,0.6880180178330797,0.6514652910196361,0.6439775643881409,0.6675113766248428,0.6588300846688019,0.5592596142728261,0.5816523730835157,0.5691932691495557,0.5916688411382014,0.5396372188398729,0.5256818322670951,0.4997743341681271,0.6309741941105017,0.46715451416859755,0.6071105969937296,0.5449011139439531,0.6939525932208573,0.506876615041713,0.66425810490931,0.6097008284565253,0.6477560968310601,0.6133433154973922,0.5649924190485003,0.8117132197185163,0.7872413159632825,0.775618071924663,0.5470759318899071,0.6224655579026923,0.6404251623298042,0.6863970588235293,0.75,0.5712433994386636
1,0.3670062834028283,0.9966651491736425,0.9958537470112487,0.9971860720393637,0.9758194478458194,0.5788954609199073,0.7288221205953178,0.5700942556375499,0.47599954072024386,0.95804699325013,0.9171462941358941,0.9543775378269004,0.9251002606936358,0.9478485908496561,0.9433607009214352,0.952183968034064,0.9152884842169475,0.9392970966230306,0.9587138767090773,0.9359988495509719,0.9238180928062455,0.9748483670996055,0.9274792548069429,0.916769532491606,0.9121364753573449,0.9152024883325623,0.9188038243857634,0.5814659001651258,0.5871884755353947,0.5484402256847655,0.5349880466428292,0.6062878163874548,0.5144112121071225,0.37069108733440287,0.35411665327508757,0.40273229201082933,0.9677422183448691,0.9696522635847253,0.8039134550140428,0.7185457516339867,0.8333333333333334,0.9563747981816203
1,0.6882532601048852,0.9993805325448963,0.9994061658977902,0.999078544932777,0.9711168909940517,0.707517553035684,0.8429320532099274,0.6284216907494108,0.6013845774205117,0.9638860281498933,0.9255015243704305,0.964967015214136,0.9434045618270759,0.9475663880419394,0.9138822547658586,0.9674415963347207,0.9942508713040614,0.9635061080779952,0.9873935383314154,0.9766712525444067,0.9669037262356304,0.9683703850997327,0.95768843131746,0.9770446004768646,0.9691205639413314,0.984449319756746,0.9433774373627717,0.6640827662319384,0.6401337580384269,0.6842128968343278,0.6567122158078392,0.6591438275262301,0.6320776223843895,0.6969073481301403,0.6945095106403849,0.7143328032582955,0.9772630480312511,0.9756868154136938,0.8729839549114615,0.895098039215686,0.9444444444444444,0.9591532644306212
0,0.48328407648200605,0.31745138714130683,0.30691668496958474,0.31671322271223945,0.397474049965891,0.3926734684891283,0.3862495270931214,0.6364365948567703,0.2882643343694165,0.23794517104381926,0.2395559069169116,0.26678824385867805,0.2537775904346835,0.26082669955032056,0.2359437677776715,0.25073615029212704,0.30153247489829166,0.3015346671082816,0.2647889977921257,0.32982113247115596,0.2361523043719914,0.30841399898541355,0.2858222894955556,0.24051394486009706,0.25319086216395725,0.2474260612402729,0.27319844111006775,0.40550730525625317,0.42475773696588637,0.42370689879575707,0.4244357859770109,0.43240926701388255,0.4473825735636196,0.4584566382911396,0.4726679932158566,0.49056762736529014,0.278325260430704,0.28250314071093435,0.3321795803915957,0.17107843137254905,0.0,0.2784554237647409
0,0.6806227982645442,0.5116976450016639,0.4616065880817229,0.4992100047055807,0.5162793013560742,0.5376313244019935,0.4478907734798713,0.634537072507348,0.5932122304659944,0.452902994009416,0.704730845542074,0.4289066399543199,0.5915192557510449,0.39107672189178777,0.5944149049338587,0.5356684522956578,0.4529852650564429,0.39970629257358153,0.3546242676595294,0.3574058183926642,0.33552893762503705,0.47642167802954105,0.3647737192986439,0.35575884306934413,0.3107609654026224,0.33159617200778646,0.3602502174391686,0.3798456693155078,0.46278301615855794,0.4375990027225523,0.4143149778701627,0.5131489839558032,0.4207128583676144,0.6935548049022213,0.6795839985202294,0.6560127129875314,0.4920909124172139,0.47331189276980207,0.47557242621933266,0.4183006535947713,0.1388888888888889,0.4877488541160944
1,0.8053071746098144,0.7531872247764623,0.7389728731588883,0.6859901808069506,0.5541007032162619,0.7342232624459577,0.5929674587454974,0.7266656845251467,0.7839059743144532,0.5639997191398969,0.6336188341816654,0.6097259609899017,0.623540113352346,0.5472940546839838,0.5472628702100925,0.5350766034002743,0.4976516692815682,0.47335650629794246,0.5257693663673906,0.5625052543705659,0.5451109813766251,0.44082098519729823,0.5830794052202755,0.5517800601214328,0.5482981794138387,0.48266439638965036,0.4764982372543359,0.6684092859352415,0.662348831752319,0.6666692354513528,0.6504294245467254,0.8051914415846697,0.7082919791958011,0.7799851353586086,0.7731986760932215,0.8044037588227901,0.6326632630555461,0.6262548049315145,0.6191902264625865,0.6929738562091505,0.7222222222222222,0.5782149776522888
0,0.5570779648580071,0.9720142313137051,0.9741021524964802,0.9778616422902697,0.9510581500033928,0.5992880904972832,0.6277059424818111,0.6483046676730154,0.4688302135554965,0.9255541027132972,0.8323495238297556,0.9248683551184028,0.8422977106942481,0.9326980736541968,0.8444019850902208,0.9519626208739871,0.944925534786607,0.9411299996564475,0.9090233989981009,0.9178759999087296,0.8695119757566223,0.9313943410247204,0.891709075840581,0.902057210528493,0.8804078365419131,0.9087651480974482,0.9173754512128819,0.5390361647508639,0.5198754347507686,0.5554504985487312,0.47344790847447865,0.550116878008688,0.5637507425324096,0.6061303854876553,0.6257237651279353,0.61255592734314,0.9496150691020316,0.9518809846501123,0.8004469831509091,0.7031862745098041,0.8611111111111112,0.9439569105386709
1,0.5357041624757822,0.6689857166529367,0.5063479074350342,0.5478690659238097,0.6069478297210166,0.6398307021617042,0.5841388417416264,0.6874540319091847,0.5948028330760126,0.4559347191647472,0.5253220122482272,0.4930933893326189,0.5123248670224412,0.4590273338583585,0.4943954015826778,0.4611334335307926,0.4437405567941892,0.45444358510089283,0.4905322542207621,0.4303298273056269,0.5122808292135341,0.5791805304586441,0.4304521645142974,0.4426724603320487,0.4670541048756804,0.47703261543257697,0.45366853916687355,0.5121982655522204,0.5474368659987495,0.5582188706538419,0.5764258335012148,0.5202740032195549,0.535044844345561,0.562195423759217,0.5013789436964018,0.5072764037446303,0.5410708465054495,0.5260217878597033,0.5178223270732425,0.5392769607843138,0.3055555555555556,0.5112243816537528
1,0.3292015151895871,0.16987611028149935,0.1754139410294923,0.1940629976133516,0.28788055621709707,0.3262556126595097,0.3648261663995878,0.5337098943941456,0.4426809293977109,0.2282187788127712,0.3487420145450665,0.25853442312713126,0.37534030479525327,0.24409631209175248,0.35215065740516777,0.24315508602975675,0.27920181011412687,0.23750162656479512,0.2000337293000285,0.26298188750598234,0.2535250425866843,0.18362441046865355,0.2340184478076706,0.2675368769381909,0.25334212893738284,0.21980295139842282,0.2283329994980683,0.47492855001870105,0.4449091736210442,0.441947942449909,0.4636198352658148,0.43415805559951465,0.47075817818064214,0.30170342083110574,0.33996813368588114,0.34074429406266116,0.22385520647946244,0.2219449858286983,0.30171803278844445,0.12177287581699346,0.0,0.23100749133971127
1,0.620548562027998,0.9773136242967826,0.9739037115383692,0.9785524379974744,0.9667123266803863,0.74303926780301,0.6894319856890933,0.7023936239618688,0.5995642693094851,0.9692538166982594,0.9551281699910943,0.9374357098466961,0.9364144883431349,0.9458608973617793,0.9271817123091095,0.96226980262878,0.9167368785980933,0.944279638848214,0.9585604169065881,0.9342610072643704,0.9287781388949446,0.9813663224632627,0.9475195021317796,0.9369064758100646,0.9296728201322709,0.9271326152991067,0.9377227576836664,0.5836411834744955,0.6346541826342013,0.6289420171007044,0.664557910934617,0.6293384625784041,0.5667965092364473,0.6779117190126508,0.6192131404045007,0.6005745624436131,0.9590063789240862,0.9602864944263025,0.846393011250793,0.8484885620915033,0.9722222222222222,0.936169339581686
0,0.00262450684913295,7.221659726233498e-05,0.00014193025375670786,1.6004325569426356e-05,0.5772935155808524,0.48191322939942816,0.43950387841439653,0.6810403557066416,0.5297706588531513,0.5811633139013316,0.6367515193938509,0.43105601596386645,0.5212607694240539,0.49418126646592964,0.5044179265223895,0.44404411801155325,0.30630268518740617,0.36135613071985656,0.4893098128776527,0.33795845567246785,0.35419905670500407,0.6616324032305964,0.3206177676441935,0.29647061474072317,0.3198103770015231,0.2941401608012475,0.36770262344514654,0.4550622109349343,0.4736868477535847,0.46437243567956543,0.44974840288989015,0.47043816666735905,0.43473740142852946,1.8445709817428091e-06,0.000317925443470956,1.1136252234541811e-05,0.29172411685756067,0.27387392427283624,0.3670221054072753,0.28897058823529426,0.08333333333333333,0.3132697248435675
0,0.5996999755706935,0.3956304406187591,0.40040259284539365,0.4299335236486468,0.5089103312118902,0.5445452919724769,0.49900977521722517,0.5766842140389337,0.5939060188138721,0.44624497481879793,0.6036937719555594,0.43348929626314703,0.5069039730546278,0.47173575158218545,0.5193046741860192,0.40240822840274754,0.40192028511956307,0.4969385581649125,0.43938379061963295,0.41310126807227726,0.4266084525031071,0.54197133196189,0.42051683472472434,0.4085939047886056,0.40028301753439915,0.48639692653572814,0.40199814301742604,0.5095604107800357,0.4976393901776183,0.5388649879995409,0.5261322500384256,0.5592148870378438,0.514660718050621,0.5606507880985858,0.6087869655154646,0.6376173637315509,0.4105093217615512,0.4266394481030972,0.48603289482889983,0.4822712418300655,0.2222222222222222,0.4595906010422006
1,0.7123163387380994,0.6822479582051841,0.6800760352506756,0.6027322188997525,0.6588354493554629,0.7256821594837375,0.6510962326301357,0.6785211776036625,0.7255189931528906,0.5817868785692193,0.6155167005008237,0.5659351519938369,0.7048892356482932,0.5263686741571045,0.708785046126995,0.4115726712637355,0.4631598377129014,0.469535958976042,0.5129309507849352,0.4873400668634658,0.4673266501295768,0.3576293918539186,0.4284842610410937,0.5143005654610764,0.5006549840446524,0.45891706648403674,0.5230032543005508,0.6840826103005907,0.6244956557972979,0.6751564673462431,0.5842746051362088,0.6792363539483139,0.6521553743442868,0.7282824196771711,0.7431007383549973,0.6796294787488988,0.5532519271542522,0.5577713349039227,0.5881755098655436,0.6544934640522875,0.6944444444444444,0.6008767819927677
1,0.5221228438085082,0.9999584784142307,0.9999275576044759,0.9999386558281952,0.9531918678960523,0.4555570173447727,0.7385080523750819,0.636235497319262,0.5912389622629853,0.9306584381190707,0.9184309972922546,0.9252458042880614,0.8896246353290757,0.9271171859014545,0.9031011045812466,0.9037505486457759,0.9215858050729014,0.906063044670069,0.9376107165089237,0.9093350001501227,0.9328189323452621,0.9338013264657539,0.9131179550384286,0.9431085813317945,0.926132846109692,0.8955894701089017,0.9306838459929774,0.47519499729927606,0.48253643446317024,0.4619895019989576,0.41970129289991365,0.4410534370465537,0.42024598669982294,0.4675992249035724,0.5978337142524183,0.5890607097264858,0.9429849437826894,0.9512021346155436,0.7963833448915143,0.6504084967320263,0.6944444444444444,0.9470231462606042
1,0.2530002154325219,0.9929873035827252,0.9759054652360412,0.954708549423664,0.9070604262011442,0.46085359875274895,0.6303262103542436,0.6551172014192236,0.5152907845411145,0.8827694832053401,0.7940409726348202,0.8585501677169551,0.8108206755903307,0.8063353862968959,0.8234428937961701,0.8259183391892394,0.8298441985396579,0.7116791059895109,0.850118357359386,0.8519748483641251,0.8994516631667836,0.8698769033539905,0.8843629707818027,0.8295375973919513,0.8849327649060332,0.8142545944028114,0.8260925494404655,0.40724035514681084,0.4329788519031086,0.4164233160412188,0.5559458910014902,0.37238508356136796,0.4006226390781028,0.2549032835452544,0.2476240506520341,0.13365498984802254,0.8924852701629732,0.8876999492418959,0.7098504932585364,0.5073937908496733,0.6666666666666666,0.8957218051991142
1,0.4823855038914361,0.3564132844521947,0.3515640334758887,0.3172866018114041,0.38174704658340075,0.48051498081587596,0.40928122582570614,0.6421170960442052,0.47467547639090785,0.30675833957702053,0.3534835536947011,0.2871482518122666,0.32384576330206327,0.29380600113486943,0.3334163667696862,0.2872599553044535,0.29433186452070687,0.3018825312675881,0.27782917740341473,0.32831074140668826,0.2570426766991112,0.29848822706336425,0.3045786847796302,0.24742711274343968,0.2805072388521535,0.2646217291493619,0.30145896266539535,0.4106099395490906,0.4294947820752578,0.4446997001453645,0.43700529262841703,0.4248007159487986,0.4964349415503536,0.4896001396041487,0.4680845949165839,0.4921537262937201,0.3102738305229716,0.30838281890303765,0.36049276817126474,0.2212826797385621,0.027777777777777776,0.28488769111337897
0,0.47225537829756326,0.1748906119571916,0.15971717080614062,0.1422824386895223,0.7035242878547311,0.6122008023197313,0.5593340626734274,0.7017456842054732,0.835115988575104,0.42100577402650086,0.480884817663594,0.36739176182894717,0.47393126552115367,0.357009813229188,0.399820945884827,0.6405195548676733,0.45455178977822314,0.4270943364999329,0.39535600743641186,0.2598766747030141,0.4629933840006048,0.4273730105540125,0.47450177083766615,0.4471750802970169,0.49174411154062997,0.3307537183975808,0.4137982494681139,0.49047892290884476,0.48406450556601327,0.5477601897518237,0.5097773768034272,0.47236329790916026,0.5235892126944118,0.47346728193117854,0.45438511414666494,0.4234799333317766,0.3942673095512707,0.3364188361145045,0.4488570465274465,0.43112745098039224,0.16666666666666666,0.29394273765186385
1,0.6346313623145089,0.9839173345079697,0.9737736657690164,0.9651692159924844,0.9730750121772644,0.4374452180672675,0.6922572920808688,0.6715698952946334,0.7021209000981631,0.9303655344212913,0.8883301841987417,0.9055004720002989,0.8709009214716709,0.9037694814360784,0.9079412429104862,0.9275928230903473,0.8855046625562408,0.871518386271178,0.8971333137827687,0.9116478011909565,0.9055999568916613,0.9271705942705432,0.9253447334968872,0.8836742105285592,0.9041945829620845,0.8939777069917952,0.8859698634632964,0.49864395346216767,0.4095907608030662,0.4216198337300882,0.48750517944290095,0.3791724497217337,0.4310396125048752,0.5782908589651458,0.5981151054192775,0.6478102092017534,0.9390035431995386,0.9371898654054357,0.7911803189106797,0.6423611111111112,0.7777777777777778,0.9301413595971121
0,0.413560113074138,0.2641314890862397,0.2304987875799171,0.20367932298185637,0.35604158389533075,0.37699315159135016,0.4047371350537623,0.5359365780814032,0.4008838830803265,0.29157782123464193,0.2775788361845432,0.3150867494030574,0.3186710963742661,0.3113278804833432,0.35564392784880633,0.3369170634527891,0.32345632481702385,0.31261357137589646,0.30777549083730704,0.3251685819918825,0.270745703650105,0.25731810165764935,0.2924828428468264,0.33786583881354887,0.28725230936619994,0.28638855583411604,0.28221064156867587,0.47484699768777117,0.44710398927373834,0.43960668769334565,0.410019569617336,0.48096608465781104,0.4665813908182236,0.4227651071971572,0.42153589400655783,0.3975586724829912,0.30537843398069536,0.28622850108145714,0.3430033771263052,0.1921160130718954,0.0,0.3207854904555261
1,0.7051366665274836,0.9610839147534233,0.9644395932153793,0.9620408501073658,0.9745405554203893,0.4759329792267082,0.7123469968783017,0.6765928174623151,0.8263023680299534,0.9815565257376111,0.9445796247688122,0.9372090597295235,0.9166403596343718,0.9479777700243399,0.937004719548512,0.9659801522022866,0.9243525482953174,0.9465382854870465,0.9561558316730819,0.9366282336122419,0.9410305935823238,0.9383515751619566,0.9338505209391456,0.9581057956054826,0.9524391212025856,0.9479765810943231,0.9401220266492671,0.4890062309563927,0.44812449287876777,0.4798917457594442,0.49431529522063244,0.45087938945364353,0.4827606486660799,0.6846428346587725,0.7455517562624043,0.7007493993438355,0.9547577088950779,0.954858349363388,0.8320496488377275,0.7685866013071897,0.8888888888888888,0.9310677031329463
1,0.7275418319493819,0.9739239241601558,0.9748323388399459,0.9660337596566186,0.9593234805655395,0.684332604682005,0.8016276062962836,0.7117276802415149,0.7913915365563106,0.9127735147470277,0.8699649196363526,0.8951549127263032,0.8681705331060241,0.9158876577168943,0.8822577107206089,0.8982703139528445,0.8737262193524419,0.9116226350360014,0.8877411688880195,0.9043988175401826,0.9098117628400754,0.9130883465193621,0.9025151224271556,0.9251093994456732,0.9037804886825163,0.889374844351696,0.872357051724752,0.5793693472968479,0.5592621164822856,0.6229612916581703,0.6456374754615257,0.6449156648606122,0.5956220678049712,0.7186516615982155,0.694852145874503,0.7407405004412069,0.9224497169464345,0.9298541136425632,0.8336885679185714,0.7910130718954249,1.0,0.9196954832551396
0,0.6541860687454654,0.9581220148822043,0.9632139282941313,0.9518847427102649,0.9433629076818868,0.5585594544977656,0.7213381275841045,0.6637072077900014,0.5846929304693713,0.8929481647440844,0.8657249679675016,0.8543869857135593,0.8221931829392828,0.8284746277843322,0.8147358504498378,0.874774227618051,0.8763660461214382,0.7855320192543326,0.823952303107297,0.8095789791920287,0.8653257266261339,0.8707631994650645,0.8717568853290895,0.8800248187832966,0.8496043473085486,0.8241527546854287,0.8518665322620694,0.3715578622056827,0.43176839182420956,0.4082857928846675,0.4627445223675524,0.3893187628775648,0.39385763153004355,0.6458966370210829,0.6300526617494283,0.60491046934043,0.8957610760712716,0.8935285197416825,0.7584355941508195,0.5920751633986927,0.7777777777777778,0.9251441762979611
0,0.6657813505469361,0.7181323877751724,0.4278599943337193,0.4277899104776905,0.6153566198150512,0.7256863637818384,0.809965973881849,0.7327823148896062,0.8715774614522488,0.4722599336013092,0.6473384035296141,0.4467674496477983,0.6044152991403312,0.42592800084392374,0.5965550566534497,0.5493131836066253,0.47237724298736034,0.42065370376638017,0.5324472008941497,0.4611453478699331,0.5307582565027582,0.5987607411412041,0.4700880082939839,0.5274232466992494,0.5576306154885925,0.4822173651712437,0.4534482484317139,0.6201596261063144,0.5947373316035911,0.5923916206790265,0.5859560848845329,0.6333452808897181,0.6150515533453187,0.6398683857693193,0.6640950303323881,0.622385507828866,0.5714043403431986,0.513586186470242,0.5700678322109102,0.6461601307189543,0.5,0.538632090368264
0,0.41269434856376314,0.1888664677906918,0.1246248426976386,0.14972695264909133,0.39805698844780674,0.5206332046093128,0.42199416146489976,0.6455955448861957,0.46255973790438665,0.2702937773063105,0.46335259911452004,0.3062271572868596,0.52074418816061,0.2930403156838812,0.4264758358604344,0.24261117768382584,0.25705172831567863,0.2870187753630165,0.3016213413327394,0.3407617803756069,0.37447148271807523,0.2774320649374709,0.3699911574699633,0.3774222092159864,0.36313537852188144,0.31014688167548304,0.23575395863458695,0.3782238217362653,0.41939092937211364,0.3976413958764857,0.46260269330927234,0.3414787258679084,0.36646207333685266,0.4113359698304318,0.46416448914023,0.43832552252732443,0.2459016009204591,0.23609441421886998,0.35400844028134537,0.2123774509803921,0.0,0.27951552394862533
1,0.44738715440336296,0.2925460022150391,0.273497025179534,0.2938697536292004,0.6489610882430636,0.6219550351987967,0.43039260059144596,0.708952271260393,0.7427845172883515,0.5133401578979767,0.46931175738936426,0.4730690526744077,0.43961016307578554,0.40923557179507775,0.45772606718899506,0.5081516001418664,0.6263374664292904,0.4512622781337747,0.5738015521686792,0.5286981731461038,0.5522964685515466,0.45632584610858556,0.6118010095756157,0.5159414497256487,0.5618303803092706,0.5277003141165205,0.49691989918370505,0.5135246171866765,0.5753493992372122,0.566605755618086,0.5494249517817491,0.6024625840904725,0.522004836939108,0.4689573719619402,0.43364526915160545,0.3984527933486106,0.4245888850104378,0.3953743960911183,0.5025713782240282,0.5195261437908497,0.4166666666666667,0.372580665348185
1,0.565267986187334,0.9052296044637966,0.9519501754971934,0.9036553589194789,0.9687745311578603,0.5253481717788202,0.649350811436901,0.6460981636356972,0.4727544383410122,0.9497100284849743,0.9238002933212117,0.9227685524901703,0.886528626207601,0.9349783263901074,0.9045801035899984,0.9357133125392385,0.9102638440649223,0.9277505969976422,0.934927359263679,0.9281237099136641,0.9143182006313527,0.914886545240403,0.9401987735651984,0.9265134472785084,0.9153956542584645,0.9128120692441823,0.9124981817708592,0.4670601279957739,0.4895167160001849,0.4868694887255638,0.4832862120950994,0.48942399683181176,0.4632384759695447,0.5600062217978835,0.5796541744330099,0.6104537211702473,0.9212371564977352,0.9204690309605583,0.795179107621549,0.6618872549019608,0.7222222222222222,0.9455753909421016
1,0.5089917865372644,0.3250182407092744,0.3707720402379667,0.3121105401766707,0.5496076106507931,0.5538766094883105,0.623394448855242,0.6463308477896225,0.5269551052310424,0.4335993123399886,0.4270851973425939,0.38971032301995123,0.3972695818674003,0.41696487290845424,0.4278753775526229,0.401303224288785,0.39963786560761716,0.3991797510455751,0.344140981050211,0.38621443578543124,0.33427071546040776,0.4184018824399653,0.36351480372651573,0.35108593416963646,0.34230794879942505,0.3940744825124078,0.36775183528442584,0.5543052880624711,0.5485046930804391,0.5534591843389973,0.5421255743237627,0.5665362440992957,0.568179238896958,0.4382483053779464,0.515670056172695,0.5452703228818151,0.37201059600600356,0.36902144022062716,0.4425627057038057,0.43374183006535955,0.19444444444444445,0.4249082727883368
0,0.641483524846413,0.4617709645814013,0.5527585126171266,0.6105836351206926,0.33795674323680364,0.45113975416697066,0.42409604464382944,0.6411763955478454,0.6247364523691024,0.24556897813030912,0.5154773671429052,0.2922062309159603,0.5518151232284435,0.31401655879811485,0.5792639668461627,0.1762244335903802,0.3176254313831793,0.23906109435989592,0.25150514760563597,0.29714583287206736,0.24822314229760883,0.21686986709052622,0.26623394972810954,0.2585051255755047,0.2636136892757718,0.23935106610017196,0.20879922966284534,0.4078169630412541,0.3882324280868381,0.4663238914719126,0.4244362133477993,0.44784857214334006,0.4094900565988284,0.6059340234963231,0.5802637007055159,0.5849362010732232,0.31006720969591395,0.3709603646013099,0.3934882299843219,0.2691176470588235,0.05555555555555555,0.289806143970662
1,0.3268815008123059,0.9057989338796798,0.788997300909394,0.8169426576886654,0.9723756197182529,0.4218204105777055,0.6536114701921848,0.5338380106915305,0.6311403147604493,0.9607461960674281,0.9531437819577576,0.939422580896513,0.8946294045465212,0.9215026662341602,0.9130686770802731,0.9571790746982562,0.9292298007818495,0.8926500683424087,0.9273723764839433,0.9159520009883713,0.8936639411396492,0.9627780666211487,0.9219962469525972,0.912810892493089,0.9104964061865541,0.9123740475670988,0.9201618685203925,0.47476706347361364,0.4683591233859021,0.4498370771009069,0.4634811951508693,0.4389418865051005,0.46897278884441124,0.3295548162590273,0.3616767288759163,0.36007165182700257,0.9341335298248165,0.908169182679455,0.7626825024356993,0.5874999999999999,0.6388888888888888,0.9408097592486947
0,0.39525265369422474,0.17887027951244736,0.17016923946155,0.24320719895021017,0.3168888370213401,0.3306400774970203,0.3184768485636951,0.5804154957567772,0.5372642719620555,0.304748363397504,0.27695235476563335,0.2463813168042841,0.31766200184343635,0.2674329003470064,0.28719733864491365,0.28017858004437945,0.257394464146369,0.2674468377173906,0.23660496174978018,0.29566051508131247,0.20674622721854283,0.22325963052571662,0.19923440762000044,0.20221990084237254,0.20270147065681474,0.22854279877814973,0.22294335994880982,0.4422589451075865,0.29718701417713117,0.3440282386655321,0.3962654508103107,0.3358298739492936,0.3203895745418019,0.3962551451812072,0.417591553353678,0.4055386840628751,0.2351433921203703,0.2432140551316655,0.2948239022821592,0.10686274509803921,0.0,0.214870683485192
0,0.7353496152536309,0.8864500279472228,0.8900907261672341,0.9019831898484554,0.7160185718259021,0.7213170576164536,0.5877410767557867,0.73084740950333,0.6611694644167607,0.4988129150344653,0.6368871402612224,0.5263802602590845,0.6134513860701586,0.4692856003448802,0.6091456836079183,0.528417471954761,0.6233017769016895,0.4440911777943665,0.4657527630824033,0.4713805488099342,0.5984810286603075,0.5106524369784221,0.5392271619825684,0.5471049201885623,0.5561594741158356,0.6232823572115455,0.5444348379045665,0.5785987968880766,0.6444358237918931,0.6174865396832239,0.6419743372891342,0.5239715431898889,0.6312853365852352,0.7623510032842268,0.7313115932617256,0.6915187146576648,0.6470825867203561,0.6625033100708808,0.6200577904734565,0.6696486928104576,0.5833333333333334,0.6069439001001101
1,0.379609338099162,0.5338301412779264,0.4714337422360472,0.5692061234440954,0.5370494661192922,0.6086508211727404,0.45414651148185364,0.6929627388684145,0.5592790438870495,0.2832146500317034,0.4165575534262883,0.22653004827027864,0.3573036527104559,0.23952863415171105,0.3864926676913346,0.2902430201883047,0.314414890673878,0.3047634542401148,0.25044673357746955,0.2955003292892474,0.3379461890512389,0.2961549576941143,0.29518084420731533,0.2814799703532848,0.2973065580794395,0.2824476565016955,0.3297725873069983,0.4554885183642044,0.5019193170723211,0.441143598172576,0.4302612037551672,0.387879324737225,0.3921876588107021,0.345543488044792,0.37063487203600526,0.3595121235948183,0.35020106991216987,0.3718675934664632,0.38150380716490573,0.2531454248366014,0.1111111111111111,0.2741600060750762
1,0.6188187636446386,0.9730643915208546,0.9634665936720156,0.9486262815656744,0.9774426231506426,0.6825768022048843,0.7145500531590987,0.6651648436718398,0.7144636327023077,0.9725974824432377,0.9549946860822877,0.9475373706822158,0.9397030224832476,0.939966048382546,0.9411119763022177,0.9857206908383419,0.9394871256674063,0.9482775489065128,0.967978828867032,0.9412439406559059,0.9544205607028415,0.9532152256002625,0.9595142793129064,0.9693372686367692,0.9621532670252902,0.9461004054728855,0.965811248453266,0.6297083853724649,0.5863719823690592,0.6118884263549973,0.7650446868629632,0.6054000146735514,0.6991582501680729,0.6562027612593769,0.6487942747745047,0.63267429305563,0.968774151013804,0.9589829565979265,0.8580612727711185,0.8810866013071893,0.9722222222222222,0.9374249696255095
1,0.5192204390952506,0.9999329781015674,0.9999363554191646,0.9999307917025249,0.9712177069801333,0.5433786657799674,0.7697814334114028,0.6694847820584581,0.647843677055437,0.9439500341938969,0.9192697146468518,0.921895944909673,0.911568415080137,0.9302823947322156,0.9150038830135238,0.9555141920414879,0.9445721507942848,0.9367110941880473,0.9366585797579032,0.9278873968563376,0.9341793779387474,0.9541942590263081,0.9487027205543699,0.9378789758559687,0.9154639544717347,0.9301207827742364,0.9256859797293975,0.5379826386152241,0.5232772983287205,0.5365464953297857,0.5543708504730511,0.5244136722403395,0.49422096829225504,0.5333602126715582,0.5413128287727405,0.5808900160501952,0.9591143716842429,0.9615112602974938,0.820228477067741,0.7624591503267972,0.8055555555555556,0.944431159450343
1,0.6030685741217116,0.71880899349278,0.5634378714842141,0.6000332299479332,0.7299179230935926,0.6816015655369992,0.5785131761087996,0.6624260731305704,0.6986352043828246,0.5107728747505303,0.4994913895134017,0.5055974684284098,0.4746807097088797,0.4867222570065987,0.4415873949909299,0.44539502341561693,0.46447380894189555,0.5441873897027346,0.42451929564371993,0.4287827228306473,0.5450762373759481,0.5892043207424327,0.5212171183663569,0.46046762394343477,0.498533123945787,0.4777709839598941,0.4414692032646639,0.5797710207596257,0.5654659016226521,0.5466159514812753,0.5150086365607576,0.6038368294835105,0.4982722183322061,0.5443367656600252,0.6178951495930339,0.6194195020121516,0.556600495112269,0.5513113944582677,0.5423082954920826,0.5695669934640524,0.5,0.5207023234446315
1,0.6543069613727761,0.948449215953105,0.9573329368074683,0.9110106526635307,0.9736118913381058,0.6108854673198644,0.7536518001082568,0.6769402988687355,0.5742842455470888,0.9545963667478302,0.9598031173804873,0.9542829737294941,0.941159536868217,0.9448115749527094,0.9556345639629727,0.9270288070359899,0.9243669763202141,0.9279019415486872,0.9455397060108229,0.9082433628981582,0.9316969372276699,0.9527016475664607,0.9352254640411249,0.918147563669588,0.9256049509165687,0.923150775990678,0.9284047236620917,0.5031810246317591,0.558416584635169,0.5542059287073325,0.58658952986453,0.5660448319839939,0.5191663800214883,0.6377387756252381,0.677953985792065,0.6989294301705389,0.943253665572863,0.9371166448669659,0.8309433438380058,0.7918709150326797,0.9722222222222222,0.9477468260834003
0,0.7412968154911472,0.6502870732621938,0.8156046298078934,0.8182941252699397,0.7460252722703443,0.8239180096799449,0.5391917368133089,0.6694198659999818,0.6735260738048204,0.7031157329525628,0.7671172058329498,0.6299177429637637,0.7453236451065408,0.68457101427888,0.7091706250153063,0.6443193319468291,0.5828082243069495,0.6763738622493843,0.68987832917114,0.5915337025803433,0.6194531127696087,0.5343274916234493,0.5974090960299263,0.596764970293185,0.6074363744325314,0.6725228604463932,0.6703706123369311,0.7920308335254299,0.688086909469732,0.7545560707228404,0.7633304080063799,0.8134881112607351,0.7715253363214433,0.7769971932073171,0.8045449938449311,0.7970825796136217,0.6415080493909288,0.6854778575443212,0.6938059523615823,0.7219362745098038,0.8333333333333334,0.6971486550611848
1,0.4316918422328765,0.9676514530610832,0.9292215955802066,0.947610422442336,0.9589820747070376,0.4934053628421961,0.6688300789674332,0.6133396824873107,0.5544393972957963,0.9677411960382336,0.9648556165266037,0.9400588168808957,0.962758317561827,0.9366022672348147,0.9540096098066764,0.9858040768291854,0.9524258079667552,0.9320079720926631,0.9535343487948109,0.9464467397991536,0.9298583569562565,0.9732072006496679,0.9500813666673601,0.9314295902183574,0.9454551004068696,0.9211781782321178,0.9320394718716063,0.5449058751647806,0.4776909381534257,0.4517906446837069,0.4995564701824557,0.418079435976014,0.47570613375362863,0.43574605735625543,0.3944195297985117,0.3801875263314076,0.9645047822570548,0.955545407289663,0.796709237022655,0.6795751633986931,0.7222222222222222,0.9494758671806293
1,0.06829891530053961,0.845693526821727,0.8876591662744143,0.9026067329715401,0.9446703263228287,0.32350324581041007,0.6697135034394601,0.6531278924231558,0.6556167628229161,0.836101833684701,0.834544511081303,0.760860133085634,0.8102127655434883,0.7614353589609322,0.7833498746357402,0.7624507149468382,0.7936958935791615,0.7047186920535792,0.8319037602729664,0.764473620821487,0.8324193990560689,0.8904669646769001,0.8121218576138537,0.7635197019706103,0.7891291576055496,0.7506450290192984,0.8000576923341254,0.34094134438605045,0.30754929026401134,0.27030664784848446,0.278704514405267,0.31126227941791823,0.24483110941719113,0.08287716791207722,0.06464020851834115,0.10940479435335006,0.7896681249513998,0.8066092933573344,0.6467426816499167,0.4607843137254902,0.6388888888888888,0.8672566160851858
1,0.47849340401434315,0.992143680193449,0.9960345649487972,0.9911773367721644,0.9702004821577097,0.4535489184862322,0.6383953522879499,0.6512393404191051,0.6557820763070178,0.9282654611025013,0.8930585509945022,0.9026133837818289,0.8837699861238599,0.9150351151387488,0.8888801189213403,0.9351227572390861,0.9255982286202272,0.8922870809824076,0.8763082480711896,0.8971025566103122,0.8823026593463776,0.9158321316115258,0.9182429321957484,0.8748505157557487,0.9048475136322484,0.8802841346629292,0.8748305662050534,0.47066928616056153,0.5191582270437771,0.5153038608372672,0.4933369487132449,0.48166170235850997,0.4534938544069843,0.5000053939069236,0.4639751165879316,0.49804082779358694,0.9432932737381213,0.9472184546250555,0.7839561773880979,0.6325980392156864,0.7222222222222222,0.923158420599833
0,0.48205170688555166,0.3110283448773644,0.25916848670031,0.20468905158785242,0.3043420905520671,0.49070993567566623,0.3911575338690467,0.6570793524494462,0.6986447900605015,0.3098839607698415,0.33025395358138177,0.32728417205571614,0.3378648839493231,0.30608967004790183,0.2984685205091305,0.31271423817248145,0.3259291183403937,0.3142182415829649,0.2925704356938944,0.3093858986491579,0.3428166816062177,0.3276082338246844,0.32637866720871994,0.28202247457584306,0.29170570995516326,0.32313784917287286,0.2855711847755945,0.527487740070204,0.5489905273268029,0.5059473701897887,0.54695414678277,0.5533923509177717,0.5069591807511433,0.4946398472282755,0.507268775843183,0.5431970592115636,0.3170089183685207,0.29236109534826327,0.37957972116656535,0.31948529411764703,0.1388888888888889,0.21284232665068328
1,0.2869268185026297,0.8312126229680183,0.7495923294209009,0.8273424578593283,0.9713318747053907,0.4464791007270666,0.5793093655669422,0.6602970745696124,0.7752730671211095,0.9113140806890178,0.9128276256028167,0.8954112307338408,0.9104404276263762,0.8878719213530036,0.8828621910929929,0.9249458129382374,0.9309366173990584,0.862087026131801,0.8838612700809213,0.8805150411499918,0.8715356063374531,0.9326333845841408,0.8911966508682578,0.8482565063075803,0.9058664126343267,0.8897310357973192,0.8563934308895129,0.3790577705022179,0.4027717020797143,0.43344920545130033,0.4819126428083613,0.32726305015548673,0.44669272750948325,0.25398511530853074,0.2611401918120425,0.23303923131907478,0.8838565555466987,0.8733568091704855,0.7316466058970632,0.5314133986928105,0.7222222222222222,0.8883744607813457
0,0.3854682977788886,0.40427488638490006,0.27537147157159614,0.27884557794054304,0.35605225009974084,0.2949054446255056,0.3419922270454558,0.5922612065282088,0.4395010111133247,0.21993014986311765,0.2682371651736374,0.2496849279432108,0.2733071367695625,0.2569284784244406,0.2513784116195543,0.24011713560489079,0.24438544145076266,0.2917316023567966,0.23119293006966907,0.23642600953453724,0.2745549479525647,0.22043613262962042,0.2292785797617883,0.2873030165322948,0.22669300952722118,0.27357996951186403,0.24818183705925173,0.32669380591931274,0.38517946360085287,0.37588152454519935,0.41904650158585594,0.33681602396597443,0.36388494616533745,0.39882415809718125,0.37146137728255957,0.4207517119127694,0.29802564997766723,0.28597020125959705,0.30599135610983885,0.11237745098039216,0.0,0.23871862361809137
1,0.4183311012334273,0.9368009517967495,0.9395908454837306,0.9465102570918681,0.9501041174757276,0.5843964061161817,0.5963153888842305,0.6366053249555762,0.6204739204316961,0.9131551468885668,0.8221754478549478,0.9057516898371041,0.8290044896754072,0.9174182097524385,0.8391825712912532,0.9271443907688093,0.8923682026093565,0.9263541477605617,0.9078514902688768,0.9074670257724249,0.9007830273553522,0.9147776510637803,0.9190590488494873,0.909674901168331,0.9033716179816106,0.8946398002221246,0.9063321961566204,0.56520178420125,0.5077084701875553,0.5197351916109334,0.5291854280263945,0.5293299070039471,0.5271398586396414,0.44489608619712573,0.4319486796076529,0.4931161263606623,0.9232323441342208,0.9267250998493939,0.7799136682755508,0.6466911764705882,0.8055555555555556,0.9218670020516979
1,0.6933513562583968,0.9189926211703116,0.9228358309928787,0.9128202379785992,0.9479281346823454,0.5611770348160959,0.7362104747693152,0.65844143369007,0.6105933247790261,0.9321924514664308,0.8647062808123968,0.88867763544871,0.8945670520399845,0.8783861887040544,0.8885843522401313,0.8987781435552011,0.8740547654323717,0.8827987195941697,0.8467741797605532,0.8707358310237756,0.8562718397773069,0.8160234874749829,0.8604969516003068,0.902739222375417,0.8684079125824496,0.8368361156771378,0.8391845668741577,0.6998482938665509,0.5156369041718041,0.4908325731482639,0.5672705168380464,0.4484385742685743,0.7248939941024107,0.6999393560176399,0.6880613122372017,0.7014860217124225,0.9021494667247408,0.8995309653713752,0.7983183393683054,0.697140522875817,0.9166666666666666,0.9385102137027538
0,0.411804335493864,0.37847299320055944,0.19557564532541188,0.28559908117535115,0.31359866503465644,0.47415546868705627,0.4557143624855977,0.5830001708595803,0.6542096561040316,0.29418293922443495,0.36550248286248277,0.2986561020513485,0.33720041870992884,0.2698529640206047,0.33050710192743393,0.27865015904512913,0.29901674695398434,0.26810862875845565,0.25203802519802476,0.3200233894293529,0.3087542426058495,0.20555675620799493,0.28665659275783295,0.28753537418958003,0.3036777669293089,0.28342345490465914,0.28300403834614296,0.4944283471555918,0.4886825447355063,0.49837906793889025,0.4754673774612209,0.48608856184340254,0.49244914894037156,0.3895685636571223,0.43132771627948907,0.3253503371907597,0.31859308476567905,0.30224625989859855,0.35303679870727017,0.23010620915032678,0.08333333333333333,0.2390206066406563
1,0.49461525211516183,0.9950591841995717,0.9973369751878532,0.9960442224754076,0.9757688962236198,0.5132183045827565,0.6895441345334969,0.6590495910470502,0.7013740723443358,0.9444480457845005,0.9246248674628064,0.9306346253453992,0.8935942847038291,0.9294302848122836,0.919057579085111,0.9192743880504877,0.8866002360831337,0.9042740734823744,0.9143238366848357,0.9067901355417995,0.93101200485581,0.8912451341264914,0.9150784785765242,0.9245881602522987,0.9034427024676189,0.887165183558615,0.906189338769077,0.5036004831750894,0.4960186679729389,0.5249244747950731,0.4999247166824252,0.47671077175249593,0.5069100056003925,0.49848296309350787,0.5208940379882856,0.557980611588066,0.9483227325318196,0.95408854097663,0.8006800135476003,0.6865196078431373,0.7777777777777778,0.9320613628631
1,0.36897666808156676,0.2653025637189438,0.14831427946773396,0.2317328873630205,0.41942348598368256,0.5508074904960776,0.468663381274296,0.7062165449689943,0.7293327242506171,0.3175961403270267,0.3047671784120965,0.3248146558253143,0.3104263521175931,0.33251840210758676,0.3054720194277031,0.24555858640196623,0.27486564284019255,0.3038543756643061,0.23362714899988565,0.2808830934030372,0.32042193171873873,0.317481948910353,0.28123255645981377,0.30934233190707966,0.26800286052417316,0.29135602998840465,0.3053192155971808,0.5260224759129232,0.5010718200935413,0.5184922583240062,0.5387975254608894,0.5093425796553765,0.49614351914426946,0.39302324085816037,0.3663601745796491,0.335740517213776,0.27855860198207477,0.2799854190833663,0.359338231812445,0.2810049019607843,0.16666666666666666,0.18379440537027475
1,0.334079113584825,0.9969866368684721,0.9957788990279438,0.9979715755510673,0.9808163044308632,0.5503771199007137,0.7509542362944285,0.6598953443453741,0.6985632250544425,0.9647161545465615,0.9062877583373368,0.9296907623383586,0.8634339955999252,0.9321262878426084,0.8386957998527989,0.9861780913837985,0.941754723974104,0.9501312652148289,0.9639701436871784,0.9672259637974268,0.964231582948682,0.9316861163128782,0.9532256980883115,0.9733138529824291,0.9589651124244025,0.9635410873576243,0.9715163501911536,0.5936887839862607,0.43620349854776536,0.47535427654670714,0.5909795521202539,0.4810421517507272,0.5221682033633943,0.37916828772591216,0.38004519918043494,0.29456766010429436,0.9709518301968764,0.9685906707968609,0.8055559362863716,0.7260620915032677,0.7777777777777778,0.9360079015452024
1,0.2958193225081001,0.9958198685224451,0.9922877088567056,0.9943817924018029,0.9703091530430195,0.3799825236476917,0.6888855463128858,0.5508337937981856,0.636506610826065,0.9598909427167831,0.9386988711771476,0.9227098795259622,0.9162209564145363,0.906549317355163,0.8917404071392495,0.9709961574383703,0.9191170379578919,0.9262581325397333,0.9109595639381464,0.9224639573812305,0.9076582533521222,0.9457585834228502,0.9045052976991865,0.8943568169549466,0.9097570152241083,0.8849431484937018,0.9017730812337031,0.3591318362159167,0.4047053115433452,0.37501540880363926,0.4233207469282731,0.3315868649205611,0.39816320724449794,0.2992262953906008,0.29436631825799103,0.23078711775381314,0.9631753018289259,0.9580914030487486,0.757111241774688,0.5525326797385619,0.6388888888888888,0.9425458942797178
1,0.4698268721817788,0.9053125211432794,0.7859613148155327,0.824387006354464,0.9737193233694191,0.5154378032119302,0.7579159373400106,0.6722194133752758,0.708370203152609,0.9419180187152069,0.9475063739239136,0.9141017097480424,0.9234775048947572,0.9136881630285153,0.9096553103027502,0.9434049150927767,0.9069705297242836,0.9010971193454177,0.9106784954250972,0.9253761948275258,0.9186829517360185,0.9456785787143868,0.93106478795757,0.930998829602413,0.9154405570639353,0.8969716851706455,0.9249896507643787,0.4492677336448242,0.49419520385052235,0.47290108094745287,0.4757670649732774,0.4243816057463667,0.48868812692946323,0.492677044324364,0.5515913678226709,0.5918606602299216,0.9209397153280329,0.9001788630734155,0.789945534563492,0.665563725490196,0.7777777777777778,0.9363622122308926
1,0.3810521733830149,0.9974171330528738,0.9964609977897586,0.9963306873476817,0.9698371792831422,0.46762567371599334,0.6673013065373052,0.6137053973034592,0.5432790925475177,0.9569705583341521,0.9340580943367277,0.933310462098851,0.9039695647204494,0.9139847033576813,0.9054169850233202,0.9247393797097045,0.9369391291993775,0.9118925292410918,0.9419869220314644,0.9131926405232725,0.9190759224323801,0.9464736206452616,0.9194429045781101,0.9274293270513303,0.9081183714039552,0.92009917845186,0.9111993823117532,0.4858034846477129,0.46667089678441454,0.44558267004290925,0.4358690942865557,0.4421401049875067,0.4338078471074809,0.3767109582470682,0.3964612676642159,0.41161592272651504,0.9518223249538099,0.9531564731133585,0.7814172269543512,0.6101307189542484,0.6388888888888888,0.9474151836976696
1,0.01608242335961605,0.6327808510174775,0.5943106379577051,0.550835401603045,0.8928325360153027,0.6362984750950361,0.6435175633753158,0.686008912990204,0.4271010709618121,0.9299712391606807,0.909942342813798,0.8677388223265762,0.8639753605036775,0.9017275058979276,0.8761052022439308,0.8891887404711608,0.8560739857187533,0.8713696968662447,0.8940634915099774,0.845304039679376,0.7583059078428337,0.9275076140837523,0.8306457398545436,0.7798896563611961,0.7041829517353049,0.7603666076102372,0.7530215288308383,0.5377764110444598,0.4971989247894437,0.48389053833742834,0.5072736504795637,0.5018894593849295,0.4299626631003431,0.006732226733816224,0.010565242933563458,0.016058991878665767,0.796569471271738,0.7684542642632374,0.6718312160747445,0.5450571895424839,0.7222222222222222,0.9096676846546679
1,0.33864718452254416,0.8844300203492714,0.8446713026867846,0.883530804960532,0.976524187322069,0.5386924679534073,0.61665752543359,0.6103647085732488,0.5647717015593068,0.9599742540626955,0.9519046566084709,0.938887176386326,0.9277252138504382,0.9340610206536258,0.9062278813982255,0.966229624540369,0.93022142048294,0.9085036197242021,0.9301516121631238,0.9035772559139681,0.9223738199892125,0.9713724190513379,0.926938944046777,0.9089498313443387,0.9286284359055549,0.9256836830497626,0.9362618279324244,0.49067046059953323,0.4803055319334884,0.4811885723569113,0.4932703437732523,0.49381996820244434,0.4939230817238102,0.3295884763293245,0.34122782380135624,0.39869291581041116,0.9298489404253222,0.9214277293780249,0.7766820733865252,0.6340890522875822,0.7222222222222222,0.9385488266041095
1,0.3209927037737853,0.7977850851937689,0.7397583339392986,0.7519539734973015,0.9761702548170833,0.5045807203738303,0.7114645062994067,0.5983629661435208,0.5708879872532445,0.9621241838819081,0.9387999027553496,0.9545549755143874,0.9318415204674066,0.9304836257244897,0.9338751548463817,0.954584747960546,0.9510140093698984,0.9393359596510072,0.9102490775514347,0.9325281301466859,0.8941127179106056,0.9508855003890431,0.9420089205224667,0.9284555249460723,0.9260259370941168,0.9301587403775365,0.8997230198513424,0.5662630993655094,0.49890578691421916,0.4562147379229395,0.46136186293056775,0.5009709330355574,0.4804753019821633,0.2922821397063277,0.33306108482675806,0.35530485472176127,0.9023082695562342,0.8778724815780988,0.7679560442113437,0.6371323529411763,0.7222222222222222,0.9448657446161198
0,0.6521272240709745,0.3975329241716397,0.3383216278204489,0.4176582596873951,0.4179432323497135,0.5379303156925986,0.4958885039873998,0.7132486570708946,0.7150218996087756,0.31828166258289814,0.3420979449620127,0.33290651712540376,0.3401877082050029,0.33511744690659107,0.3743323059545735,0.30239780196886706,0.3294103783700932,0.34082856437628367,0.3340559833723098,0.3047002557905076,0.29437270250540015,0.29441762809363015,0.3138086838869791,0.2937985161122786,0.34644292363737295,0.3227843306914574,0.30679182341180194,0.485532733142402,0.5042218614926279,0.4977932920819018,0.5116858946426335,0.4941609069825503,0.47175094728417644,0.6556985069648205,0.6253719757459555,0.6444151958838813,0.34427908108863686,0.3571225899719794,0.41371787871529175,0.3726307189542484,0.2222222222222222,0.2589371574017025
1,0.49316485495003554,0.513998135620208,0.4318063757985344,0.5256156505214806,0.473787541443347,0.5501009796971371,0.4644810091494818,0.6772023516014979,0.6932112023967357,0.49392827536846173,0.4366058127759155,0.41231660329309233,0.37801524340822,0.40556434208534203,0.3559182844216201,0.3935691713816615,0.346260212126922,0.3646897207606274,0.35813543213223853,0.30305656157652106,0.31526902886891556,0.376208893881887,0.29313278114510155,0.3381455468864477,0.3811066424948478,0.3838535038709266,0.36853951726787615,0.5284599452278493,0.5612786282728212,0.5102122909688112,0.528543759810626,0.5726570018688832,0.535038023038198,0.5157772061085099,0.49858878783086913,0.559716614713319,0.439961303431654,0.45021278058035696,0.44412053111643995,0.4290032679738562,0.19444444444444445,0.3451063812727814
0,0.5109798115378614,0.510873989216686,0.6070018038104499,0.47613457002652676,0.6187759148606036,0.7512305310471402,0.4738374382506131,0.6152718654722418,0.5788054983175608,0.6049977045181943,0.6288510495846731,0.5324232930689294,0.6088337482840731,0.5547812257709646,0.6552731294871045,0.6386428438111208,0.5738433577284198,0.5886155820224758,0.6930089856099095,0.7156681183732422,0.5341302672233443,0.5326536171093754,0.666412180974728,0.6238404080923403,0.6417659601928228,0.5197818157945447,0.5540021783029814,0.6592846348609376,0.6966249473959014,0.6702066097901821,0.6519074135763755,0.8305623462211182,0.6972714979177853,0.4906966415347544,0.45087881324866663,0.4620041257065157,0.5606467086989121,0.5425711843788456,0.5986713256545192,0.6079656862745098,0.5,0.6211863533118132
1,0.6102857324666168,0.7298170664027548,0.5930250975761132,0.7230510477972752,0.6506954134179603,0.6755733092620362,0.39784886356122934,0.6683492310131017,0.6472994268808048,0.6468656258596067,0.6898172748314061,0.6179380989239412,0.6644881629188497,0.5877654146572255,0.6595861807733622,0.5222167148833189,0.6532047221306677,0.5052713198651324,0.6113923563027331,0.5495234630756197,0.5262453729990034,0.5098815879220769,0.4574595646683373,0.5602368176250594,0.5220731824198546,0.5689161966446555,0.4322929691567212,0.5389809926815988,0.5392523769194258,0.58349991922682,0.5295132148421229,0.5888156307976142,0.49220132672493166,0.5563484913484126,0.6267184858696015,0.5918177608968044,0.623323960070005,0.6361576685329032,0.5836814799723764,0.5896241830065359,0.7222222222222222,0.6542206676022574
0,0.38570091447502025,0.21320022808693198,0.2000711101284473,0.14664871595567658,0.29816655434434314,0.3764691779511788,0.3356581943581956,0.5762524414541422,0.465687299032039,0.23287775320284684,0.2516440480292209,0.2380231579097188,0.24501729735899294,0.20578854259054805,0.3043484518632626,0.27564498541491467,0.2756031985192426,0.2027432819357399,0.17793444184798066,0.23925245316012247,0.20301216645695114,0.16407311961357374,0.2081427029981762,0.22314004468448737,0.2146668619968951,0.20289523300155682,0.1859636578855583,0.48470592445719396,0.4064297464572797,0.4103677999360923,0.38351994594203087,0.4227547315496639,0.45478815496918806,0.41037819063722003,0.3879752525850316,0.39946010134620424,0.2422894571371885,0.21586112599155802,0.28820632483217284,0.10126633986928107,0.0,0.21327977720552227
1,0.5389914099559381,0.4446768635589984,0.2593927274453929,0.26727969848567146,0.5125689973747654,0.5131137349220753,0.5536274698038596,0.6573818797678725,0.6603924755413969,0.3149494781836132,0.27920456636855456,0.3639370948222823,0.3233036199940782,0.34225799133982193,0.31879568137962205,0.2711414039083187,0.3043304358083569,0.306287122982466,0.3008674121345065,0.27401425133900403,0.32533056151687817,0.32131803917163543,0.36102156125166673,0.3175199620807918,0.30444817087505127,0.2945228192650085,0.29519355822107574,0.45810315225026216,0.47326102451635865,0.44504195402993707,0.4276217023842986,0.45455249250358,0.44358618973745323,0.5620734933067589,0.5624217866544232,0.5730920917766659,0.35991845409653317,0.33785861042301857,0.3893049528206864,0.2936683006535947,0.0,0.3044312870912407
1,0.674963937798845,0.9520531591723657,0.9401210363684818,0.9368352477034334,0.9669537204993776,0.6097936115232656,0.7258487844241593,0.6968709346445269,0.5966481197952189,0.9548524948218304,0.9491366956297792,0.9318201953490197,0.939687586067665,0.9327689436834167,0.9447203779566813,0.9423504950724957,0.9197146170166748,0.9051504362905399,0.9317091222952073,0.9192316888636594,0.9095100362254286,0.9459328440699263,0.9183687064215851,0.8853600862199629,0.9014918103608117,0.9083681162674752,0.9107970826507504,0.48646145630868914,0.5090667810245137,0.493584112902329,0.5194530583038609,0.5016174803789597,0.5108440317289917,0.6824783813149492,0.6454584498073191,0.6798229624605162,0.9420746165312938,0.9391656081961463,0.8189546092594712,0.7392361111111111,0.9166666666666666,0.9446625951056222
1,0.863498274538596,0.9999001424309011,0.9998767998743819,0.99993273294589,0.9504016893210882,0.5690756354550676,0.7748749781697677,0.6838835030755652,0.9443797612159696,0.9611668245369407,0.9301187712884044,0.9464450870307083,0.8615613577570864,0.9537356705696507,0.8791343490444928,0.968407535677653,0.9093719590023732,0.9368610802699078,0.945202880518093,0.9198973611437159,0.9193801711843999,0.9156437135130265,0.9118809320758301,0.9542811533419496,0.9181956019427884,0.9199576737652009,0.9246610819018931,0.5902225906426489,0.4477866522354754,0.49540272243072114,0.4963509796444859,0.5749811411995003,0.5447963638734878,0.8272913891202751,0.8504323108355665,0.9060165796091945,0.9715842550464208,0.9736842337309606,0.853154428076045,0.806658496732026,0.9722222222222222,0.9329657931089234
0,0.40911466967896154,0.13132525153434632,0.13513664982062315,0.16465865879074754,0.3588976279562233,0.4087067605096935,0.4258946477217432,0.6052169594183122,0.48418319104451607,0.2832466931842041,0.2261168395713601,0.27020950328810645,0.23284810805752149,0.2828283827190846,0.25839259172221485,0.2648868080104535,0.26036843772984664,0.34568516959424817,0.302882169787859,0.25619931804850865,0.2734794834639556,0.2832422425299955,0.27458756253484595,0.2795868099256168,0.2513637454933803,0.280453300051296,0.27702093560873303,0.4006071004963153,0.431905949021494,0.4165574235275457,0.46004463188691136,0.39092694355364505,0.43017114957913294,0.44178485548182783,0.3864402263820755,0.44281056915457206,0.22214052094430206,0.2227817208685477,0.3180037411100109,0.14530228758169939,0.0,0.231029075111455
1,0.6856672661745634,0.713424762578308,0.6835101305476879,0.6731657254375906,0.5747574496847143,0.7806205384942527,0.6089462440389349,0.7077599477778258,0.7775430833777649,0.6944439250217583,0.6415845758422917,0.6880883552100112,0.6193124672487059,0.623871377887151,0.6094493654658439,0.6362865402356335,0.5314778124143587,0.5550659549644499,0.6514874972894352,0.6186030060805243,0.6334736294720851,0.7039972432058158,0.6279573352302061,0.630182240429813,0.7113570343966291,0.6325967111744655,0.6174818363967255,0.7779032938526781,0.6468586125836842,0.6962186639698984,0.6184135123275453,0.7532409289087856,0.7095930230893347,0.6765377096818919,0.6975071463865378,0.7663021536114916,0.6792665526746507,0.6669673522697387,0.661414008198621,0.7102532679738562,0.8611111111111112,0.6690922446225894
1,0.7713419421737268,0.9838691867885467,0.9838042831611205,0.9842052760121891,0.9681748054390374,0.6827429061401667,0.7615145288627366,0.6931740564373103,0.6674472540742735,0.9333595175255311,0.9000556734995527,0.9094557473379921,0.8642264198297995,0.9068907194543068,0.8580259021414924,0.9285432738271051,0.9148055531804239,0.906163133780646,0.9082715857319503,0.9431538402690415,0.9028411640681194,0.9615159385924466,0.9398106482499727,0.907585778593785,0.9230829245610357,0.9100617460636367,0.9113311260768953,0.5773115447359094,0.5453725365184516,0.5667363532156591,0.5626246304243894,0.49749754899258186,0.5795394706244997,0.7881577265988633,0.749173815644191,0.6996877976223703,0.9406227359845479,0.9425928406840279,0.8352133553448154,0.7883986928104574,0.9444444444444444,0.9344683127637706
1,0.3865858501439569,0.22575597369976733,0.27257518742068687,0.2952814701721754,0.5682486975523364,0.5291695643472761,0.44061497834917224,0.5758132032640808,0.5679126815455815,0.36868355626052374,0.4307937581233404,0.3444840305558288,0.38160446247849267,0.3284575602897426,0.44524644659741613,0.335038964383695,0.25301726470556457,0.31859864022695433,0.3306475681811509,0.2930770983762901,0.3438119706489219,0.3520591861431617,0.34859613364752523,0.3568570385665462,0.3365664308634552,0.32242106124454667,0.309288590492418,0.47584402491976796,0.4634878930642959,0.4619214052554096,0.4820071555322725,0.5051789665616213,0.46450694920519325,0.3949041876568652,0.39546052675175475,0.36333987764656617,0.3017596562130971,0.30580359982024186,0.3832768045347951,0.27369281045751637,0.027777777777777776,0.28498236851890413
1,0.572674948804065,0.9997309053104756,0.9991105149240458,0.9991148227742019,0.975425118963567,0.6528558631609457,0.8656163581565447,0.6476110947159316,0.5337113446650035,0.9732145329089523,0.9542814806248046,0.9592964181036425,0.9257071304777764,0.9327509666412329,0.9139826491297367,0.9610031263917277,0.9750407878350084,0.9045712419906389,0.9467447060407259,0.9616646132248801,0.9288314878460604,0.9614170735555609,0.9549422224243664,0.9304915395418808,0.9537252685884313,0.9362340287267781,0.9527685836323714,0.505158672343634,0.5003358472436038,0.4872100172929391,0.4744883587805709,0.5016418796882044,0.48629140898891426,0.666325907334492,0.5617546497276364,0.39001607136463073,0.9733434832686152,0.9703792478442562,0.8253273071868175,0.7564950980392156,0.8611111111111112,0.9582438200351986
0,0.4643028762930063,0.2411378489331379,0.2445691405076793,0.2664801449002566,0.3862838503409211,0.547327376459401,0.49090691566370337,0.6830927289687146,0.7569133494816248,0.34171032439222826,0.4674175813126567,0.3529772471005225,0.44626148143628264,0.3343781222636367,0.49607168046254957,0.26688852037670785,0.30908733936349153,0.3170334857212983,0.3198020987144845,0.27812088898062165,0.3145239077363896,0.2703547657479204,0.27732261317587986,0.31194189979805637,0.30887733444513116,0.3127038452190448,0.28479083167416114,0.5631550824077541,0.4971907555220447,0.5302869016797042,0.5305245746472558,0.5332191567613168,0.5281206228207054,0.48983999971698383,0.48590245092216333,0.47079828869816753,0.2870012054701227,0.29237237671485233,0.3955813014086282,0.3542483660130719,0.1388888888888889,0.24025305460619437
1,0.3987349135402363,0.34760446792261934,0.30563520290177115,0.2735862067022185,0.4396892218795851,0.5116195168299381,0.4209766571579626,0.6080068102383659,0.5387601988520582,0.3628453533247895,0.3905227903745024,0.38766149586911847,0.34740040877660816,0.3749101841669774,0.34338944750380385,0.38248079012459907,0.42478546234764486,0.36846708469863476,0.36842299589085176,0.3872434651092054,0.4040384763605712,0.3574556445072023,0.4024320134296039,0.40920568996265205,0.4419421173102068,0.3890912174522861,0.4046084510793406,0.523368838295578,0.5368772150426845,0.5094284482999335,0.5079599665542657,0.5154050853634778,0.5037406632184874,0.3741086117519519,0.4034633103428826,0.4452664924690696,0.3725822513054456,0.3532486289571065,0.4129164046380523,0.35196078431372557,0.1388888888888889,0.34424566812234664
1,0.6650568551299743,0.9801364332916764,0.9799187540271387,0.985709820478769,0.7897007517108136,0.6516889043800047,0.6074702470313783,0.6664442362625743,0.7664342004569822,0.9031163845965423,0.7508163220115818,0.9017429439684795,0.782277004451698,0.9168788455889831,0.7756318012445818,0.9761696346817071,0.9281450018742352,0.9628901603061554,0.9380773468218448,0.9342957441785623,0.9208978706907923,0.9580700345674534,0.9097787314448483,0.9515988614130954,0.9196579420171181,0.9391393161971555,0.9566363105953075,0.5931220807019942,0.5273219877180556,0.6144674957609283,0.646835281264394,0.617955764171756,0.6380821565478196,0.6362524627203204,0.6688859843340189,0.6707385753499109,0.9526830039806211,0.9521275356019231,0.8211890236745846,0.7987336601307191,1.0,0.9066674462609007
0,0.5312014286836001,0.4728912328688004,0.4195332462632269,0.36378745095653875,0.3587262243525297,0.384104218785169,0.46009391074666617,0.6126852974148629,0.6120921400543493,0.30290303230587284,0.6075851672167559,0.3147757276320364,0.4847449023330362,0.32875447916498135,0.5107676752987851,0.28920740933166983,0.2777833585759265,0.3171927394957326,0.2851875704543964,0.3087503926020481,0.3633849802970277,0.36908639841325885,0.2873165721750549,0.30845865608797285,0.2871786938660858,0.31460632058587823,0.329525728675652,0.40252964289548543,0.44434989382803786,0.4291164802439267,0.4612719886613614,0.39625355525370787,0.43268807365061024,0.5233931519590771,0.545892952937334,0.567918348296607,0.35895812327750226,0.3538832599908054,0.40064509066190973,0.2825980392156863,0.0,0.3222385887019282
1,0.438494530167012,0.9703919949394034,0.9537236437838608,0.9566887745045168,0.980328931962461,0.5421273194519504,0.6800080659312324,0.6312093563001124,0.5711908243759186,0.9484314195736792,0.9518495621265254,0.9349902779574718,0.94561678285366,0.9213999237126729,0.9326122452546814,0.9647580484045293,0.9748376848939965,0.9415763648581288,0.96265722835133,0.9425047958326995,0.9689616957677815,0.9582899119761477,0.9489784673245155,0.963407733059638,0.968734657143542,0.9589751022999737,0.9537368911045203,0.5098005218547736,0.5037544777824704,0.49150605630830385,0.5167676859314548,0.4569269945003223,0.482781860782885,0.42348575673428557,0.46432965046514896,0.42716553501547927,0.9567134404338015,0.9496458039037188,0.8074293619247591,0.716421568627451,0.7777777777777778,0.9463974654367628
0,0.5501185876256598,0.6070338894444853,0.5769082393569505,0.5446905136948598,0.5616505365582855,0.6766001200967525,0.504056810474452,0.7140108279991509,0.7248553747062227,0.33436565791228157,0.47691083572826043,0.37178277653031044,0.4945684302020538,0.35870693234439893,0.5075505576424214,0.34459803357404306,0.3413586611520369,0.3465244751848356,0.3394012747169654,0.358240587199642,0.3719732340389075,0.34215391967361136,0.35118738749950246,0.3517996341849864,0.389447782883933,0.3893908151416076,0.3669422149836683,0.49089231786134635,0.5386495477347556,0.5361074737054267,0.5116941952062328,0.5231239962312257,0.5054329250511913,0.5194011429029944,0.49354551755855824,0.504193078262577,0.4411382331829463,0.4453624291176195,0.46111687699085735,0.4507761437908496,0.16666666666666666,0.32774001258280094
0,0.2461685039343342,0.1335989586391145,0.10992415760134056,0.11367161025751757,0.21297783966319464,0.41239629821568274,0.29406131737721575,0.5,0.40474550448307695,0.19816788195766216,0.39753792502331525,0.2236824517732577,0.4238382254709675,0.2281946688264457,0.46461603395311996,0.21222586798718554,0.1571121383267286,0.12635454549438385,0.09633326036757238,0.19447140942393445,0.19261079712902257,0.07005601034923147,0.19862747618172785,0.22136669993975247,0.20576125334659257,0.14108444218071214,0.1842716404130147,0.5031862778416254,0.4440729278829002,0.41546923016070164,0.40811287585754236,0.43092015736633177,0.4135272040077705,0.2311402531037812,0.24205919761609723,0.30107810068353946,0.18983575946651923,0.1822747114967042,0.26038972646362984,0.0861519607843137,0.027777777777777776,0.20937345951679334
1,0.33875739905815544,0.82677575242319,0.8051321910749794,0.8641479607214027,0.974043023529677,0.458274804915551,0.621765201234919,0.6390815863184842,0.5832516124577402,0.9603160417438014,0.9415744795894068,0.919551452800586,0.9198779788137618,0.934565455229136,0.9140083958853822,0.9620888869265078,0.9061068542692212,0.9178054632472119,0.9249970076034416,0.9334695543505193,0.913135022986586,0.9490131758342369,0.9194466650991692,0.9235485479335112,0.9085528323319937,0.8944969749387558,0.9068166307243549,0.5082754818468596,0.4561222746089128,0.49285179520451716,0.5261984789849513,0.4506244297027767,0.48251010615764217,0.36723699638904733,0.32517667396505323,0.34628962895890597,0.9028053640500947,0.9014259016201646,0.7673125662515405,0.6134395424836604,0.75,0.9270926400980617
1,0.3830090923287141,0.21381021176319362,0.23754256603383744,0.2502392789566362,0.4289068574631378,0.5081937053402568,0.38082908272823,0.5975938272852102,0.4657385653754379,0.3724138586810972,0.39067850895305467,0.37792732897028547,0.34630173033489303,0.37804382980021894,0.3983619823791632,0.3516041675818213,0.3744584903666528,0.3392279432459279,0.3395750141332065,0.3184332047184935,0.28901523061714945,0.276707254498179,0.28269594168546464,0.2764262795424384,0.2660929903747039,0.3288263560343113,0.31572166002478963,0.544511952500396,0.4810621903275385,0.4992422783582599,0.4787185055003524,0.49780145958868516,0.4993783228968399,0.3538907079217545,0.3824453192998897,0.2911599637655687,0.3144472361051001,0.31432496341443106,0.36739494364448916,0.26111111111111107,0.1111111111111111,0.30405134401632933
1,0.7475140618120975,0.6976531273357095,0.6916552545701641,0.6797741924183659,0.6221555089343908,0.6487302174317371,0.6828737405592428,0.66688234994861,0.6062360803930147,0.6354774037911501,0.6092377751421092,0.5778140246782149,0.5141103908017772,0.5323544638767737,0.5461963005707589,0.5773349632080067,0.44729806667003247,0.5091931942311604,0.5077905441838318,0.4412604068478594,0.6287003568728675,0.5090593132752131,0.5745279625161106,0.5959405685228806,0.5794025316591623,0.5642111522483119,0.5515472333087481,0.6603985252201893,0.6116488741593447,0.619393531372556,0.7101622689248775,0.575759573204575,0.6547616548429694,0.7657286722351001,0.7915399302232431,0.7904200231742006,0.617600705073977,0.6129861543034141,0.6088462957560418,0.6621323529411764,0.6944444444444444,0.6526862490504074
1,0.7696574616919243,0.9970614654933522,0.994521464089227,0.9954672598261476,0.8595313839586028,0.7505597701658857,0.7227890189682902,0.7334618331819983,0.8180631818189728,0.9387827016781405,0.9089956211581981,0.9206814517161888,0.8600925491044658,0.9382017041216046,0.8768924825517701,0.9458014520046929,0.9605241675456352,0.9360757154872259,0.9397255270498756,0.9427229529063265,0.8902032325093223,0.9446654636325262,0.9340014972104408,0.9413165002143926,0.9230549158684073,0.9153508409048406,0.9163176045832999,0.7470707179252283,0.5925162635700636,0.6158348533627651,0.5644045504747357,0.6996245444270343,0.6510650836156702,0.7311775211409143,0.7285181656777566,0.7103985519473348,0.9545147897380778,0.9594426666323972,0.8547981837601445,0.8487336601307189,1.0,0.923241133514824
1,0.5753816893426766,0.9999991315398573,0.9999989129211965,0.9999975795740594,0.9453871618961406,0.6291905995986623,0.788691313649037,0.6812320845939875,0.6336212823280057,0.9020317977017281,0.8717491722970856,0.8848122305992202,0.9091050513984685,0.9074206259394435,0.8731487087192574,0.8709538900137103,0.8525510425911001,0.8910688689338055,0.9373173024077908,0.8779710673450777,0.872748797645271,0.934971959946633,0.8808577105486902,0.8883065867811437,0.8571251839614815,0.9052242477167188,0.8971477150808931,0.5164715606014317,0.5376101320166907,0.5444430338683226,0.556950747343688,0.521504988597608,0.5108240365028199,0.5309148941679489,0.5418939209200186,0.5348059242536644,0.9185884173842626,0.9326366915332581,0.7990999879157513,0.7091503267973855,0.8611111111111112,0.9304298469238235
1,0.5439572562461658,0.2899730185979008,0.31203561614914443,0.29802423201982114,0.408921848952431,0.6357856562745696,0.46853478204322624,0.6989161554625114,0.733911888883111,0.39551952552644554,0.5291091152984386,0.37060878451336354,0.4331944089968207,0.353830062612129,0.4212141375142659,0.48754332704296527,0.39190314249220837,0.3737050135710043,0.4259707336462636,0.396683644923386,0.4215414615849966,0.413383432566303,0.40305127877456387,0.4057809433993054,0.40144905796520375,0.4196946872326946,0.41068701482741093,0.5589562517185899,0.5749314128624988,0.5606534394448273,0.5230278372906355,0.5321165913580642,0.5423421134448411,0.5688316354963399,0.5270643066389603,0.5073735745970124,0.38270837671807656,0.359995884957236,0.4540335442921054,0.47724673202614387,0.19444444444444445,0.2922093862459538
0,0.6576103402009368,0.3214087249633149,0.41873711826428217,0.3143473490667862,0.258085997819246,0.3751885186165842,0.4326543366926704,0.653376527363185,0.461886775544267,0.25325031297262407,0.3001198015294399,0.2860401658195735,0.29475345252281693,0.27403610888672797,0.3195564952902381,0.2592466048072416,0.31656260457014634,0.21986288820227237,0.28074773844126527,0.22059117087169905,0.29560449060183425,0.24846039601637787,0.2244049124746881,0.27674361056471336,0.27895350019500104,0.2419179229121116,0.2720271438157041,0.3855594078709029,0.47278404291702364,0.41952018903824334,0.4451021420331752,0.41482461748869565,0.4664949242799941,0.6603828428377643,0.6801476844096397,0.7063932944112129,0.2888984985300433,0.29101579070872885,0.35865883312845614,0.2326797385620915,0.1111111111111111,0.2692888041315293
1,0.8318031233367771,0.7218559642120094,0.710326552860321,0.6220045962197663,0.6925418801671946,0.8153766345165323,0.7403141635635228,0.7536743745071579,0.839246439874446,0.6344722943890528,0.7222883488407642,0.5935234322643462,0.6767963468025664,0.5973108445803147,0.7797050317531914,0.5984852648327741,0.5979176523346191,0.6669777107488863,0.6316552379680548,0.6546778326353543,0.5949558142954279,0.8661370978197555,0.6273797221653142,0.6427123716451505,0.6165393391082504,0.6634049111066156,0.6472409889461409,0.5573114191939577,0.6621846947782033,0.6215291447753006,0.6568687694135047,0.6531031249104899,0.5425975111813296,0.8427553208962121,0.8428403115820998,0.842130237111717,0.6379548871030433,0.6266360204218422,0.6838537696559163,0.7255718954248366,0.9166666666666666,0.6833812556363326
0,0.37555818563270726,0.2192019668267775,0.24479508943167758,0.25362696737114876,0.39262857830724507,0.39140943007948686,0.31447241968741657,0.640547719374501,0.3247885304267396,0.2302675591282307,0.3232307660689061,0.2483722066970552,0.30550491309323824,0.23176751059635184,0.2886666642892283,0.19890434125458553,0.28343286947603447,0.2955051907570996,0.2590241055199223,0.31342428093385916,0.23460186144664563,0.2939252146667922,0.30185085772800685,0.25074945765382634,0.23287079726916188,0.24223304288323225,0.2613083369097932,0.3363976416198213,0.3432291296197117,0.36900871685736564,0.31498863091515333,0.38173470602882953,0.33814064983206576,0.38913717417521665,0.40720202997279464,0.3953581688888835,0.22215950492613942,0.23037459854918377,0.3048818359416255,0.12058823529411766,0.0,0.23886335388115806
1,0.8362163837075078,0.6193092950293086,0.7091348751920408,0.7541648966704096,0.8118624858536274,0.7856017865491225,0.5100057258725501,0.7260978306427692,0.8847132709043454,0.7202413475602167,0.7508951290993945,0.6796091258483785,0.7165638212982428,0.7082666072949492,0.7047555321059197,0.5756306841742903,0.5998650778895847,0.6976824697061158,0.730642931058456,0.7573862311925011,0.662284670208971,0.6890123982176108,0.6729002682433007,0.7008610401835268,0.6522119552407186,0.6234681544866637,0.6074796690915218,0.6759605836998173,0.7110483333067737,0.7564275898753465,0.6698735662806311,0.8191158492608775,0.7932388100508672,0.8852381931874431,0.8287725588344766,0.8394947094772306,0.6248497016839925,0.6673961218034672,0.712259782587143,0.7428513071895426,0.8888888888888888,0.634175213591724
0,0.3104095147406726,0.015598969781882282,0.0203196184080797,0.02278070936705327,0.35141315517887295,0.4755351225687802,0.39576934203683184,0.6638672461178573,0.6390244296966168,0.24884492977038733,0.4609121774270787,0.2411621191438055,0.365236621114516,0.23897931427703956,0.43667553300327455,0.1824807313930871,0.2114092840204868,0.2299848116003942,0.17334055840157173,0.21918592639754167,0.16690211752517384,0.15532540302479497,0.2260801902095489,0.20431006290134907,0.19047384571922793,0.18457675493024583,0.16821982227061966,0.48631414383887656,0.4739319307715206,0.4357256774664941,0.4250243332858914,0.40387507098518965,0.45715542647599505,0.1874638644568555,0.3115064458750138,0.3811024670899348,0.1464139401062583,0.14020036879257355,0.2853708846073629,0.13819444444444443,0.027777777777777776,0.16603238485574734
1,0.37306967028986826,0.9302179579003373,0.8771123728669835,0.9030049742525182,0.9714000347879691,0.6725225291485296,0.6531764857414963,0.6615684999849097,0.7084068910766631,0.9588346097888245,0.9404477318938463,0.9553671679508401,0.9505704123936113,0.9305009679539236,0.9560712282424136,0.9785974746825583,0.9658431117426656,0.9206841280348556,0.9567669592267521,0.9453793392972489,0.9323007846596371,0.9443823796966092,0.9599122046773316,0.9567327177482513,0.9453549534343088,0.9150638828258645,0.9427315764794002,0.5649617736546264,0.6013833359179365,0.5997561238616735,0.5331412876881719,0.6054492710821089,0.5735419491089907,0.416049884076248,0.3695182601651799,0.3275995655575107,0.9547275335112452,0.9395377085480355,0.8110176127150512,0.7645833333333332,0.8611111111111112,0.9270935236623691
1,0.47090131243725314,0.26602856374948886,0.40050408019532735,0.366585612077872,0.6314762923529322,0.8284611732640379,0.5133886251098833,0.6591927879380456,0.6650000272133587,0.5200930263042584,0.5001273602121048,0.5143274839374274,0.522938825515633,0.5106105988068765,0.5741693102069665,0.624649980609418,0.4656939361434089,0.5258371962136147,0.5716042961207037,0.48152578704266796,0.5328140368501345,0.509207709434216,0.49036126679551123,0.5391429424372318,0.5800971611392407,0.49532973113759604,0.5628109675511874,0.776498218514445,0.6686551852271446,0.703118494687369,0.8146561752988393,0.6567904565711812,0.7693782707659356,0.44704423302269103,0.4461368505486803,0.401302069821531,0.4683353427654448,0.45644044783621657,0.5478000116555277,0.5857026143790848,0.3611111111111111,0.4372112716862003
0,0.6866565700409715,0.5994099070150354,0.7157782307850068,0.4358992784416868,0.7351723198239812,0.5948716890765353,0.5272686618891324,0.7470543392862058,0.7646743522450218,0.5001232496932434,0.6309165652324034,0.4342497921865589,0.6198219311418064,0.43811293623747594,0.6083417753165026,0.4731385845997848,0.3954176688013329,0.34299048563212753,0.4282280550795447,0.3679699315449013,0.4162393784935336,0.6436517424074658,0.49525939796845186,0.3714290850519251,0.46964203251764314,0.4404335130822402,0.4751312858180535,0.49892831078793876,0.5246490186545877,0.4988479331332368,0.5024153327567775,0.52159816323762,0.4715145107616604,0.7317942728718136,0.6704061439154978,0.7189255378136524,0.5022660946004597,0.4761620996961084,0.5347594216561538,0.550285947712418,0.3611111111111111,0.4129914082607716
1,0.46483088679852785,0.2583126279892817,0.21489434514044303,0.3116873739584515,0.4117617181838313,0.5787818190017224,0.5950607459002908,0.6455602198411824,0.6673671958776468,0.44015839766561243,0.5698952771261757,0.3913982922294937,0.5560062484315578,0.3768978957558014,0.5353713144269492,0.41963444196254107,0.4678481949035155,0.35165138314475675,0.4511105313584209,0.3155996658297014,0.4711586711984817,0.3860724507628657,0.4450522610688782,0.41540505062898425,0.44865485784256526,0.452972534480649,0.36065399156649924,0.4660875045681808,0.5637191831177794,0.6111500162726722,0.6093233529636861,0.5717591552374794,0.5855694608171013,0.4842153403588662,0.4929742791542475,0.4828341508398405,0.35644845406043885,0.3515861263791139,0.46000417273289973,0.46147875816993456,0.2222222222222222,0.38393341475380144
1,0.41218715935070005,0.9598356308057976,0.9441718924759126,0.9547073796147834,0.9406068657184591,0.4457494366780731,0.5462969053589848,0.6423964476765016,0.6848096048594875,0.8913545503111331,0.9252279159200161,0.8928487439859536,0.9168646797800151,0.8868039921731382,0.9342831051273865,0.8483842502737097,0.8848820250504903,0.8650018283319468,0.88119964803198,0.8732983837577651,0.8697397966070644,0.9374436162864975,0.8724438983488292,0.8602120758573489,0.8727209212452817,0.8667234077626894,0.8714196508994397,0.4990446156101944,0.43915076921144686,0.44762353777058633,0.44118810915285134,0.47383727467988634,0.48523021262470994,0.46570491487141796,0.40660507742491553,0.35097268816511806,0.9003562083551536,0.9085159993706764,0.7588245052800111,0.5733251633986929,0.6666666666666666,0.899817296542927
1,0.2665671532332422,0.11484959276477538,0.08914416569593074,0.1146657688514228,0.43472221856465026,0.443127906289864,0.2997182923586612,0.5990374527456435,0.45951966074854894,0.361712621617314,0.41177157577282025,0.36153248108311314,0.42067055084278204,0.3596092275122831,0.37999250483893443,0.344497450131762,0.33466873676284925,0.32910482657411194,0.3092006934224364,0.2997634004354461,0.30678957502921733,0.3380476987529761,0.26421607340123654,0.28816192028041737,0.31331966741454526,0.3349167794273215,0.32033982722733967,0.4676092716652699,0.5194464774167683,0.532813444273164,0.5409715668205425,0.4978334666148481,0.4513771720745377,0.262990202327011,0.27393780908424453,0.2558059567196607,0.2736265079932168,0.25903090406867124,0.345381172411814,0.2287581699346405,0.08333333333333333,0.2372159548298018
0,0.5960445468998161,0.42742909280112507,0.37661653811165896,0.28322656312696476,0.6147277558555453,0.5457917681395841,0.6742310123663414,0.6576500148280678,0.6968164399130723,0.32008197550920475,0.34607737137158334,0.32885383950573405,0.3167155431507076,0.31950917898352704,0.28085344098575066,0.4594140634162322,0.40637460966736383,0.385699038202401,0.36472133342149377,0.3601479849342071,0.486035200934311,0.34678408987956666,0.43581090568558756,0.39280029063550326,0.3824569863902668,0.39231514834326936,0.35424961848513176,0.49316842447272446,0.5775756603666311,0.5296683687380844,0.6267242135689989,0.5440212310623141,0.5621292275131681,0.43121297736160663,0.5534127020843703,0.6779411534479658,0.40523233190769714,0.36368654756671664,0.4485828908014243,0.44436274509803925,0.2222222222222222,0.36122065385322005
1,0.5340276629783439,0.9981226777549462,0.9976509777659949,0.9976303496399342,0.9791648635486131,0.5550415349812041,0.7438886143671866,0.7006912874442612,0.6594739846459112,0.9622413927036492,0.951659737253219,0.9463862523759412,0.9256643946533462,0.9326698174260954,0.9311936419841267,0.9677003596088173,0.9469637353712528,0.9209957310500624,0.9665218954060879,0.9444010703230253,0.9467258068254988,0.9657450842489118,0.9477045046141835,0.9697092584809961,0.9515487540181473,0.9550598358771728,0.9533396198939069,0.5267673605969433,0.5228430078078273,0.5778576891984865,0.5479526477606491,0.5583563153603005,0.5881863552345497,0.5578981248380113,0.5528426891665095,0.5211857146353068,0.9707364299132348,0.9685018913611468,0.8329683040820898,0.8174836601307188,0.8055555555555556,0.9393738377298292
1,0.4554065841673728,0.12957096973205415,0.21028446236232776,0.31187120561772996,0.37237988076316864,0.4371597075929092,0.3343678732595918,0.6206579730440945,0.5135531764303229,0.2856500306538229,0.20516180712357138,0.24781251140087507,0.29530119136323585,0.303522868906866,0.2670310957671509,0.28648995814391903,0.27690493152840645,0.28387834086538455,0.2515958214772952,0.28700781168983414,0.275011753322138,0.29305648239489474,0.2627765112658016,0.28099177354441035,0.2469580247853687,0.271303083426915,0.28555562446675886,0.47615282779223,0.4588334508631733,0.4266457385553024,0.41052579047938115,0.40243166577945827,0.4036428477257786,0.4873141901291209,0.481280401047503,0.511428529962883,0.22129114642561606,0.2558535027602888,0.3312987383628402,0.17169117647058818,0.0,0.20374698641246922
0,0.5432760962855273,0.6366320430848866,0.5600196922134557,0.6001294240830445,0.5298952407027494,0.5667491080532863,0.4833147658980643,0.6766503433330157,0.7355444187927862,0.4707250745502004,0.5528231760796463,0.4326804883691593,0.522119018219888,0.45139763886403655,0.5305204203528262,0.45650395556187306,0.4929565885690848,0.4979363101300417,0.453912247492527,0.4748488787359195,0.5306059364157363,0.3352094775890987,0.46479196700404624,0.4773069439794662,0.47399195269106903,0.5031830251156097,0.4786908982871092,0.5481010184458093,0.5643363460702103,0.5298935968282329,0.5398331119901298,0.5701556515334304,0.5249068698979862,0.544920038746218,0.5510750131166013,0.5564639990269914,0.508605495671973,0.5154687099926,0.5189321991756506,0.5418709150326797,0.3333333333333333,0.453747537898475
0,0.5651767491369173,0.3261865452886232,0.2555980813397777,0.30400406782869516,0.4317474005789114,0.6459067601999391,0.6399341148861678,0.6744942071684407,0.6489907691090199,0.3533984782741434,0.5404903253604794,0.3282473356469876,0.48441064050815485,0.29564383969921415,0.4849441806672061,0.4070912372933944,0.32832109581145963,0.32805613131638556,0.3230964515164852,0.32227799148122044,0.3508668450039455,0.3365126729099538,0.3117614162554057,0.35198453523983186,0.35930585396355263,0.361029080080073,0.36488751074202685,0.5334037817439381,0.5791655369959313,0.5560858899459938,0.5155917126499047,0.514714528763342,0.5282137063469744,0.5351231421391218,0.5461671768731089,0.5406784804948879,0.353841706076335,0.3322346051513829,0.43183508996660835,0.4215277777777777,0.2222222222222222,0.3446236434582126
1,0.5522149991941248,0.42616306180730346,0.3595198928934177,0.3846641778729419,0.4968358852534063,0.5356969332706651,0.4424003773147852,0.6458560073426093,0.6452094676876661,0.3361005106297913,0.615606644219118,0.36283421638014923,0.5261624438018704,0.3567871458580291,0.5650564878089586,0.40498522775314577,0.4747081773458296,0.36320137736970814,0.4309694330062615,0.41022689703155646,0.4644620812177973,0.3450580965624282,0.41296004995510094,0.4178636982691897,0.3713450103322522,0.3939110278648213,0.38028848907117263,0.5298875277409159,0.5182155346178804,0.5408951849219749,0.5791735961191216,0.5757028810228484,0.5250242923876283,0.5402304252365502,0.5629512465323698,0.5143520307361551,0.39799416864686615,0.3870867659343139,0.4640485892296142,0.4587009803921569,0.2222222222222222,0.3630554711755887
0,0.4699457863900952,0.46831328423206386,0.33073329494201886,0.39930891426517257,0.5134835694458099,0.5524864018988164,0.44802904833305024,0.694290255287687,0.700065566394654,0.42794389343312894,0.5277194132006816,0.41393422095988514,0.5458949381772285,0.40180963179729623,0.5094766646697402,0.40030797333810453,0.3928479032900971,0.38845773391495664,0.36229690091612515,0.4037253773738607,0.4111648052037232,0.393862945134802,0.37603475192884234,0.41628332037687016,0.40991372019277306,0.4018841558594689,0.4044896473720787,0.489052417029371,0.5289687107681974,0.5201206061798328,0.5334621314773057,0.5230308470180948,0.4976980772413891,0.492606774796813,0.47369968193421014,0.44160459968985843,0.42751849284335114,0.4167348049185045,0.45587253732419175,0.4445261437908497,0.1388888888888889,0.3412007844640588
0,0.3352421311848065,0.346273555211276,0.1903810430016076,0.24256112851004064,0.5740979555625193,0.5648341923447383,0.4243941748308729,0.6499722982666749,0.6781460994885979,0.3808642588720967,0.35423435430261396,0.3699965173054577,0.3772200828669433,0.3849727130739452,0.33334317176027295,0.4775937089593225,0.35861507094159634,0.4155886052764134,0.36297134320307034,0.3718664896702772,0.4683805198574723,0.40344584210965173,0.3445489415788799,0.4891421628597487,0.40385820480255247,0.4551002853785581,0.5090451138860939,0.5164346542803445,0.5200593222228043,0.5241665698150126,0.544149729962253,0.4991840524102833,0.5473617180886965,0.35722971832894346,0.3311412373907996,0.3135067151017313,0.3979545938253521,0.3642795246120084,0.42179198002663904,0.37883986928104574,0.19444444444444445,0.2786776550016236
1,0.5703676970868707,0.9803335252974982,0.9389246431201913,0.9502618680531688,0.9486328870585498,0.6010924134768986,0.6559650348947272,0.659594938320397,0.6502722731694964,0.9369308624456195,0.9525006107954332,0.9139643801639528,0.9454477192033505,0.9186043993011503,0.9307195660484622,0.9826287620018342,0.9317739275623887,0.9562264524471527,0.9560002803880986,0.9316123885128621,0.9492877380650513,0.9465535959708117,0.9429988679805075,0.9626398205655848,0.9248085006481618,0.9581060227173337,0.9520912524957053,0.6072367315221118,0.6135570430957686,0.6780703295902774,0.7036421977382507,0.6162143932889823,0.7183006177710065,0.5350806771602431,0.629991708897643,0.5922101294793721,0.9589755558210951,0.9491585869635208,0.8410759920255904,0.8247549019607844,0.9444444444444444,0.9292237553809665
1,0.5091060248354177,0.9722121295540797,0.9303454802526367,0.9481531188445708,0.9439054878074825,0.43699200943110106,0.6954645638123451,0.663716107211078,0.695069555150258,0.9162247429078896,0.8971598040413487,0.8855242691715255,0.8784522268713614,0.8924533479524979,0.8924940105145407,0.8840327285264323,0.8767338335273854,0.89389454210234,0.89460406454895,0.8951893842427426,0.8630009662110583,0.9165846379519053,0.8892687757664113,0.8502911626771753,0.8713516921082219,0.882699450019671,0.870770484452923,0.4599914011558415,0.4710396457497131,0.4305474081768181,0.4346324572395276,0.4369003090139887,0.45958169255354503,0.5179068225466426,0.48814429390131153,0.43061717522574894,0.9139230424173458,0.9164751188098211,0.7688523785093863,0.5874591503267975,0.6666666666666666,0.9165631120889373
1,0.6530122048353134,0.8317705519063681,0.6388650580454884,0.6624274633284986,0.4479858137852292,0.6488936156153093,0.8434478409092703,0.6890179689954404,0.7153202459816361,0.5080827577485785,0.45352348196507714,0.4310848196978251,0.43814062418715827,0.44464700753097136,0.43572429362568527,0.6723553539140544,0.45547754376041355,0.4182735727887996,0.4381450779561358,0.33640658588510214,0.492268405168792,0.5640904180708325,0.3947723364781511,0.5114405657086173,0.5053887679021276,0.39647490834733906,0.4293701437513532,0.5428166051108121,0.612757042189285,0.5227040748029677,0.5613997503761665,0.4917071716442799,0.5780389900658506,0.5564053455121468,0.6295342720764189,0.6775604652941928,0.645070241839416,0.6084570392755435,0.5395465279825844,0.5711601307189542,0.4722222222222222,0.6249890777797971
1,0.42956304073646157,0.9210324212024734,0.9285242889109,0.9398169533258327,0.9716186137943608,0.639356268355188,0.6630506305982563,0.657839153307332,0.7848696226665706,0.95717924082495,0.9353342354911112,0.9245051153293836,0.9230566370458065,0.9308839906347709,0.9527996925224633,0.9768718001834009,0.9383500691071524,0.9266900129765243,0.9168689599198344,0.9220592079865422,0.8732088268501121,0.9272027843141988,0.9111710730635653,0.9133897606908516,0.8961313201086031,0.8979535068868915,0.9004507081646962,0.589874726985588,0.6302540111395022,0.6082408252947407,0.541440838880437,0.6446672817868059,0.6194300601875804,0.4371201705865602,0.4495096213344019,0.4039856120476509,0.9408031122384193,0.9386220561351724,0.8106109407670039,0.7456699346405231,0.8611111111111112,0.9156108957204144
1,0.3463907811824924,0.8441998907669055,0.8206523303070885,0.7829957756468278,0.9635200358556473,0.4354284430092916,0.5469248965666675,0.6519608599669162,0.607185281222088,0.8813372481840738,0.8474259662232756,0.8678017345367932,0.8215687147430277,0.8472730913578188,0.7596754068374177,0.906291307379201,0.8852210223499266,0.8609514371650653,0.900479042450354,0.8001413596422577,0.8744751484492925,0.9231359467398799,0.9211006285968913,0.8175520328043524,0.8774390135139528,0.8557494789993192,0.8757744756635686,0.4630081778283516,0.45065544938546936,0.4578578766743591,0.4500053162822203,0.45566163050719877,0.49092486318766015,0.356342867719097,0.389267080712847,0.4012351427314618,0.8727643108942998,0.8497123599375092,0.7286791350873268,0.5337622549019609,0.6388888888888888,0.889124798115715
1,0.8585229848126799,0.8742375261333104,0.7190520585925521,0.7414046478894729,0.7840791928429758,0.7422663520594258,0.8129274707220732,0.7611749937161569,0.8832346114753509,0.5909792332970328,0.5050131440794313,0.5901996944949243,0.47636242525637423,0.49509164385589866,0.49214717575722444,0.6718407806316417,0.7316811484482986,0.4990038491661168,0.6204852572041438,0.6023904103201265,0.6678056535869525,0.7301356447149631,0.6760531923475048,0.5566478680223106,0.6572309532014304,0.5967340823539262,0.6253405438841975,0.673125657930113,0.6373089779731499,0.6117493448295925,0.6106567684632777,0.6861556953930056,0.672486263422537,0.8813599415152914,0.8388049877240622,0.8706735088188576,0.7120926670866253,0.6745548586010496,0.6726066873044408,0.7241013071895425,0.8888888888888888,0.6791844146861893
0,0.7532532131601386,0.6424946787095254,0.7014518173411131,0.5747495146439178,0.5063568100792543,0.5824217973427392,0.6240360030676687,0.7617291982517612,0.6979965448665887,0.5256696534104351,0.5394439995925786,0.5577170635316817,0.5737651185080143,0.4705254929196393,0.5012059474598947,0.5416826752773226,0.5785852358572021,0.47757055620379846,0.5870813676642406,0.4545670194847565,0.6405536849907968,0.6234031460467222,0.6440429996821696,0.6509619186028693,0.6509363864605066,0.5096012452394713,0.533019452310912,0.5307587836161343,0.589104443532348,0.6217089020541507,0.5867029037926883,0.6019459625445652,0.5948369440553544,0.7453684187114933,0.801774697030323,0.7732624421883223,0.5806314725061766,0.5574338850164173,0.5984383004681552,0.6510212418300654,0.5555555555555556,0.5513777675491496
0,0.28549152891685947,0.09073381626991125,0.08267684687011553,0.15368494167622543,0.3968677097618393,0.43787244702735173,0.32334242474007907,0.6128281829113812,0.6234176906292026,0.28671688539334983,0.2618995935855794,0.2861431291731095,0.264967753965756,0.28243557076468473,0.2819334896129129,0.2564457853557492,0.261762501504299,0.27889546450696906,0.2729485573927685,0.22614374838936094,0.23494028368580117,0.22354175851141206,0.2435036624388254,0.26256272119846447,0.2160298544888056,0.27449995967127494,0.23041085352256027,0.4296073368284022,0.43005403048862667,0.43457365286867844,0.453447500507132,0.40817418211875744,0.4269324090752046,0.3016152665817407,0.29722122007401924,0.22986411283251754,0.21110757693292329,0.21388864864793602,0.2967220166976121,0.11274509803921567,0.0,0.15997545809603783
0,0.28059453246739086,0.9877606225383856,0.9851965722191028,0.9869526339387237,0.897250297443195,0.42784694069996915,0.5449579159806344,0.6560383774655202,0.5462494201495816,0.8905735380473626,0.8276220556205439,0.8528140972207202,0.8077352660340604,0.8601875465363298,0.8151828258496165,0.8474157631104562,0.8656364748949956,0.8219082153090674,0.8542421216881685,0.8394641095583908,0.8182371874752757,0.8675884378463121,0.852446348416803,0.8425391847732268,0.8076844453427807,0.8185630799030165,0.8109297251768626,0.47082053521502554,0.46051405252516114,0.49424441517860157,0.4719866026827611,0.4215432456342437,0.4564909044089897,0.3140457138868756,0.29040833702107244,0.41540765934432183,0.8959968276231874,0.9070261326689231,0.7236913061279716,0.528513071895425,0.6666666666666666,0.9095923651243588
1,0.5912298242427012,0.612865348427433,0.5038684304229433,0.5150900886590299,0.41366929176132194,0.609261922810651,0.5153457087579095,0.6519135789994241,0.6402667284069319,0.42218362851180835,0.5316310048631324,0.45543587659908147,0.5989385839849588,0.42811495362988855,0.5474200479969878,0.3916158377416311,0.38587634747940414,0.4256886915813524,0.37202460491713196,0.35148644614724944,0.37440613094161684,0.3131617874331576,0.3955029231138166,0.4237460444581888,0.41120754236466156,0.3635238200263528,0.362883730340875,0.5426179757994986,0.5604730840439094,0.563913262632257,0.6706787515575453,0.5402019711702637,0.5607527842280069,0.5935806486424915,0.62893342182431,0.6107938964067157,0.4866390209227152,0.48062442101141284,0.48734869184537455,0.5061683006535946,0.2777777777777778,0.4526190157524884
1,0.799876037245202,0.7342914933773985,0.751638966373766,0.6714872056017546,0.41906476080744137,0.6573248845470223,0.656356690282128,0.7023269584183488,0.7085614884610619,0.5622550215058386,0.7040988109552598,0.4968828102549626,0.6674331357404157,0.5244881010405239,0.6143417703978612,0.508862485965751,0.5286990809763694,0.4931962054649863,0.4706621857773007,0.4710498473687324,0.4832603686880459,0.36871493497513347,0.507042410715431,0.4869901898356391,0.49100558498726243,0.4377900190951857,0.4504797136232305,0.6692978876384199,0.6413194825498956,0.6105027800786139,0.6006873463375717,0.6552668159100121,0.6900807652775195,0.8037558012308542,0.8143815350009008,0.7467834784506461,0.5800122631993707,0.5872024192480781,0.5909076596755408,0.6560457516339868,0.6944444444444444,0.6114231953890158
0,0.3588882478717764,0.08959494056604637,0.17668677428043472,0.15920421356730818,0.2438199480622656,0.5093685315223448,0.3801565216882511,0.6468834173439089,0.547535661599272,0.2476226971470629,0.29440932391530256,0.2902115757082723,0.30444980883141864,0.27422146671538344,0.29920565884849604,0.22878081904964967,0.311691933468871,0.30651953034942325,0.2814693246531535,0.2947767096824095,0.3199975024234678,0.32129359498336796,0.26736551508060324,0.300515044484539,0.3132749505514339,0.2827622030046164,0.26280224159819926,0.4701951902182104,0.4914860976857251,0.5160403988682396,0.5381448661600675,0.4873929523954001,0.5384503316586758,0.33883193960132335,0.3066081619348697,0.3383086798578201,0.20286244510798945,0.20840260312133202,0.33055585331257664,0.20861928104575161,0.08333333333333333,0.184579329746835
1,0.5969629523771257,0.38225748884417704,0.5643544255819062,0.35137848967924556,0.7818735161465916,0.6891091990447916,0.648283790595064,0.6730802476648009,0.7072345755157705,0.5389612726865589,0.6418456485792792,0.5720850799613693,0.6867202440579869,0.4713280767784672,0.6863704371907008,0.3912329577901519,0.4719601754778993,0.4279620143694928,0.5580222031410653,0.4808914585338388,0.416642093735141,0.358981310980414,0.47820312380905255,0.4797294180559131,0.49816732539905584,0.4356592220186438,0.4925164755380707,0.7430785651108939,0.5975445758464248,0.623173600184615,0.51153921830746,0.7290429716906943,0.560391889606042,0.5928403461447762,0.595122383081564,0.684948450613061,0.44852517553189936,0.43365641861068216,0.5512191019105281,0.5991830065359476,0.5277777777777778,0.5569800615144066
1,0.5101962927670639,0.48225407073304016,0.39675575968559923,0.43897955880147405,0.7431094818912014,0.7696444639303428,0.5630859963321228,0.651901410242768,0.8291705707211541,0.45815970830987174,0.6776912277868126,0.44764619117672666,0.5849994119634904,0.44625446531349244,0.5773539754163071,0.4989780536316202,0.4625743145583137,0.4532223227273517,0.5428816567787683,0.5093934341873574,0.5259869627114538,0.5813257310005187,0.47819470211618076,0.5068487503626464,0.5266264541288975,0.5211116199331456,0.5626083526674897,0.5894893043930465,0.5804426999684071,0.6292403097860146,0.6254978208151983,0.590922147307461,0.5512870313936082,0.47035095950607875,0.4899704360103584,0.48554914159422424,0.476292771847129,0.4628224679312707,0.5435991868541172,0.5816176470588236,0.3888888888888889,0.42903520868443185
0,0.47253395181545815,0.33384523540284977,0.2643749535007653,0.2410565311562732,0.38680183941348223,0.4730291640536374,0.4284558212216819,0.5919492935929647,0.5095665985871645,0.2259576550023008,0.2617994308198418,0.2671591698646544,0.26420384131381053,0.27920025267641657,0.30190115461650496,0.19556646775023576,0.2652891669844256,0.25852624210503905,0.24165313825400284,0.2663087784663217,0.27219771081473415,0.2438039210474891,0.2396925399211708,0.23394202075559486,0.25841180886955983,0.19296295065293098,0.24553680494938745,0.4848129090339551,0.43406974559211,0.45260865940132533,0.407947415146692,0.4156030809938864,0.4078636320031736,0.45403174265871615,0.44501242068406066,0.47707540765766543,0.26552362433924664,0.2633655313700859,0.32707396099626895,0.16107026143790854,0.0,0.24652152372811365
1,0.8079361799844825,0.8230230127534363,0.9299034664431062,0.9766717463256684,0.6459325619868294,0.5164998703619866,0.5043663172345587,0.7602711984320573,0.896796572745946,0.4442906431216846,0.5641064297440981,0.4459193601453144,0.5598769564936972,0.4547505631087678,0.5750465253034076,0.42381576171639207,0.39652382647191814,0.47134253841062496,0.28167359195434044,0.43316733717342304,0.32446096531618634,0.2280814960704853,0.30427362765972815,0.3745427894234941,0.3265116262129222,0.29236729472911344,0.356815217824493,0.5115769240501569,0.4669842804832128,0.4903459113605532,0.5108922175397411,0.48659523842538843,0.5507094732784525,0.718893517430296,0.7739084555430464,0.7749533927212234,0.5642527115383809,0.6248360888099158,0.5296780596842248,0.5165849673202616,0.3888888888888889,0.4230659529175045
1,0.23454110512031962,0.9431183018059144,0.9405001576407767,0.8921590981395819,0.967974528300889,0.46289857432833126,0.6136652653924225,0.5156545481127549,0.5104423963926339,0.9593080439379404,0.9609206369941653,0.9217703730301059,0.9266884257466547,0.9232553074495107,0.941982999759535,0.9882452295116787,0.942498276283718,0.9089763585477892,0.9542267847164988,0.9183958967998958,0.9334260486547664,0.9569097066651969,0.9498326350398456,0.9521017314836834,0.9304053326116233,0.9335670800738372,0.9163164096748335,0.3780893844176535,0.44400334209482595,0.4445253170312634,0.43410700234011135,0.4836034118239673,0.396129226013005,0.27332229568356864,0.23934607151406748,0.26620339230460827,0.9510446347825664,0.9337096619873583,0.7628704319567248,0.5879084967320259,0.6388888888888888,0.95016966912041
1,0.5528256006545027,0.25383567123929845,0.4122078305400457,0.4272176443208474,0.6140697002553533,0.7230962667082192,0.47658750968475605,0.7049073901422815,0.8393087839939658,0.7163480003365509,0.808775441360891,0.6571155651280671,0.8232274156307584,0.6355348066415211,0.8020684180101757,0.7726762680317444,0.8301773157864232,0.6367383847004134,0.8400686499393399,0.6959745071198025,0.7180726303340812,0.6985523721583816,0.6099073389169607,0.6908837843581546,0.71617687268681,0.7193667359558514,0.6612104493947581,0.5334697334238432,0.6751621443705038,0.6491863845156913,0.6174762349954355,0.7472109246247959,0.7240136308032993,0.5429248939558199,0.5668504671945096,0.6147821240106074,0.5612091681330367,0.5492759910722957,0.6581885077578188,0.6664624183006536,0.7777777777777778,0.6504983665461086
1,0.5363029146583237,0.8886872221142212,0.936428266063543,0.91498118820781,0.9611799799243673,0.45352362502915256,0.6155460736553017,0.6635575907811723,0.6481356790697442,0.9220863144152869,0.9529829831135828,0.9105133444229905,0.911793161124274,0.9073108761941228,0.9189461727629278,0.9122581738112983,0.9578594807523317,0.9041004909229043,0.9544330699465339,0.948337423509267,0.9458776128976559,0.9415744571721215,0.9406673441564242,0.9408052205232793,0.924259813621395,0.9354255463002169,0.8847474426938168,0.43687884320708614,0.43780922312783943,0.39869514582882687,0.40164361388613995,0.35570404220754,0.4086426443549618,0.5229928988259628,0.4663497818109555,0.5212189784813523,0.90381958011617,0.9067501609500885,0.7825401568907145,0.6276143790849674,0.6666666666666666,0.9311099889441538
1,0.3448768951867107,0.9093510210698138,0.8627122349807401,0.8647324164534236,0.9669800478314936,0.57450573915443,0.6141253774101022,0.6281582188976984,0.6533933490147228,0.9563100756220774,0.9589522853994762,0.9378319625750704,0.9280129407238267,0.9236751006576526,0.9124056501320658,0.9314170930948142,0.9266012243739693,0.9031513256221146,0.9404000518184934,0.9212169052547824,0.8974546762621538,0.9293914448711976,0.9153402732856702,0.8968329564367843,0.9101061537049709,0.917400561862673,0.9234310333759593,0.4910017675277149,0.48899430834638524,0.4957124280409693,0.4989196365708217,0.500490576232421,0.5002467917062281,0.374116222524025,0.3881301645498243,0.3705707656192508,0.9262000255798996,0.9134015187701549,0.7783214647637593,0.63578431372549,0.75,0.9285984887698139
1,0.6265221200471398,0.5648926536821759,0.5393506635958588,0.45210631337312146,0.6631724397883342,0.6855582205953173,0.5789097569298497,0.6501280282341639,0.5898076664981894,0.44090468921871695,0.4415724847923809,0.5032550473200943,0.3730974066074642,0.4497261738587082,0.39695491790041765,0.4025728057745858,0.49949258508241495,0.4714878511756562,0.489468986287004,0.5098664142812267,0.538148755095878,0.45641796079171637,0.49326758818388866,0.5089005735475038,0.4523892084277531,0.49024972779080833,0.4830447830492215,0.6576243710962396,0.5614411185161854,0.6384475975601188,0.5621583319648935,0.6380018004069162,0.6256405464195832,0.6341056407757159,0.6234042018982218,0.6719698675912734,0.49024016892561867,0.4745105988017372,0.5297927522412401,0.5751225490196078,0.4722222222222222,0.517243125123955
1,0.39560921541241684,0.07003997251568475,0.10189871287556365,0.11298512735665485,0.2533032208910692,0.38696251902137907,0.22222151733612816,0.5211956473440789,0.38859137189364357,0.2727976557364457,0.381776292573064,0.23021356819516542,0.31760672530881806,0.24142405577877035,0.35598727235344485,0.19128981171920884,0.19972684769534324,0.2136594686450708,0.11578816965046956,0.23308129524461188,0.18101695740112583,0.07140738387161098,0.21005434508672363,0.21585321725095585,0.18325929868789867,0.1639785930596104,0.19135519817680036,0.4290374062000135,0.40818833896382695,0.40526337431693144,0.3729695651405374,0.3718952241611853,0.4441852902649331,0.36525176939864357,0.39681017850697575,0.4269450305210381,0.16384778414335302,0.16919050711309686,0.2668739949873916,0.08174019607843136,0.0,0.2045355986491193
1,0.3008078650843544,0.9076016031718799,0.9210238671788481,0.9092902353832297,0.917647466980121,0.5563575588181595,0.6181783524982691,0.6562811463410445,0.6616413174955923,0.9189594943734262,0.9125570598847776,0.9028028133646175,0.9204821785051553,0.9013478357145919,0.9306272131678494,0.8912747859723258,0.8830551657671469,0.8536664888406597,0.9179422913645683,0.8392342546228415,0.867469630738274,0.8861514973238493,0.8600602354654207,0.8684893283065436,0.8562988535139767,0.834611473443555,0.9066851417356184,0.5095224994038641,0.47547633523651855,0.45805100736523174,0.5288015061238632,0.5983908544274947,0.49642161234824356,0.269809162573704,0.2683664598022052,0.0892968258226439,0.9005597341696078,0.902463454721329,0.7488923190126144,0.5905637254901962,0.75,0.8964179603711184
1,0.5596764566164559,0.548436405701738,0.6906110849092267,0.6081452691043234,0.9405190085122404,0.48770192120632133,0.5985658443843455,0.6445948753947008,0.5897445569911169,0.9482519781362807,0.9318964798714081,0.8646645872206541,0.8936043608134021,0.8990320680027863,0.9046284505196054,0.9381025361067816,0.8054541284788427,0.9068017783101889,0.8533743959643445,0.8209278074713038,0.8196985912044122,0.8458879842475502,0.8614479405373314,0.8721766775831046,0.8489864742176194,0.8615731217222191,0.8802691693756338,0.38905215667877396,0.5097341039249442,0.43086667152886726,0.5633611912380967,0.4256438607205148,0.40981861201941217,0.5208697038919362,0.5672648047185964,0.604716657812479,0.7837345096763912,0.7716761732272568,0.7359810465168376,0.5849673202614378,0.6944444444444444,0.8949135019497214
0,0.4775734205847536,0.3916105151186732,0.3470995636592973,0.30078226290927057,0.32308759244310176,0.44385269406784866,0.423531190260812,0.6441725310854081,0.7059500019962326,0.17581442555410665,0.2614178654062002,0.2393931771661962,0.23426381067337848,0.2277881426901298,0.2685419167168764,0.15719382298509668,0.2406359233376643,0.24955174771161603,0.19249484079646234,0.2715147307592428,0.19786197186771942,0.24894820304466675,0.20640996827987784,0.17637743727694205,0.1601701214143953,0.208026020567365,0.17764860317204115,0.3980177982455358,0.42011839774262955,0.43327373335043123,0.4116411539087834,0.46616287123966543,0.3984161804828805,0.4493938618234795,0.47547471410671677,0.43945370158502767,0.2627325050899887,0.26335358417387333,0.3149515046344759,0.15784313725490196,0.0,0.16561863384369485
1,0.5770533751190956,0.7436458556817476,0.6571634031655378,0.39598474726937244,0.5477925229340297,0.7652546823891275,0.4970958234866155,0.6643966037119764,0.8287416437015329,0.4561276002961369,0.4323084333057528,0.44183824744716976,0.4374941272223166,0.4681703271947888,0.4800845547908389,0.5305364091833524,0.515682486082951,0.5075648557285933,0.5076343031763136,0.4841973814407591,0.4852862709184151,0.4390320409518633,0.5742735679635897,0.5007093308402325,0.4922242304065514,0.5128668550672442,0.47646455754579575,0.6221131801971779,0.611928273354332,0.6703758851877699,0.6543282403327978,0.7506730742944122,0.7181643399660942,0.5309549003135818,0.5690316585451777,0.5218097934604928,0.5720068374374233,0.5160351173552862,0.5483468941013585,0.6026960784313725,0.4444444444444444,0.43685350797892836
0,0.5568506052400449,0.9591201043284704,0.951643974373033,0.9636612923090487,0.9728952215023169,0.5218673954675875,0.6487254493409454,0.7203434436679033,0.7754507142453484,0.8778643166299297,0.8732947597135035,0.8915900069704019,0.8708168099210601,0.8598992903366975,0.905146337453109,0.9099795492488563,0.9481898041633415,0.8924172900241637,0.9357484812798457,0.9255681865585126,0.9321775397632215,0.9344828101895445,0.8953760571080762,0.9342863389980084,0.9230370347369139,0.9392440076240224,0.8926126290656186,0.5538038609267804,0.47896076190690173,0.5340713313585417,0.5180521519167168,0.495810297234245,0.5266395083123938,0.5812501456436787,0.519964625707569,0.5638144901669138,0.9202298868492429,0.916850048638695,0.8021376462870438,0.7139297385620916,0.8055555555555556,0.9059900689962905
1,0.5500239665652672,0.491299734532953,0.4883060183856881,0.2872466517070483,0.5351469105273159,0.5488206116735381,0.506096959661494,0.6886814301782967,0.7178844626335465,0.4020934541673675,0.4627336593526281,0.39497214387192414,0.4653268761446988,0.3846638624638553,0.47471715157237765,0.3937675094936538,0.36620958089945943,0.3532149700882456,0.3484365650688687,0.3604670141097546,0.4315749701263303,0.43975258209796325,0.3446468083476739,0.3823169183803013,0.3784281767070534,0.37684038409947845,0.3554606426018906,0.5478228604246047,0.4873570985394636,0.5173602210339229,0.5196224917060096,0.5404526885888009,0.5023134441125173,0.538619835473528,0.567928350813483,0.5593219368560755,0.426679795966177,0.39038998041388695,0.45477039567854244,0.45130718954248356,0.1388888888888889,0.3400617742312598
1,0.6331627700922879,0.9434106110094922,0.9762579257071312,0.9812121656503863,0.9782432847859942,0.7567732798894632,0.5234099871865066,0.6359097135505214,0.47277265739200597,0.9799593646845859,0.9201783480115017,0.9567399520487079,0.9579592729230061,0.9720540862830639,0.9574882234555483,0.9920624324829972,0.9914925733291671,0.9756513252027345,0.9932044947086576,0.983324065324817,0.9713906431541774,0.9614430212523956,0.9581648185115412,0.9743315683861188,0.9728718069219232,0.9809593288831249,0.9556144557838321,0.6414109096226555,0.692316231778933,0.7293793145794841,0.571371340473162,0.7261307476961644,0.7403291168293898,0.6104980806443812,0.6709170649804206,0.6704304463653884,0.9640709985137325,0.9690958494949296,0.8623384601455929,0.8709150326797386,0.8888888888888888,0.9463978299580786
1,0.34236731966836537,0.8152525083000162,0.7977145734201356,0.8428022988946132,0.9721975262771531,0.5047312473568709,0.6962235923841955,0.599272737424053,0.5648899920963889,0.9414626671852446,0.9486969123326776,0.9082620545054112,0.9107512933462741,0.907520341957697,0.9306485009532366,0.9402208565846075,0.9309649734126851,0.9018654669485205,0.9287921503560032,0.9333460588995715,0.9112053575352238,0.932059886155482,0.9380302860485267,0.909172997332778,0.9418947838776143,0.91213874481658,0.9322766572716573,0.4046766562204531,0.4559965776229365,0.440971521004074,0.46457394493281523,0.41969236966207224,0.4559377803672618,0.33551329635255484,0.3663455232813864,0.2988253829930286,0.8879118064633449,0.882811612048469,0.7610732297323791,0.5799836601307188,0.6388888888888888,0.9361460522894544
1,0.4558715280427494,0.8400453688371361,0.9192798464792726,0.9064896009467176,0.9782954970058606,0.555363936548392,0.6910922965628602,0.6587831472861628,0.7659126116023728,0.9616040120835896,0.9533744636891759,0.9358430497227742,0.9164497740441069,0.9255032805584265,0.9379346124645785,0.9536861988940121,0.9100718221861371,0.9268447799282484,0.9422672083408214,0.9316509614963996,0.9253916781937113,0.9681175373495738,0.9424566128629739,0.9261979529211547,0.9442339008165638,0.9263754392316986,0.9338035624087425,0.4363184048433445,0.47971239780918706,0.4726555660244849,0.47861185344860835,0.43767267728400633,0.4547666005650126,0.5312342441412975,0.5151349044878365,0.508666482800771,0.9098582058179742,0.9123134997918132,0.7990196413577397,0.6917483660130719,0.75,0.9239002688873286
1,0.6053154575141398,0.5740631174975526,0.4310216516242523,0.5447439868119703,0.4211816586973519,0.5166581827524497,0.4438401460729401,0.6794693809319434,0.7037352420514844,0.390616256929436,0.4243886016895978,0.3636289568563555,0.3618724704144298,0.353597710789523,0.3735396747292459,0.48145911715742457,0.43896691017999323,0.35557234046597513,0.4181822520977922,0.35278769201374244,0.3757351073429852,0.40894289287338015,0.40318246068323227,0.3850925052775661,0.4121436375237159,0.3906593092542186,0.3924845447656559,0.5095105630905836,0.5230537571149229,0.5477352368172899,0.5177064465157327,0.5463731969937269,0.5365878700599283,0.6347279415918403,0.5757655784548767,0.5915904443317368,0.4730503971704442,0.4634985778225652,0.46196380532609144,0.4603349673202614,0.25,0.34049247404032507
1,0.568851307038037,0.9677608062659091,0.9604987471578706,0.9730061701658965,0.965480611222787,0.7032588003280695,0.5865643759028542,0.6745613717596619,0.6489638518998547,0.9495631596430524,0.9657935772151749,0.9344867871052804,0.9391652412865797,0.9324353222576999,0.9509196319524449,0.9256925846252688,0.9082589638532041,0.9176319529934558,0.8492191170637329,0.9333119118957035,0.8993938803852704,0.9087551793444134,0.8802065908239801,0.8927351448722567,0.8863967821896245,0.8977221057687211,0.832373600877713,0.5759979557981602,0.6264575961310022,0.6431850644714157,0.5992856624326648,0.6887270068011978,0.5831422518797507,0.5631540791559535,0.5334212441479989,0.5843531212012283,0.9426467259988195,0.9466763340840109,0.8183935631359105,0.7701797385620917,0.8611111111111112,0.922391331349205
0,0.48849562542022706,0.49295788640802674,0.7127453189042969,0.6372877237917569,0.595292043185289,0.6135067591162664,0.4392206164372638,0.7185774612772917,0.8688281483623302,0.36108439074732007,0.5347107984149464,0.36100368749592515,0.44226963253148976,0.3491002389732958,0.45258356649974607,0.3489284140024762,0.3705908812880673,0.336698374254424,0.3665139239931388,0.3583618907160398,0.40119121565907256,0.38358926292799916,0.3996638593346835,0.38909650031264653,0.3720553097966118,0.3652956579132306,0.39143983226454854,0.48646145630868914,0.5088154305501382,0.497290695217563,0.5247013864745079,0.5032163407643081,0.49244914894037156,0.48870609924828534,0.4604338231404075,0.5206384597367638,0.4009633293021427,0.43785559013429615,0.46496395080695935,0.43911356209150326,0.25,0.2638649995189564
1,0.7273715191664627,0.6549162672158951,0.6615886314189184,0.6084977585996427,0.7494271472948271,0.7479694031286218,0.7261200003729362,0.7137486686641349,0.8806436899340127,0.6793692478448128,0.7708187293731701,0.6883398633684017,0.7448255947545162,0.6070985968516648,0.8132674635151707,0.6802790964949337,0.8020147744012388,0.6037123837698998,0.7444282335638432,0.6146913868504648,0.7442806510112733,0.6102817838161828,0.6265610281596278,0.7519338245238689,0.6810966863524923,0.7232517118784517,0.6624000059812296,0.637302672819484,0.632331005072297,0.6372980827218367,0.5975856221967927,0.663765955967085,0.6602233425296203,0.7814121351376784,0.7568399441842761,0.7396101810639185,0.6745117423597436,0.6478263165061076,0.6967069612914797,0.7316993464052287,0.9444444444444444,0.7565425840493277
1,0.6346324488911699,0.9770538281078733,0.9740617863878258,0.9780613315083564,0.9737921916556997,0.4301176009670308,0.7029176895426267,0.6506701652660145,0.6433081465983386,0.9663525443481993,0.9250611435958864,0.9399881928551004,0.9214979085918321,0.9240974708420501,0.9268238263930539,0.971494541073487,0.9343012230428408,0.911640655882723,0.9456337661782132,0.9379083423565473,0.9392732460400435,0.956104355483335,0.9360333614220924,0.9418014337353848,0.933805402949253,0.9324036940921924,0.9526884120802517,0.422084137877835,0.41612282338516443,0.4831195919816319,0.4772009200174445,0.4574777013673136,0.5066455365027648,0.6452332606483061,0.6114362690909263,0.6448740617937664,0.9628455206788202,0.9581390728773735,0.81510260692893,0.7180964052287583,0.8333333333333334,0.9444875144653275
1,0.34098286924156246,0.8945799325017075,0.8813063926153177,0.8664455701481799,0.9610063125962613,0.5092789344599662,0.620638437286029,0.6398215442261529,0.4933668086951728,0.9609874509769366,0.9138116445592743,0.9386821911365418,0.8979032654465424,0.9426522455751906,0.904051015113194,0.98641023513763,0.9162524357673515,0.9362169064382194,0.9503886472834233,0.9403983539632399,0.9442706203333382,0.9588775400965671,0.940800543487889,0.954713444186753,0.9442865659783843,0.9467055047598816,0.9539332468671271,0.5232220745057107,0.47831294955341114,0.4523204826744004,0.4392987755562159,0.4401995561247306,0.4615639132236423,0.35450966650415544,0.3406586459936979,0.33309248281610215,0.9398907862586264,0.92575403489985,0.7761627696231482,0.6325980392156864,0.6666666666666666,0.941288585888377
0,0.2775610450981511,0.33308827871667795,0.26469479113700123,0.22872290198661052,0.4869901385133412,0.49765046840479354,0.3870232445103107,0.6482834683314833,0.5006090487375968,0.39710745142333004,0.3405376599877115,0.359098561951411,0.39314375492588277,0.37575990116364594,0.3932480653932742,0.4789624279892804,0.38457768744214493,0.386625165955192,0.41446278833430744,0.37126811471139026,0.4015519342297383,0.38297528606498826,0.42544053054328196,0.369560636230534,0.4112177738322063,0.3885491416819736,0.4188909967206025,0.47122522922825744,0.5336163161671434,0.5381175494986552,0.5981666004411128,0.5277262650286633,0.54090584884451,0.26742639894660014,0.2621801788234964,0.2804342827759026,0.39038308955245643,0.35512641436152514,0.4044485720888742,0.3456903594771241,0.1111111111111111,0.3123207932741274
1,0.45578115646574846,0.9034898283943849,0.9014187022207467,0.900675253831453,0.9716456881920209,0.4971276788335217,0.6319100987144491,0.6055529494950841,0.5133548775369933,0.9161495261726342,0.8833060804307321,0.9049082003201624,0.8826563858044738,0.9003409061792039,0.9067424477647172,0.949085685102083,0.9608731267618927,0.9405286151637655,0.9648374856518368,0.93219575977374,0.9543671370594408,0.9521551840705269,0.9431841478656103,0.955702016629548,0.9520984234908129,0.9672096869489037,0.9395527593069304,0.48793376628612617,0.5295700229091462,0.49644052805447086,0.5175715680476689,0.46149007131882097,0.48172058617549474,0.42644157345701383,0.45135087780642574,0.34715662201019437,0.9191612379388768,0.9116999747654575,0.7858971505810766,0.6531862745098038,0.75,0.933249062377947
0,0.4796447675036507,0.05418575824273576,0.27223189770971146,0.1905846734181411,0.443500240368796,0.5643223825361364,0.3489447198145276,0.5621774964000681,0.4963913036274724,0.3530090658329331,0.37159464715659735,0.33667353158849866,0.3598934322290983,0.33930123628609143,0.4051297851070677,0.3299053214012988,0.3439961452779699,0.34337481366507056,0.2863692724464151,0.3389987203765628,0.3205216143434101,0.3306452006410336,0.31601560679563584,0.32568701425863006,0.34267334576774494,0.3389993622287957,0.30272445617072735,0.5015711616148487,0.479511754698203,0.5141770815601769,0.5016347150505251,0.4772819402677352,0.5002467917062281,0.4476972789513876,0.43860158957074785,0.4756676507517706,0.2402548704108444,0.25013010418735315,0.37386528213881187,0.28212826797385615,0.1111111111111111,0.27190061333120596
1,0.5046794000879247,0.4576741445583785,0.2732009546831843,0.2805981924079917,0.22892982939526307,0.3244385842928168,0.46233745156060496,0.6259872503380005,0.58353452377756,0.09837510370325406,0.19799638101635625,0.13358795530234913,0.2187991445190612,0.12292952389121939,0.21170265256296344,0.0845321444644516,0.08688748738221835,0.11705902574317721,0.042438766535587244,0.13027577801752982,0.09814703640982812,0.10728655891291101,0.0840660124094925,0.08796589044919235,0.10620653042177675,0.07636563510792882,0.11655877761525266,0.3259131943458329,0.3721844377268616,0.2893748685212324,0.3658919539640547,0.33400471485223754,0.27889343372999464,0.5530573005646731,0.4743155497118413,0.48815285457080443,0.22526474810839306,0.21586439212487804,0.24392432963000815,0.1105392156862745,0.0,0.147825694953838
0,0.2900772977358469,0.21211979670899161,0.14423924936691487,0.2044781275073435,0.3024578864541615,0.38410262089943303,0.35921424678157343,0.5788888480928555,0.5027786357453418,0.22297669769047448,0.2698401018707065,0.25084396203637527,0.2991899532219983,0.2549940199686618,0.31787805089310306,0.20089782150617005,0.20229029071832716,0.2562702936346117,0.21520540170560523,0.21077078267554766,0.23166680691167174,0.18534966322180654,0.21453375926195015,0.20055347475672813,0.19675003709706487,0.2496072723214724,0.22107415130640842,0.46695986268925005,0.41991621712747096,0.4506005909163583,0.46844568524459745,0.44235500408611184,0.3912771720324092,0.2919278968286452,0.2909741408269694,0.2778470680620445,0.22128719341717898,0.22466674554550847,0.28618134876459483,0.09517973856209153,0.0,0.18205724451644648
1,0.6554491858646324,0.9999999924666707,0.9999999743738822,0.9999999821576309,0.9735140818357562,0.647799857800978,0.8917048013671351,0.6621756370425977,0.6663783537613533,0.9417473188022749,0.9240182665374096,0.9319032893277507,0.9094096651874028,0.9270481978221561,0.8901985046712346,0.9646664476550243,0.9317592900135266,0.9306260940821566,0.9365389654121515,0.9319751127743436,0.9577529939790499,0.9389214701810403,0.9577086120848244,0.965574331433479,0.9650471280001602,0.9521537326104785,0.9623281554842683,0.5271880678226973,0.5535406074512623,0.6001671659479042,0.6402117345451915,0.5460609144422899,0.5983842565807332,0.611481987785418,0.6145118554048505,0.6416667013951496,0.9655232431498152,0.9647235818858466,0.8457508855455749,0.8341503267973853,0.9166666666666666,0.9505371230471296
1,0.3031154967728966,0.10286476040519266,0.12690643375344873,0.13753078065147323,0.4774277614434141,0.49762021383670707,0.3490337417564732,0.5681080115212678,0.4608843045288031,0.27145822824470517,0.33486362473593506,0.28748521705185326,0.33999108531369215,0.27856165547902906,0.35242877910485704,0.3381726191664143,0.33072973957999185,0.30663449263504194,0.3415137457804884,0.31571594391363006,0.3036096945747304,0.2938857212834563,0.3172442231121865,0.3021013292789025,0.33496733085807845,0.32084266693413993,0.3781314153729982,0.48242356608370823,0.4556021209350367,0.45177581154028174,0.43837138701651684,0.4388197501697615,0.45922831812465653,0.3045364682870703,0.28821899399529893,0.24034951830758136,0.2428408655411534,0.2289230065507925,0.33537621918680444,0.18423202614379083,0.0,0.2360933607486749
1,0.4138667399552115,0.2660165101081706,0.43005848240161015,0.2851578668714144,0.560409390753889,0.5514565686327642,0.5827382195671222,0.6543888610645482,0.7558476006145186,0.41662010722735215,0.5605888085388927,0.46761625565409004,0.5221379248210577,0.4413036101720554,0.518016609746771,0.3944699981739565,0.4059790213148059,0.3764289719279344,0.46760665553192704,0.38281660747722857,0.4598753020829375,0.549351794582055,0.44618907454548495,0.4368124393156799,0.4721433663849571,0.414250061168565,0.39301348757175025,0.49412378606196145,0.492479607674851,0.4956548694270689,0.4969073390182204,0.4904289752621104,0.49267970528805005,0.422540943757636,0.42886076947178864,0.48327680275119256,0.3760342546454057,0.3709128481959374,0.46508885868167427,0.4374591503267973,0.1388888888888889,0.37729335358474275
1,0.6399299209023723,0.9874921666835892,0.9796373717620863,0.9803498654284688,0.93911670303326,0.6979824766364576,0.7967407308988125,0.6935968959018759,0.7053915481282368,0.9539589805156334,0.8553979043757218,0.9409945359518508,0.8797714861574703,0.9414719884126045,0.887095325460003,0.9604872991334034,0.952344404733359,0.9197413424101544,0.948612610110004,0.9508349690960736,0.9414776306273308,0.9502087027891521,0.9509124039954278,0.9444678075879949,0.9600740492214851,0.9519423700947363,0.9457998129113647,0.6932900616983222,0.6710747211799609,0.6663887685763037,0.583405207622591,0.6891024816653535,0.6973609898732508,0.6752206877772177,0.6791363319932329,0.6910698223084347,0.9629913339229478,0.9621591711219833,0.8568967950191081,0.8638888888888886,0.9722222222222222,0.9388370371143291
1,0.1945445147938065,0.1308089579440361,0.1571320066542157,0.15794551003889423,0.3056675620752778,0.386788536155199,0.3203962189970311,0.6223570025031661,0.5491150353422304,0.24151053569995068,0.36961652432040787,0.22911426086961084,0.3031209818179464,0.28295874933451426,0.3265246721088849,0.25564315127296616,0.16660210620897262,0.2772201392650776,0.16985789923391645,0.19535588130208917,0.2268565300487048,0.2438438453422232,0.14964392368429413,0.18705884100278378,0.14614386397508874,0.18758326707363854,0.2117687006296371,0.3960705162053205,0.4170425567674328,0.4018068171144388,0.4612395825049296,0.39219500243824346,0.36090714808455926,0.2393555391735357,0.23241398351924653,0.21672124018847477,0.20518879002887105,0.21129412589200433,0.27137918552526913,0.08071895424836603,0.0,0.15223547413546312
1,0.3681130466239203,0.7870212012919818,0.8767091575463193,0.9032614367346958,0.876550753665721,0.5448125725314865,0.5956137508863752,0.6531930189804858,0.735787428809228,0.89134972537734,0.8678914667012796,0.8860152576639548,0.8247654911599005,0.9050703802147068,0.8667435613030339,0.9089893330276295,0.8984032122453373,0.9155305462404713,0.9102631186331944,0.882511683984318,0.913448687254813,0.8717057462688681,0.9121354881948815,0.9167288287100068,0.9074437449903708,0.9102336350024344,0.8528872785370679,0.5702681869495734,0.4798446825119063,0.5725785842598513,0.5631092447175329,0.5967561519258371,0.5805993650082478,0.3271337203136869,0.3389346401217843,0.28146983131444464,0.860675263994522,0.8780715217865938,0.7618839723718007,0.6332516339869279,0.7777777777777778,0.8787575627085832
1,0.6349854565713647,0.658626131838626,0.49301824176888714,0.5598357709230902,0.9127250853684921,0.7690937112902965,0.6046629209968398,0.7299554590168958,0.7653608166045531,0.6389789750229644,0.640602288999489,0.5426968272192825,0.5454011733099137,0.5658130054623386,0.5553566828289321,0.7375398484865272,0.6123682877320735,0.6807585600993308,0.6721199414769792,0.5809557642059374,0.6526164401724358,0.8729179084742202,0.6007096824057403,0.6246935707867592,0.6354365747980749,0.7016711773901716,0.6817490887559637,0.597276212820655,0.6417144312853924,0.6011394972634768,0.6091654617449099,0.6317809951688877,0.5069386750280305,0.6084404862491719,0.622388107996489,0.5951619264467579,0.6462876025148119,0.6129023167859728,0.6410407626046554,0.6708333333333332,0.8333333333333334,0.6048212701929649
0,0.5180302391229101,0.12849972826734313,0.35782747510749197,0.3711097616997668,0.4467396999582534,0.5627875176439349,0.39752106861281317,0.6364018909546226,0.5837110809827118,0.3917250905942731,0.45057337513971313,0.34696319987676755,0.38182133199681884,0.3631385093718972,0.38387567268977063,0.40614915764827975,0.37923963678782724,0.3714303995904698,0.4116584559435048,0.388251446889716,0.39270908785234404,0.3963971031575885,0.3971071435546393,0.40501847101456856,0.3849993791747049,0.40475553456088387,0.38284566072096804,0.5121982655522204,0.5490272547668051,0.5106736619000594,0.5138648116336523,0.5190556352474924,0.5037763939011028,0.534831544668715,0.4814276469244253,0.49266192688151245,0.2938706952641301,0.3231720713728109,0.42565228314331915,0.3919321895424837,0.1388888888888889,0.28023790557253825
0,0.5097210785990269,0.4300679196879509,0.3612883210641779,0.3470831074966199,0.45751302919181913,0.6161652430492438,0.4981267765381571,0.6702866281535745,0.717597409347562,0.45048696738284305,0.5449333368749769,0.43178637732339115,0.5495745025531635,0.42551656767836493,0.5878950305805375,0.41972925176349846,0.3941927219936696,0.4090103151723203,0.43465781633364,0.3713054623462331,0.42228763015512166,0.4117762870665476,0.38170344282131674,0.3880661577450922,0.45713423965383704,0.3783499109928017,0.37792846616705417,0.5682382933046781,0.6166836834780538,0.6123959821424642,0.6268429550036629,0.5308719872371087,0.5391803665046179,0.5488327908651937,0.4787263231031,0.5204804179123718,0.4271945162582802,0.41083664478996507,0.4764558621596612,0.5081699346405228,0.19444444444444445,0.37475019134400733
0,0.43588381373556,0.18754150971387545,0.19857297133109672,0.1705742647659753,0.5831160879748906,0.4850826793951629,0.5291996280080242,0.6145789092842501,0.4002734234528693,0.35855269979421267,0.4158434163190551,0.3254114457664759,0.3717119630455866,0.35315990723181206,0.3962092453149354,0.33418467795159734,0.3511742509041738,0.32583251255166856,0.32390876746322245,0.35202013968317625,0.3085084740348708,0.36324367254583856,0.3078765845401924,0.30380712416662675,0.3162065090397293,0.32188251481147645,0.32737986640143685,0.4585115277559967,0.4753492520642141,0.4651916693834118,0.4667819285504661,0.4282385687624089,0.44718547421073457,0.44153765912954523,0.4961285808769145,0.4063894686564482,0.2823792111439829,0.2741743610859472,0.3772560010997037,0.2634803921568627,0.0,0.34585580912207486
1,0.7583034037618938,0.7922975197109945,0.7749762614618603,0.8394326564974695,0.8177413772577606,0.6780629467643223,0.4113332925502029,0.5600518529185058,0.47667324910891723,0.8402508449986925,0.7310872400001858,0.8299153079267036,0.8082879821866665,0.8303881209517758,0.761662184409307,0.9245730157315031,0.9348399285444892,0.8757259390611634,0.9420281731519418,0.8657172077173606,0.8658682643532539,0.8924374549081953,0.7754670314333263,0.8329571504776544,0.8067980111549455,0.9204990497359344,0.8449631980904033,0.6027418606736826,0.7154242131315472,0.6674225597263888,0.5987232344668661,0.7872371520284488,0.7456597670951144,0.7458794736675667,0.8252347373960081,0.8460253728267236,0.8489286144564003,0.8433213241636892,0.7842202674187696,0.7144199346405229,0.9166666666666666,0.8970653948538654
1,0.9609132281291766,0.9999999648040034,0.9999998223353325,0.9999999165374076,0.9818909518204957,0.711372204406467,0.88420212128046,0.7059856986261801,0.9499581449992146,0.9468138171490625,0.9361176538025819,0.9273803622237249,0.9058452977670622,0.935426323501536,0.9014454724755769,0.9389441096954779,0.9187929656083276,0.929813911544595,0.9545837654542806,0.9444399748355277,0.9281614495028884,0.9340188856435738,0.9364405772601575,0.9405009091968256,0.9204786962970521,0.9105038774825872,0.9146208689689587,0.5693509147739985,0.5399056795147578,0.5047277962474787,0.5715940467547451,0.5935893810852849,0.6118214684439043,0.9627240850418988,0.9517477765872371,0.9813414208551726,0.9554414789077353,0.96035013535243,0.8782103599074207,0.8592728758169937,1.0,0.9394917552272618
1,0.5880311325878,0.9161548129841917,0.9136349303152924,0.9400292506245735,0.9726838564578616,0.5316859264622874,0.7270841855849631,0.6599943839479535,0.6481640520070949,0.9395956820467803,0.9419817567749569,0.9292206849026268,0.9421349101203618,0.9144527899575479,0.9234982206199328,0.938709700280176,0.9285580631778979,0.8963034830814676,0.9377401000281674,0.9145864333614971,0.9297011921134152,0.939114251768209,0.9426169248301235,0.9156097619165176,0.9334200282402183,0.9313726190435743,0.9329538670459608,0.489052417029371,0.5078623297010781,0.4922591002466986,0.5150726959306339,0.5089062182775109,0.5183622075985179,0.6111315079000164,0.6037548016098343,0.5697902054106361,0.9280283993889982,0.9277134477498231,0.8110902507984769,0.721282679738562,0.8333333333333334,0.9354395708275963
0,0.3843715656886202,0.18832399956126503,0.19430681184637552,0.2544232799748619,0.4413611812862887,0.5150228622914527,0.34101500536860746,0.6314591694454437,0.6674822409323066,0.30009476392390255,0.2700039743336307,0.29388186657591026,0.2634987925973132,0.29557238591856316,0.24178413365445275,0.3240262518102199,0.2739137348473048,0.30200443672200344,0.34039064370766065,0.3170987147731591,0.35063156001305984,0.31433069928354945,0.3674755992157329,0.32780569268085125,0.33215030038145893,0.3304544345292853,0.3357733181410925,0.438199125155876,0.4244514830739395,0.45084700906263525,0.4491076273256269,0.4564159386639383,0.4352080947101123,0.3925446795729598,0.4186033124361189,0.3785772761855786,0.26874403931579843,0.2712455567681641,0.35211346709267904,0.21491013071895423,0.0,0.1820887731530719
1,0.5168589178427065,0.9293301528144282,0.9319990557779032,0.9217375332970509,0.9697201029437825,0.5449295912557447,0.6477525440919512,0.6526964341624355,0.6125999892628855,0.9371342541353268,0.9129577846667116,0.9263790433932503,0.8938544301730674,0.9270552860891896,0.9078144340394033,0.9662759945828272,0.92433628415744,0.9429054990218283,0.9452792549958585,0.9223755939505555,0.9378793268507625,0.9445030251890838,0.9312399776449883,0.9485608004865397,0.9496210695723953,0.9394059087454044,0.9556143983575902,0.5171282699512665,0.5852138991132985,0.5493726367959721,0.5786540986380311,0.5103261247100245,0.5407223002207768,0.5500796989088037,0.4899472445518411,0.49393479670414586,0.940661730263502,0.9341556020353492,0.8091714047702384,0.7348039215686273,0.7777777777777778,0.928433927865743
1,0.7245344659915474,0.9992671545413749,0.9993194830969172,0.9991469071358097,0.9570953589869398,0.5733944126873857,0.8389573680839915,0.7035479914586008,0.5211384525982002,0.9539149420238389,0.9213951411974282,0.9532819750117042,0.9127201745957327,0.9420135238747186,0.9273358240453998,0.9617884950149463,0.9680343534315129,0.9446052571588789,0.9787053530618283,0.9526048876358371,0.9685330170444583,0.9172060210454951,0.962735081466716,0.9681929566095111,0.9591076919561768,0.9734426383311952,0.9551425604465079,0.5521316358663575,0.6688610242838449,0.5850865923481807,0.584666754726665,0.5910395658692832,0.6937887250849338,0.6782624666073174,0.694701438880797,0.7302058948369247,0.9714458748560085,0.9710996111157109,0.8579202642521127,0.8638480392156863,0.9722222222222222,0.9574956999306911
1,0.2867468693224846,0.9431621143097371,0.9655395407989902,0.9792918878771019,0.9496750212645657,0.5077967130978885,0.6649979424957126,0.6460468563909081,0.6616108660020799,0.9154613599800658,0.8771934122452556,0.9030950618085789,0.865154701629175,0.8953915637243876,0.8302026016859385,0.958831296114389,0.893988055540027,0.9298588858425746,0.9466832177355669,0.9254311731392739,0.9254036674880834,0.9330985984441613,0.9306144542702562,0.9546420305596351,0.9110167261282227,0.9242453077240469,0.9430966498478893,0.4793191529676369,0.5047331996408035,0.5101215357248782,0.5060161241041015,0.48433746919522286,0.5074026740565404,0.2813730282400262,0.29768604173713215,0.3523717550076124,0.935029490744235,0.9359543847668389,0.7751747941765587,0.6281454248366013,0.75,0.9227167349217379
0,0.3544101793854532,0.12786293727572554,0.1342940119366632,0.15863255915757743,0.2145404485916778,0.41360427543767897,0.3691280071433099,0.5181747706525353,0.5185215402575165,0.2785968584802247,0.26109546688632446,0.2652603835040487,0.30344080512422117,0.26615749101692165,0.28293738640577304,0.24016384213076636,0.28339974729451917,0.2779374251094595,0.21512645749741816,0.27928114924491876,0.2245137170523685,0.13183124856280654,0.21394667869398498,0.26152166387237,0.2135761797455194,0.21234707345970247,0.21216920893790903,0.4844528490541431,0.4680225601171224,0.4527247432869086,0.46607392608181447,0.4380414866581427,0.4912047723767856,0.3393090346446319,0.3880523233279967,0.3972156500672316,0.21109572097018017,0.21161544261700796,0.2975670767837504,0.1281045751633987,0.027777777777777776,0.23085986222068242
1,0.6727042589476148,0.9608170772935996,0.9479942072949173,0.9630422500383871,0.9777844423390557,0.595185964803977,0.7337963347834067,0.6686730989985104,0.6557951991318904,0.9663813728764958,0.9605641422693731,0.9399369471412422,0.949331522626838,0.9359063996109809,0.943784884859378,0.9820663919751681,0.9367394697407824,0.9497265460286992,0.9384187801852409,0.938219121424126,0.9408217016417242,0.9669389835682127,0.9357433952006143,0.9501336355898798,0.9457595479226245,0.950236614468608,0.9506332704032476,0.6177926036262156,0.5690439879090071,0.5654925298902428,0.6603537206760411,0.6148751153702773,0.6599537975500135,0.7260682105410278,0.6918602317463948,0.7620192165631005,0.9609401388033366,0.9563538132118754,0.8538292668900694,0.8637663398692809,0.9722222222222222,0.9456680240634379
1,0.4786189940241122,0.8885191645410018,0.8555416710447746,0.8982177669856185,0.9741959966280052,0.567260126172545,0.6624079698241837,0.6571362870468435,0.7777688059555172,0.9197842815310476,0.9359419694596169,0.8961540205933911,0.9169304941661378,0.9018300633233203,0.9221017744870311,0.9163977298493322,0.8966162515840463,0.8987918568584203,0.9019280349273365,0.9008833728494192,0.9159310651446773,0.9042742308331022,0.8985460247119077,0.8964459151568702,0.913534959595165,0.9041516303383287,0.9253890644675532,0.4524327858354064,0.45092813149548144,0.4361825114830457,0.5441038846781836,0.4190013033209335,0.41337073552416514,0.5182826129066842,0.492984946222842,0.4618255734064126,0.9003569716612416,0.9002237490585326,0.7803697251255238,0.6275326797385622,0.7222222222222222,0.9108702278446723
0,0.2553098928576638,0.038242219481314704,0.09811648884155805,0.19347892138545233,0.2419454288283365,0.2608181730739592,0.3653109647099813,0.5794793179623542,0.579970953985024,0.18508936043695218,0.209976883793968,0.16583820726179152,0.26017341944664274,0.16877217821996668,0.25795003715995896,0.19562227606673752,0.2432654976099628,0.2226244248064104,0.1804067030381999,0.21975252674038165,0.23255007008317033,0.22106207172597903,0.15153286961508153,0.18873215245043376,0.1990107350361312,0.21653768835667844,0.19445272706598454,0.36980925535325776,0.38689365477856313,0.34952541768812373,0.35476320850827575,0.32177852644258964,0.3263283951029664,0.2780818781506991,0.26246986862704985,0.26777404330384885,0.13323423426994793,0.15239076048305256,0.24686565790021175,0.0477532679738562,0.0,0.13718737911345694
1,0.6319737787967316,0.323593936183974,0.41433622059844544,0.4665686402934977,0.73282104926712,0.6733004104579667,0.6373100145021071,0.6738362459183547,0.5952047160055777,0.49150149141570915,0.5148229440833155,0.42420047590155996,0.4734092159821853,0.4316014113334492,0.4581015405911698,0.5149283514973821,0.4856102365996489,0.3361638343560846,0.5108427419686591,0.42337489836625797,0.37501526589999606,0.6025687603073335,0.4423309802356423,0.3889814464791983,0.4542701336544424,0.3889436605459945,0.4274816014347477,0.5218773980677653,0.5295845514631519,0.4933019135041524,0.4971738551438949,0.5646189674794224,0.49407794910854147,0.7201972894210691,0.5823348981526358,0.6516636783122329,0.42090758786097204,0.43217856304197255,0.5024955624463898,0.5167483660130718,0.3611111111111111,0.490170342471436
0,0.23424958678342608,0.0837592363416377,0.17414336690581317,0.11977214583084328,0.4100947386977264,0.4413092644571181,0.2971983566460415,0.5856019125927301,0.6336222536157962,0.48678486735209037,0.4011744668719504,0.36489221534336974,0.38253373832561277,0.3846098354579356,0.31831188704321856,0.5005737353839405,0.21836789062742568,0.35051230855698223,0.42141022454337335,0.298111758475183,0.34963431080622764,0.35447456664742305,0.3574432980054987,0.36778900921721436,0.44370107550700916,0.3023942576621903,0.3755292774300306,0.42837938509769524,0.5051689107433336,0.4805116744144342,0.4358689649039725,0.38670184084503223,0.43337009777860025,0.18671990178486747,0.24688856524220076,0.18750962447534636,0.3164083956896493,0.29072143367154535,0.3550553872227226,0.227859477124183,0.05555555555555555,0.2190574361440909
0,0.3922215776093691,0.21299905143242737,0.24089629984715924,0.19812227152640705,0.3726403200967729,0.29902781944293855,0.31489805271313503,0.6076529337128115,0.6700812910535184,0.1925819230248424,0.19187264097369078,0.2354965773585084,0.19849759284590363,0.245774840765106,0.22170143859910357,0.16575453357320816,0.186371701180205,0.2742104737372878,0.2430736477760332,0.21465448970084844,0.21724673869914443,0.2391564274220547,0.1857620215258548,0.19125806930651368,0.17829741235528943,0.21810762997708508,0.22616043811491696,0.26601599276337234,0.34964589092139753,0.36055770657072744,0.39734463125242353,0.30233901775259436,0.3700067279644565,0.41388771461032464,0.42101147749695056,0.39757830462645094,0.20475005412138128,0.21162945493113136,0.2778240476798528,0.09538398692810454,0.0,0.13429187485231575
1,0.672377533641052,0.7972292140463058,0.7320050063242706,0.7673186433340854,0.7471771202714682,0.6503140153654208,0.566340974172731,0.6603699616162071,0.6917090445752054,0.5711317192458409,0.35874085592062077,0.4860979816472469,0.36780153939867255,0.4859195184511549,0.37943109210090376,0.7641254855471744,0.5133138606924369,0.5177678459336799,0.5593188679268013,0.48137660113985764,0.47913233806642913,0.5710514275116304,0.47573254301763,0.5927734406807712,0.5017812317441535,0.5524458155192097,0.567982669675522,0.6756447492039139,0.6160543226119308,0.5672006552331786,0.6302180706701251,0.5705168667342042,0.5953314099506299,0.6751382226357763,0.6300863003138935,0.6750759335126012,0.6824842270802423,0.6601381686051935,0.5828767339575583,0.6165849673202614,0.6388888888888888,0.5865879915873915
1,0.4460265992029031,0.8778731801885057,0.9310919358950145,0.9121673611856215,0.9787782347853388,0.3256121277710147,0.6022383817158026,0.6234546326482076,0.46650271251754366,0.9591640234707286,0.9425001245916482,0.9363171410827343,0.8881138177771959,0.9201474348052538,0.8921190460189372,0.9523061604709853,0.9077101291541272,0.912114537805298,0.9287219227804254,0.9215950686421748,0.9078224551595064,0.9216458868223542,0.9214246987722875,0.9258759071602568,0.9003725192891096,0.9308524716658731,0.9056875499373748,0.37053866543507824,0.3651470249934684,0.35454925316183217,0.34989028466069827,0.35106969550674616,0.30758189462930147,0.4681907600233037,0.43238103567987957,0.40800012530172464,0.9221654939140751,0.9197622555466202,0.7551933532812543,0.5579656862745098,0.6388888888888888,0.9410038837239131
1,0.8858550419291784,0.9088577358469531,0.845895630977523,0.8397493120766162,0.8061996706023951,0.7780897708058745,0.8007088818900356,0.7514432260936122,0.8153450817173903,0.7279906342485462,0.7788581795943564,0.7039928495252593,0.7896976843167105,0.6726243553825864,0.7703288596296429,0.7038724462678366,0.6149770509059559,0.6222216032073761,0.6743789045443455,0.6176216963150559,0.7421805606278483,0.6245645045867266,0.7050283027769281,0.7270509738714457,0.7571968207652305,0.6414520365085656,0.5640328522869696,0.6627174024879974,0.7577605920378224,0.6763025419079925,0.6370532170000384,0.727146605504521,0.7870565553260772,0.8690374484710117,0.8931982625488872,0.8673205524190875,0.7722410105466829,0.7658193398198503,0.7399113539246269,0.7647058823529413,0.9444444444444444,0.790094333134605
1,0.6925588194241243,0.9582481588117323,0.9349471927218858,0.9442795353442561,0.9715110573153979,0.6098804867345732,0.77199129544755,0.7080858451617479,0.7498414401229638,0.9396764982255851,0.87008030029483,0.9259173899941349,0.8773975991618871,0.915114463133665,0.8316897694016646,0.9228685753365198,0.9062759992587416,0.8757132819764953,0.9152983307741797,0.8810689357436342,0.9258241730081469,0.9120940134822251,0.9309829685287786,0.9223998478372556,0.9406803966439308,0.8968733956733512,0.9059240044735297,0.5923785018677868,0.5807823112839808,0.5460542338633056,0.5383145599509229,0.600900671140095,0.5674667025940369,0.6807481047629569,0.7020353027954774,0.7442496049769587,0.9356780413807956,0.9332856245240615,0.8262816298481184,0.7768790849673202,0.9722222222222222,0.9264764356271835
1,0.8757993721060437,0.9999634535860797,0.9998955253296804,0.9999425301694208,0.9800601623593633,0.7448924885757191,0.7983372760411037,0.6482974116944721,0.6296016125853663,0.9282423310906112,0.914122422058686,0.9416975759222674,0.9208213784244486,0.9544691801675393,0.9442321928400339,0.9276462592079979,0.9190586115259325,0.9344869235712681,0.960457211666873,0.9349842059202166,0.8878758201167382,0.976931838402458,0.8887851576598499,0.8781041389789602,0.850956770742355,0.8909879351845006,0.9033157475329191,0.5031810246317591,0.6042416662907886,0.5962047905863808,0.625759274533679,0.6302245769926842,0.5517328216327775,0.869456682996111,0.8702541359498411,0.9206458888551756,0.9564357629054484,0.964743799810661,0.8585270282038197,0.8295751633986927,0.9444444444444444,0.9532115998308992
0,0.41149063983548756,0.1688920299779125,0.28593420587349516,0.27346671105026327,0.47347174634827666,0.5431768400504263,0.41310980043601914,0.647705888204841,0.6110724865080652,0.4398075001209952,0.5277165573537064,0.4243808940075128,0.5419668122816372,0.4552267225243328,0.49071014994330325,0.3469483323918461,0.3612091530463088,0.37905843648057397,0.378691490901435,0.4082835500325637,0.3919020116290957,0.3971710072575847,0.3712409345458508,0.4008825000496928,0.37295789386913003,0.4032909834630481,0.40383649871626787,0.5854570795306939,0.5413487869165257,0.5571866959957974,0.5423591183438294,0.5530681079270509,0.5929321120312712,0.4079099314568737,0.3740657541075626,0.35522029145376977,0.31340708545909046,0.3337829379903735,0.43203466484227354,0.41111111111111115,0.1388888888888889,0.303527873819893
1,0.3087519670668857,0.17445282743494422,0.13963037245826576,0.1682024174030619,0.21783614140666677,0.3356230811512901,0.34134884198921944,0.5766855343479423,0.4117775591342716,0.17255572725200902,0.26059772566436423,0.20883597823713956,0.2767244867396213,0.21104731332747892,0.29044052197484066,0.16588353055494168,0.15333942653154115,0.21042874172460144,0.16653277565261743,0.17594917376794625,0.20156398374346243,0.1295346063112789,0.1546652879345034,0.18436322217984816,0.17412935604929036,0.18603178407224955,0.15140308476800263,0.39894089265600874,0.39878019689384764,0.41584681631829046,0.48672625235415246,0.3689737878456557,0.42351758608500645,0.2647507701878902,0.28586425427132084,0.32343625816141447,0.18305744540900848,0.18568441339151326,0.25281432554698813,0.05849673202614378,0.027777777777777776,0.1727420163147159
1,0.5529430073209032,0.42324983541100486,0.3863554446021313,0.46268638685662394,0.4409459958458027,0.5276362071538556,0.4253968322593132,0.6125411165922575,0.4318847096056628,0.306068045289744,0.3098637479549046,0.28588327816871184,0.30654885179530994,0.2665249722398692,0.3237326608046195,0.36399485603561466,0.29750525055182203,0.25577013588760805,0.22669286053658932,0.2528804084460058,0.26906416578841247,0.27486096371325897,0.2916735321174392,0.24669459065355395,0.25702244975122257,0.2695860252288218,0.2775762487054259,0.4990616014411322,0.4956453864573675,0.4892102357246969,0.47105347767760924,0.38970305966017044,0.4876235164232254,0.5803763945606759,0.4898156014974583,0.5277676209681096,0.3577093232051105,0.36046786574236495,0.37171669388716017,0.2503267973856209,0.1111111111111111,0.3092887664783745
1,0.7192109271788228,0.9434407725951999,0.9592130450863126,0.9551255320932983,0.9781772078291278,0.6122257308002819,0.8484409479090139,0.6909207683213751,0.7554769649690718,0.9392583267774267,0.9186195315785459,0.9253055943612465,0.9164884142783996,0.9301036807327321,0.9175586020373345,0.9325641111654352,0.9086941752693104,0.940332666529457,0.9278541974414609,0.905083164895096,0.9147602141488885,0.9392817198384049,0.9271984718760923,0.9307188214248008,0.9092330612747558,0.8868885738138572,0.8902381329163517,0.48896444496813035,0.5551999033176998,0.5594006854022877,0.5786437761505582,0.5772092597357519,0.5665901047197045,0.7287235757283718,0.6345797429917625,0.5543896086404309,0.9337701593739606,0.9373079381895824,0.8304430174362223,0.7796977124183004,0.9166666666666666,0.9299266538837999
1,0.6138128978851604,0.3517354564207017,0.4048434717261496,0.35721775106796255,0.3526906556385574,0.2944652802789111,0.489141018125904,0.6074217569997892,0.4644339218596503,0.380020640155767,0.41770507681285396,0.37500307886813256,0.3857801625597566,0.34687164154654604,0.4058204795817416,0.3489408069643266,0.3162193130856859,0.3160872294172604,0.33775221185179055,0.31290541336971195,0.32494265681169165,0.4198365226802453,0.31633119420344236,0.3373567653092971,0.3659951552576309,0.32346658102439685,0.3438260469340041,0.361739368219968,0.4263510851415368,0.4310105677100147,0.4295063367562821,0.44483123070513314,0.40090335454063,0.5457272586582116,0.5863069426047994,0.6207340353242098,0.35855978075105366,0.35595374697353394,0.39736431841936326,0.29138071895424833,0.05555555555555555,0.36583772930370884
1,0.6120790242192891,0.5632400049025962,0.4440184772719246,0.4671703155846535,0.6103443812758271,0.5172658669348107,0.6091343109515344,0.6491816797835439,0.6889618244009114,0.4859002240375589,0.40014419225966796,0.44659032047503844,0.3908738503061701,0.3914227775196649,0.39317588801931047,0.6190516448035462,0.42842805608017676,0.3695891709153858,0.417900104412473,0.3682157896409433,0.47788822552540206,0.4227038703976864,0.4077176878971464,0.4812306967822542,0.4809385915909911,0.4481268008170627,0.5312315436288764,0.5024054385672512,0.5346964932391848,0.5267030104585803,0.6229010159610852,0.5186864659418147,0.5726339589727321,0.607313072827542,0.6086686645578637,0.6463211205094592,0.5429606567270603,0.4974950126570999,0.4999263985883638,0.5141339869281045,0.3055555555555556,0.46182204593288917
1,0.7681836915575954,0.6930077594445253,0.5747918042293786,0.6863019148802323,0.8318046003461345,0.6789246705823221,0.6966438834775104,0.7183883431477243,0.6473511657486288,0.5857748920539858,0.4735748165929783,0.5795688772338655,0.4880823010040062,0.4630826176613388,0.47990822198466887,0.5670649860356428,0.6666941213965815,0.5888445339284984,0.677931952165004,0.46524625968407113,0.5083647543830728,0.7186688887411056,0.5945970464086395,0.5302221034102569,0.555461125281017,0.5803634462030728,0.4846002318122901,0.5769565906862367,0.5854878297808846,0.5986571542187327,0.5924941018112235,0.6611577214744454,0.6241390917235792,0.8080172581187358,0.7494656805092793,0.7759902658597759,0.6132138742380112,0.5978052310511209,0.6138008512896473,0.6665849673202616,0.7222222222222222,0.6650218538195544
0,0.4586866089629121,0.22507368073549525,0.17681527656282242,0.14390607342510356,0.27784776185627585,0.39453077937341474,0.39611079289528,0.5797469253892447,0.45856104198599235,0.24834943610429278,0.23655720347187553,0.26800585384491316,0.26534816340875883,0.26908075333572734,0.2648695194738944,0.2786084075569069,0.29975508247466426,0.27715145774653316,0.20670441136596251,0.2865304344172281,0.2711066490364416,0.14534008843697133,0.25314823003439163,0.26919881037920446,0.24313632282497236,0.22930410750519964,0.22042054746621106,0.4844254757021575,0.44469435835590604,0.44679807958803974,0.4405434201901753,0.44933320296028567,0.4806357286623154,0.4233201476130562,0.4557958217989155,0.4616586919266011,0.25722931404577176,0.23693495377962925,0.31340023307617804,0.1519607843137255,0.027777777777777776,0.24649192905757902
0,0.17303918261129186,0.016744286797591993,0.040840006995012376,0.07077120725088269,0.4849322746302014,0.3846032812729732,0.37130344248986935,0.6557001957643636,0.6966134883327032,0.3092209429547724,0.26989426485360957,0.32720755974109833,0.2695136079704169,0.28374334048437716,0.24971550003566984,0.2853885244933572,0.359012494825326,0.28347810290882264,0.364017445941477,0.4080077915680285,0.380097283885333,0.33141325043776726,0.35534940691822886,0.33022030713098327,0.3389967295262858,0.3372862761683815,0.3128200565226175,0.4788077901293302,0.43745847167460655,0.4618248440923127,0.38913832112452257,0.430158326990684,0.4083512716166779,0.20812477549814165,0.19784156529690064,0.18097590169237368,0.2097801236773492,0.19677098375346147,0.3229797390154082,0.19183006535947714,0.0,0.16331209347394926
1,0.7234328036324091,0.6745918272575695,0.6484066517089406,0.584119916969928,0.6724009995350074,0.6840470289509736,0.8056591110424284,0.6880204095056364,0.6961179397895367,0.520335029702806,0.6386761209044424,0.6090322148533365,0.6221044689231225,0.5069896785847418,0.6438764534640586,0.3168108809031613,0.6912737359981957,0.39640920217514547,0.5841070031304135,0.4593558100296666,0.5427249485715916,0.48500776771964366,0.4723860984039184,0.5023424400700985,0.5224872847217698,0.5442294575234413,0.4620630119146824,0.551798622665728,0.6664274409584471,0.607732199406236,0.6855318076978589,0.6303216027013553,0.7045389586526996,0.7356912042089555,0.7128137658946772,0.7452324142501099,0.5334783076713557,0.5383089037137474,0.5968290325411292,0.6607843137254901,0.6111111111111112,0.6770582654291952
1,0.7010396069445424,0.9775376580079014,0.9798018452185314,0.9830373691149635,0.9413228017144449,0.6136445880312068,0.7405872133224991,0.6200915528604681,0.658263607255033,0.9252075082148767,0.8195185028414578,0.9383881905154997,0.9100527419170948,0.9416480357017314,0.879583318351175,0.921838079249215,0.9454730917818732,0.9074975073220723,0.973344097433149,0.9327529257907025,0.9402833410320804,0.9047845704009971,0.9688325218272258,0.9501365533531191,0.942512052446789,0.955748532869818,0.9426484642075019,0.6313295014738146,0.6055899701746996,0.5992847078290917,0.5513261544790161,0.5989744883221284,0.6799994276224265,0.6860502678166507,0.7045088055256813,0.6828980240536705,0.9459213092575386,0.9524898665178622,0.8405698118432869,0.8115604575163397,0.9444444444444444,0.9415638631909142
1,0.6650360614332622,0.959967899676967,0.9251443998651446,0.9373259604792936,0.6542382952218786,0.7322258760001855,0.510555642800211,0.6730695437736558,0.6447267559503171,0.674247243631809,0.5997484526496777,0.7265286589657413,0.6367907917564336,0.7890409961170308,0.6453688396984066,0.7506721390653126,0.575778875328518,0.751077259969658,0.7512793981750394,0.7745395815743555,0.6351490559099948,0.625103469096993,0.6001748530731377,0.6967239029451046,0.6140618125062425,0.6396305753667502,0.6193594617835252,0.7383571138930879,0.6668239426172936,0.6986198941820854,0.6698485957773074,0.7983039066277092,0.7764683624018599,0.5522801098874247,0.679982099263962,0.5923383511784203,0.8123895659026736,0.8327071308608691,0.6951949487074542,0.7004084967320261,0.75,0.7621597126026293
0,0.7821178627049233,0.47324414259299247,0.6038842161390263,0.6692810588349163,0.250569968228499,0.4272728885480189,0.3515008934350376,0.6600071001801163,0.593600078826691,0.300707681145437,0.36432799087926515,0.28819585839822276,0.37464478926366196,0.2693032374524381,0.35771185704048236,0.3426755337590912,0.2975669196785823,0.317451476110884,0.30348264525738483,0.34420728592930483,0.2988892428016239,0.41541107311350195,0.30424663186485595,0.3181588201821641,0.27264596255003437,0.26827324592714286,0.28076508928051636,0.6372384568524094,0.4790745350448486,0.4346947854244142,0.5062246287627851,0.4557911934766261,0.5573035290902444,0.7233725523886965,0.7338721805998237,0.7082510650247879,0.3680385115834355,0.40853996620753213,0.4239019567027933,0.35714869281045747,0.25,0.2659286418911163
0,0.531119199944009,0.510048969406476,0.36271291398324673,0.3898338512389156,0.55861400131968,0.6060844513944137,0.4350661636722037,0.6608851589009583,0.6453023821518312,0.43565513943871625,0.31484940020292923,0.39223555717362746,0.33063750096756844,0.4008072490844725,0.3265772460490689,0.43621272393377114,0.39204574283244525,0.3845466841626862,0.39070280886740705,0.4058318410386365,0.3674267879996942,0.3076178511601881,0.37883918053307725,0.35579545032526366,0.3654270774169688,0.3573293525793653,0.3533706912828602,0.4910017675277149,0.5355884971958541,0.5341411504419317,0.5279846614839189,0.5090758701601915,0.5355124989360797,0.5368244763613415,0.5380790055695688,0.5168676009178851,0.4461657501712915,0.4258276701674525,0.4381152161601594,0.4143178104575163,0.16666666666666666,0.35200637086861375
0,0.38064488577770256,0.18169140639964115,0.18188847977265005,0.15417222959651378,0.3236500943651183,0.4680574389414344,0.564725508451907,0.65758106421999,0.7333447849505621,0.23870019676332874,0.5077248786190115,0.2948695143506729,0.43610353545275976,0.2985614020561472,0.44046488190484967,0.23347629231222367,0.2168451159093438,0.30266672401902583,0.2156587607567448,0.26673981044930045,0.2919498658868809,0.26501873483809163,0.21203561043115812,0.2519578179123883,0.23474789313124853,0.279043216695478,0.25920012091679845,0.4186076734826607,0.4688265594320695,0.44273320093358626,0.49066398836888625,0.3927042205621622,0.4493184209752823,0.39031617192193574,0.42061414346782583,0.4540242822274713,0.23667907102084587,0.2325541689430397,0.34411760220254883,0.21601307189542485,0.027777777777777776,0.21624620469871278
1,0.3179315919361739,0.7509480762494553,0.7192784487314097,0.7630153413202502,0.8873254623316702,0.4956487857166168,0.6695312143724265,0.6841616950993826,0.5483596155539914,0.7457592378510369,0.8552419273549487,0.7456900152859947,0.8487531942917391,0.7930596433499624,0.8707856481596256,0.7014938950196428,0.7211795459715279,0.7802885427205545,0.711179972696469,0.7605666119029307,0.659113217493023,0.8903053331724825,0.6525164302567534,0.7580074205263454,0.6735483755927119,0.718559026055858,0.586242973232725,0.5003058558731983,0.466105832255477,0.47499632754160825,0.4679998316065754,0.44297423537784625,0.44129953868265004,0.15404180331246428,0.32482973709472907,0.39184202176005734,0.7327106621850309,0.7508413942450611,0.655635879714503,0.5183415032679737,0.6944444444444444,0.8614376681052333
1,0.5415982104915406,0.9999700792761541,0.999934934169539,0.9999389153847732,0.9810772922892478,0.588941758826767,0.8640925826967867,0.6104063193017977,0.5402237208270361,0.949000120966472,0.9344974956880472,0.938186814181633,0.9206015434722676,0.9219399473802661,0.9122711021169364,0.9669450668493991,0.9368815849482395,0.9357377256027334,0.9810866410025838,0.9292955787146857,0.9567097088036721,0.9470652000862261,0.9618956897799821,0.9649827001864388,0.9660577800001288,0.9594271685114548,0.9601348627997423,0.5066910240140092,0.58639337217639,0.5933845343253987,0.5446696151657137,0.5856315264252524,0.5782783702065927,0.44282765789912243,0.5513123658961531,0.5132673540903266,0.9683673201023953,0.9653961646144451,0.8307705967225336,0.7904003267973856,0.8333333333333334,0.957481569870957
1,0.7395968740346422,0.960910224836458,0.9471718954114767,0.9568544095712307,0.9726529933269193,0.8289952604373851,0.8584489690570395,0.7350010916768455,0.8362531519097332,0.9409156420770474,0.8974808018771305,0.9380704237182724,0.9436564635999289,0.9372982615011031,0.9295487738857146,0.9233164174429948,0.9195206378415622,0.9521195849123071,0.9457585107656483,0.9480868122512399,0.9392857409837042,0.9710946757180049,0.938459152235794,0.9286786346539256,0.9362205034555823,0.9353096653079978,0.9484567822019188,0.6291597535312244,0.6698710482631604,0.6730611068219642,0.665552498844606,0.6420345071572173,0.5559826179275437,0.7605564782164181,0.7296466042628694,0.74162724694296,0.9407656886659085,0.9432899474140118,0.8680889137471959,0.882598039215686,1.0,0.9288891128216509
0,0.5812126514845768,0.32135198510099183,0.3003194714640688,0.34251305660546727,0.4657340519227872,0.6176014179564425,0.5622819597196295,0.6682914760470118,0.6475249406831404,0.3350183239672424,0.3386846366289787,0.31282396523956096,0.32836123542119955,0.32228229364509675,0.34881076542286105,0.39102060953369344,0.2486551242568776,0.31846637212398254,0.254976665005733,0.24948708579004616,0.29089947418144635,0.24261930469659873,0.33814580526195287,0.28546285618695666,0.29727281220647434,0.23898156693062403,0.2951530330394888,0.5559403398894757,0.5339268948034109,0.5883705488011787,0.5354854049170753,0.5826870862860027,0.5369012639932262,0.5630731951335715,0.5431840079058633,0.5598413815369657,0.34173218662474875,0.337998382024962,0.39991236227115085,0.3677287581699346,0.25,0.26566249725152813
0,0.39186057714566963,0.4300321955508812,0.29267661355444485,0.3826181012005163,0.5915536620370443,0.6739394426860527,0.40704885151629255,0.625393883317055,0.5678541640872791,0.4277581435447383,0.46961382003227853,0.41818143924168405,0.5017812158701556,0.4546192412999813,0.42419797232450485,0.41975779890768977,0.4615956738463231,0.44334039320501517,0.398574771759969,0.48163561006578615,0.44967621702507854,0.5028322432940073,0.37952939452755435,0.40571085861842276,0.411662203910284,0.4536260848155354,0.4296823534967305,0.5532989552717278,0.6021851233132319,0.5916113289848638,0.5712811378034498,0.6371625026289404,0.5797981150706408,0.41244763059808354,0.42407411996142796,0.4594526848286674,0.4226571445667517,0.42104175524015053,0.4692109881116897,0.46952614379084956,0.19444444444444445,0.3980083369624007
0,0.3247503069821753,0.2352540900741121,0.1877674429318517,0.21966228527072923,0.38195446055045235,0.4328180208485646,0.346642407310493,0.5778581479776698,0.4300682873005978,0.3516576278796903,0.3626806118950495,0.3341985573385705,0.32453736931550126,0.3459515617898735,0.33969370720189274,0.32959880241323114,0.28640235787331786,0.28773212000180953,0.28968630014019525,0.2762773359558741,0.28502374490970356,0.30550971781698044,0.287836392447579,0.27774039749033264,0.2917149543062168,0.2875637140521687,0.2806430056660802,0.4557015097491785,0.4587030586772311,0.4334213738745671,0.4258025653028952,0.4522194836456004,0.426250257615583,0.33965100649143604,0.33733631387314034,0.33766250393942643,0.2996838166086379,0.2929330593773033,0.335817126695215,0.16842320261437907,0.0,0.2798368542095977
1,0.7216695513050204,0.9999910317713484,0.9999879273864561,0.9999894083012938,0.9296064481449847,0.6726701872363633,0.8226876993651754,0.7777277920999796,0.8847563659079962,0.9457351049556639,0.8520348400814441,0.9107483999987487,0.8805196583482336,0.9611120882933546,0.859372568576175,0.9356387895071319,0.9144068195715912,0.9454199342634209,0.9450103594170247,0.946225941590658,0.9267771032338913,0.9657379341728721,0.9155090124489408,0.8903127150419526,0.9166486151923147,0.9345458884157575,0.9209444237711326,0.4970876988375245,0.5682370360550505,0.5586872894753255,0.5526686931496655,0.5315615494471675,0.5899809034923882,0.7381002553641655,0.7228454037719867,0.8284930357421834,0.948792740425743,0.9614959435743755,0.8471097062957668,0.8262254901960784,0.9444444444444444,0.9254363181682792
1,0.3564732343973297,0.7940403376252504,0.9058521663093231,0.8175311467068992,0.9748773839022191,0.4727292156865364,0.6564547207753463,0.6417180468502012,0.4710943412320366,0.9586668986183,0.89494465373865,0.9140859162447648,0.892421435072609,0.931153595697331,0.8883242327519862,0.9710079345567457,0.9337919430540021,0.9347365231448742,0.9538368957063619,0.9380532770553184,0.956261478402266,0.9362560001260738,0.9550988597788493,0.9553217992191396,0.9605067985682444,0.9456372547613872,0.9627466282353756,0.4661554644279769,0.5216142036929008,0.5153551268761252,0.5562224454470943,0.5128644879185894,0.541162461689191,0.37260503668066897,0.35682648465368166,0.33011974711636827,0.8930447294755869,0.8855637861661982,0.7795982159069522,0.6642156862745099,0.75,0.9320567569935057
0,0.6209270093659525,0.4809073217494505,0.5225855847477014,0.5716752540351706,0.44995171624330116,0.5590130414861991,0.5927299361424704,0.6965582263673389,0.6906312795397216,0.4510886903655488,0.4734739311926238,0.5111988670011517,0.4632704114773426,0.48816509776239714,0.48653655679267127,0.39202431172726504,0.4005993481531639,0.392283498381623,0.3363664954023792,0.3578391299697986,0.37302040255181435,0.382688832039535,0.36754735944498057,0.34601784494712207,0.42335942164952317,0.3615425601557452,0.406237314481746,0.4974465718629536,0.5037397179543242,0.5768650741378916,0.5890705891474338,0.493627523852563,0.5736983435020223,0.6114487366626442,0.6269633921797825,0.6399367653451694,0.46137683349262243,0.488794170455087,0.4826012736458829,0.4989379084967319,0.3055555555555556,0.42167862932178096
0,0.4296593046981763,0.21330393518550692,0.19817665513243132,0.14116752509355462,0.3859235625047273,0.4989545668842043,0.44579499833565844,0.670992937560043,0.6428127384350062,0.265080895198737,0.2962710466541519,0.28076302333808956,0.3359711503121273,0.2864251711970125,0.3210559794655806,0.3014859615181406,0.3130080745392042,0.29976352721768196,0.3011898899348106,0.29801434858564435,0.2822657959201003,0.30626572201963614,0.27991748622092993,0.28790683622250307,0.2715762521454948,0.2961074998644781,0.2985146938478957,0.4889298820688489,0.4282176628349147,0.4510770317926747,0.42871479441730675,0.48460139616607445,0.4098573569304504,0.4430833266805436,0.48680239495303723,0.4811549369407327,0.265184306680579,0.24462912326646086,0.3503181253581414,0.22847222222222227,0.027777777777777776,0.21774779507067923
0,0.35301631963165125,0.5312874201235775,0.3860741772267079,0.45262714138690024,0.4688034072531548,0.392396289194995,0.4111246511792046,0.6276829747504962,0.4539630780326766,0.34312971802435555,0.36541468785054265,0.3294040837581754,0.35126348515250105,0.31887479363722837,0.35297735854968704,0.23500968018671275,0.250900080548535,0.3352451303078402,0.42480932979449587,0.34381587451791906,0.36430938990861433,0.45819562224830435,0.3576261884536864,0.35837118690959474,0.3390259099108623,0.30996662572132716,0.33171137013066665,0.44459271578678766,0.45946652392250936,0.4235662673616284,0.40884295361955686,0.40059662240096044,0.3758359128523559,0.4192113328122543,0.36728231162257463,0.39308094524583415,0.36523372802282195,0.3734406238185189,0.3834619804706638,0.23884803921568631,0.0,0.3266119808738307
1,0.5568797921443052,0.9993498131066063,0.9980747920887916,0.9977279953484061,0.9750282741480936,0.694573671277092,0.7995661164494604,0.6775255908406203,0.7115714062904455,0.97006507422344,0.9404342646753292,0.9607532624998922,0.9450187625520243,0.9595254259314719,0.9557986377399679,0.9709562299234208,0.9351231958244465,0.9405882114375167,0.9543037075244089,0.9365384883716286,0.9276610679414589,0.9467707813907373,0.9326550870933765,0.9470769820437293,0.9340546662991561,0.9319605202193544,0.920129501651639,0.5436984211285284,0.6147435110144026,0.6092135482657557,0.5437499475207253,0.5881402120879315,0.545021955006253,0.5434013783494972,0.58327579546783,0.6009354600941623,0.9770197685099732,0.9776625453619594,0.8419168257592909,0.8381127450980391,0.8888888888888888,0.9469402165425506
0,0.2552841607459073,0.0809387601812064,0.16723063693326035,0.160183252363367,0.4718848948316336,0.5231698736479529,0.3690121494872747,0.6523908244672649,0.70982726798795,0.32746789927662556,0.3098711324580314,0.3343194530334932,0.32490811745727133,0.3351195357467035,0.28989766001909595,0.3847992819670752,0.4016188183611195,0.37434494606004215,0.3926090412568542,0.37090608340488546,0.4504396184320332,0.42308468211678535,0.40907880646711064,0.43496979714673084,0.440026277589608,0.4369789904411689,0.45893981593062916,0.5018962059604429,0.5078122400277691,0.5360336046765684,0.5864376964202849,0.5357848995337378,0.5960789942172661,0.2556560523321677,0.23823833715922627,0.23731155783990313,0.26668583172725824,0.259072056658369,0.3887196012512291,0.341421568627451,0.1388888888888889,0.18497395964617833
0,0.4428637460328157,0.3003528109242482,0.3948865279043516,0.34649746299125483,0.48343111501806496,0.5141487929646922,0.4844648662824588,0.6751850125470323,0.5765527509264636,0.355087792970821,0.4635431711029998,0.3494279222231662,0.38743759446102266,0.3426776234071723,0.39081855619099176,0.38508025045101674,0.4179165764411525,0.3392566985633368,0.42021909277244146,0.3366562977944096,0.4401242833738203,0.39686858544380105,0.3528735561211179,0.3168829322097067,0.39007986162964375,0.4837231611382728,0.38402289014485247,0.46341718005198623,0.40430648190788004,0.42137536475478815,0.40799315182500484,0.3791885819767534,0.3671520697233889,0.4231601121029321,0.4573994135044674,0.3990774184887693,0.344953661199477,0.3448072139993716,0.40912364839193266,0.3121732026143791,0.027777777777777776,0.32023599319306273
1,0.5844167426461443,0.23836517376959715,0.23234740807591195,0.268044465631851,0.5777775654517563,0.523346109705258,0.4949755689481386,0.6471650988827903,0.6185928781912856,0.34250642285313754,0.364148705933925,0.3244676939622646,0.3231980436669721,0.34082506290927544,0.32218346229230277,0.356818279908504,0.4117409021327351,0.35936168156818926,0.4301115747435429,0.33627753933445204,0.3181008943172797,0.35763474213622687,0.3906856125440064,0.36283004986142786,0.3679488306698829,0.36907484872719076,0.36468339434884445,0.42704045916780464,0.5017853090652107,0.4687547797585498,0.4647108272081085,0.4863973737272844,0.4593725689912378,0.6304649037364046,0.5856682591484488,0.5073322614630279,0.30655038254678857,0.30570413523629847,0.41060089490774704,0.3441993464052288,0.1111111111111111,0.2865626566957465
1,0.2929952421954277,0.8186504835401287,0.8423586924242127,0.8652991773318728,0.8892865994247567,0.4952770724315879,0.5503029606079981,0.6440359644407111,0.5857081276530339,0.9089917405825456,0.8966293220787034,0.8916341374044583,0.8990839647700561,0.8908682835125351,0.9250716021661569,0.9340924041939748,0.930919364638105,0.9276993640133407,0.866972865697088,0.9088958616636342,0.8640018676831872,0.8610368256879851,0.9147017387839157,0.8894618672594778,0.9132443202321304,0.8899224164171391,0.8584737746002578,0.4401921298624378,0.4537119157601217,0.48042560923790695,0.46513558323240445,0.45919592754690663,0.40703890871264714,0.31991148035113637,0.2771481423705554,0.29541024213687295,0.8814590083795206,0.880108897196594,0.7405549033603056,0.5375816993464051,0.6388888888888888,0.9123295387599795
1,0.5813688118267948,0.25844487205622535,0.24954264642306914,0.2292088647765617,0.43000498401315485,0.4698551264636523,0.41206414715190476,0.6510882293211204,0.5491872200325347,0.32014919431280775,0.34630548105233155,0.3165652064791306,0.3383265345303394,0.29121703231764845,0.32784024262703426,0.24371874234619773,0.2741011396920972,0.25952855671381103,0.278131479938138,0.2619992367906326,0.27006960840905503,0.35193830802582104,0.3032817780418311,0.2546012214983826,0.2882885268547877,0.26867372674519835,0.28844813423070476,0.4490467426162586,0.46018025802671686,0.4249658071697212,0.4863838765926381,0.42484573048221347,0.43551617951248084,0.5591135029432989,0.5634862313279336,0.58388152613254,0.2729096069605179,0.2678309435951528,0.36233154629468367,0.23815359477124184,0.05555555555555555,0.24085470624256233
1,0.46129231389744285,0.9999724258851556,0.9999246532891064,0.9999349925127113,0.9656067624889438,0.5006060046658302,0.7674591671517779,0.655434923699955,0.5803889141546428,0.9301321229665479,0.9019514754862019,0.9292944607288165,0.8950125745626287,0.9371193147696697,0.9266414712239248,0.9308625197068202,0.9424369283859043,0.9312086455876678,0.9290704154101288,0.9224788005110724,0.8910242877601383,0.9466501552301573,0.9232338103295256,0.9304504007840693,0.886546654479863,0.925671775208208,0.8774246006849088,0.5763204334628615,0.5242593567251327,0.4994953902403614,0.4539476457886877,0.5590505919456976,0.5361193134848602,0.5261319817982999,0.4875488384232078,0.44225013421218795,0.9533764687735974,0.9594367427206347,0.8035731833179799,0.7031454248366013,0.75,0.9459828114043602
0,0.3742860145123613,0.06003142136713953,0.08342646549470721,0.08957838341656531,0.42044633893993777,0.4263360389222938,0.4057021807712054,0.570769337791544,0.6273529470219759,0.3433846832966378,0.4180887184774707,0.3243788181737111,0.3800860742968156,0.32553139866276837,0.4028194773404608,0.340891618171698,0.31895785581478,0.3281120957451706,0.3437868996211012,0.3399456449719831,0.29942482023078815,0.3377493170608783,0.3046968072061209,0.3490919536059788,0.3165918859238356,0.3257719850894535,0.3095182392481651,0.4954340870142183,0.5570435663996157,0.4903768770091709,0.482957261696135,0.5193789872063567,0.4966721330541226,0.3184710445761695,0.3103968555776427,0.29996018742888064,0.24176728590418287,0.2280823279583765,0.3554404057553203,0.25200163398692815,0.1111111111111111,0.22574526248478083
1,0.46166262540116526,0.21118518597936098,0.378652943713529,0.34171433871841417,0.47587566417981064,0.594173158958939,0.47034377274325573,0.6202554529450828,0.4552037366335715,0.4373744726547416,0.5101196503272227,0.47032039489970245,0.5087981893208099,0.46191969481659817,0.5241992475066033,0.4712933629315494,0.4094388892863869,0.3530045223157603,0.415144660343149,0.4097582972663381,0.3890555139376997,0.3143598402589938,0.3858762057796803,0.4065545090233499,0.441632040243725,0.375042174078434,0.37298791834744266,0.4953815950306254,0.5629955753536678,0.5005335978679587,0.4964159535138285,0.530604864754893,0.48879068180991536,0.48615498298802085,0.480268581401316,0.39932953901933815,0.3842663146035376,0.39128659546912503,0.441904349193317,0.40326797385620916,0.16666666666666666,0.4249954098587604
0,0.5425403922890433,0.47741487103123675,0.4094779343570865,0.4867671809413971,0.352850752055391,0.49393680730478395,0.41720826280967815,0.6837357831876959,0.655643965892416,0.341798064036283,0.353762275886754,0.3206240695836569,0.3809882139366561,0.3227840890898411,0.3641194724804672,0.388842704376642,0.33202771040938345,0.3250804187201117,0.3254519082202537,0.349979872750193,0.36040575121045404,0.38077422498167945,0.34048811649208394,0.34201068027963827,0.36568993190656346,0.3767547295849909,0.3446923796411616,0.5140376397582834,0.5484226661767595,0.5208001203430814,0.5192285123328886,0.5168732501758776,0.5079715677740562,0.5938540814577092,0.5868466981601356,0.5067209016828668,0.3956272149971785,0.3992865830045548,0.4235184148319666,0.3899918300653595,0.16666666666666666,0.25517639256805186
1,0.3022788356756648,0.9282428870635899,0.9040010352218454,0.9246373332303401,0.9527407948842278,0.5284303703981579,0.6333625964513909,0.672074962770188,0.8190487174709985,0.9666945265262588,0.9367033040878452,0.9521482827519752,0.9328717981857431,0.9356866422586168,0.9455160207776485,0.9686549568335199,0.9345560628037141,0.9405060345034885,0.954002398882005,0.9257400898673622,0.958501753324365,0.9253435539999416,0.9413734904652304,0.9596512735619129,0.9616511175944099,0.9555887229921333,0.9593317304726916,0.6230420051568906,0.562258584299934,0.5581391855742703,0.7103807221587046,0.5474369086724011,0.5920628822867107,0.31059465434637246,0.2720708340227237,0.31003496899361205,0.9496820422163617,0.9418740204276084,0.8061924810137844,0.753472222222222,0.8333333333333334,0.9080978826301008
1,0.4098191624555419,0.8972097583818266,0.9015943476742576,0.9240350314501118,0.9757885438059793,0.4273598007807778,0.6648374212042416,0.6533636019713089,0.7611231880886011,0.9441994022815171,0.9317721261171179,0.9307640996700002,0.9067289438071088,0.9272380553736594,0.9119874359199869,0.9536134210465076,0.9370491533153921,0.9341662886278564,0.9503254483516432,0.9413308136388272,0.9136471061411594,0.9527806567583691,0.9506611991086222,0.922696057540376,0.9360474969943909,0.9262717818428451,0.9311138981076212,0.4591015030861436,0.4626793698765662,0.464725419050549,0.44473060245222545,0.44862909815559315,0.4708035840014096,0.41001025132527097,0.3952825638494729,0.32681601901262725,0.9271957596994448,0.9265720731844211,0.7835128868440245,0.6419934640522876,0.6666666666666666,0.9157874012696547
0,0.48938861804411304,0.21792706141890586,0.1951062612464614,0.22189937669875642,0.2872978183185464,0.41266160209927244,0.30961881526372226,0.6254399017355975,0.5797649584626708,0.19054742176615405,0.2049735327222962,0.1784640097437385,0.28206712798069183,0.22352725988295058,0.2492717021456375,0.21679500176854838,0.22119493448520822,0.27516184649596453,0.19697449203173176,0.21656091290705137,0.22370655873681597,0.21339580016174878,0.24884418597774016,0.2281836021454653,0.2202029501858414,0.2172048050233961,0.22616500298415446,0.4049947775126191,0.43450795258256825,0.4247680100362577,0.4592511326177311,0.38418995689727087,0.41288489141238516,0.45588696982718807,0.45614486857542236,0.5038778406940763,0.20439535764373093,0.21172254190257994,0.2998236331119999,0.127328431372549,0.0,0.15303496717099707
0,0.37937730383090584,0.39214435197965586,0.42224571757889906,0.3990782177156823,0.44632057640372863,0.5609559657921652,0.42368407251606144,0.6579772070587585,0.6656577123556677,0.35074304326781813,0.3459893176555794,0.3473177487492733,0.38299687737737764,0.3515524868992309,0.4592419812153524,0.24412715875806557,0.23503929808502072,0.2674545944301431,0.2590038360905021,0.21132165305925588,0.2537304888218058,0.2957132941683156,0.271771619698559,0.23146733242984,0.24058554846354752,0.16021625672901407,0.3240949575515999,0.5755217493891809,0.4877795119590678,0.5080199732771696,0.5248068686201353,0.6246547813748743,0.48153596210521704,0.44592831518572235,0.4141873599318612,0.36011883045603343,0.3278630864956649,0.3468439928203816,0.3768766371770519,0.2975898692810457,0.1388888888888889,0.22637197518002905
0,0.4682344674349581,0.4714997999095171,0.41551528681562083,0.36383869994656637,0.27170557116784455,0.3791787151955714,0.3961485594984843,0.6279140420001731,0.6524322813429642,0.3253824147400225,0.6123773329268241,0.2948341945529827,0.5973553173381013,0.29520221096974086,0.5644115518284984,0.23367776139240154,0.22337190013875843,0.27725868869591125,0.23727810701266724,0.3121692283032114,0.2432838928541126,0.2530607485534201,0.2851878197872928,0.24341038565918988,0.2444740687195187,0.24106701307744244,0.24551086905811143,0.43289925636487137,0.4002717076932601,0.4017138538477538,0.3704377391060089,0.40565575038344054,0.38590604983721394,0.5023988773245828,0.4400184696332281,0.35896616593930647,0.3333372519516338,0.3318105333542417,0.36662230029430476,0.21082516339869284,0.027777777777777776,0.2671503320799706
1,0.47231837767755663,0.4972354425816595,0.46859498989169335,0.3789050908730209,0.4797495174455236,0.4662880669737804,0.4473039416153571,0.6578292119590362,0.5996287555515633,0.21257054167336092,0.48122362714357825,0.26147713716709,0.4293963777370675,0.26823608907177177,0.4459463127737088,0.16837545763222136,0.3115555616077996,0.23394778892172863,0.25380717457433327,0.2823562644279873,0.28437232747084934,0.23552015764264037,0.30564603829961706,0.27335900172572297,0.2874623822612167,0.2591948410222652,0.25690445954953833,0.3213643672746818,0.4269695741594437,0.43672647901995865,0.41827792797430874,0.4248494270004815,0.33768303236435127,0.5067547169551105,0.4616569817441973,0.4438947590877719,0.309029345793657,0.3148458434651527,0.36651324691100046,0.22810457516339866,0.0,0.2530097672153973
0,0.6399692867944999,0.5897330191725002,0.4865971858334433,0.4788309938157641,0.4920456370458125,0.532737867894697,0.4659447744910801,0.6888998926490245,0.5845060390033305,0.3544023170807554,0.60163296749259,0.356052766261323,0.6024744739849629,0.3444993632311125,0.573187044207066,0.36004045958192427,0.33089223203145657,0.30129204540980276,0.34455670570062824,0.2823677192654206,0.35425213379131026,0.38676629187667644,0.35559011829450293,0.36118944730451263,0.37930336958804234,0.354097498872106,0.35814094580529643,0.5195495618423261,0.4833514436069528,0.4908267289689862,0.5165124817175339,0.5056266608120573,0.4883235454518414,0.6243379367240612,0.5977449537170401,0.6698020476241532,0.43527541500524913,0.42583132041252486,0.4591664689274452,0.427124183006536,0.2222222222222222,0.3890505530498647
1,0.7359109124259923,0.8379854316785833,0.6439520085810718,0.790705376394387,0.7513728147564027,0.7322993107632585,0.7348452036180705,0.7464183916657804,0.947175200464615,0.6188341645732605,0.6826944047990642,0.5545395908082155,0.6566013475397192,0.5459668741068241,0.6680133446560339,0.5912199776126404,0.7295447868945084,0.4553583674287093,0.6120956168406173,0.6564607180365596,0.6222283352832144,0.5588743395611425,0.5617528799870678,0.6095722641336818,0.6016939437540427,0.6731762555207993,0.5369494106518973,0.6021266931200728,0.6613957144021623,0.6646672331359118,0.6489060313701193,0.6049509735062947,0.6651385033318448,0.7150536386061304,0.7537052422931663,0.7266341147105302,0.6612483333664797,0.66408345012013,0.6593078823048996,0.7159722222222221,0.8611111111111112,0.6592247663949762
1,0.6850657305066866,0.9258263571363715,0.9596158582024283,0.9392436079815509,0.9567367424204846,0.5279877511541476,0.6687798844882242,0.6801754287418549,0.704972211427513,0.91822152226323,0.8788604202683228,0.9161546947821652,0.877623059896958,0.890015568594,0.8894789889118799,0.9526996879819825,0.9604698262637015,0.9218089742544084,0.9579688122915518,0.9289392188495083,0.9434402692823378,0.9368596963226408,0.944817917632953,0.9474493811502951,0.9481427705661719,0.9483067432501803,0.9216452547707666,0.5558631486671313,0.5612647490667236,0.5386452148018666,0.5462968518091315,0.47719342161223005,0.6089294700351222,0.6914858567546592,0.6872042612408205,0.6652846494422389,0.9315602466335063,0.9247879832952141,0.8251090131136347,0.7736519607843136,0.9166666666666666,0.9240837518065637
1,0.6060989409138637,0.9655416079702566,0.9566971254226498,0.960786534477743,0.9703483543914807,0.5076552551665929,0.6443998790702757,0.6629575768394833,0.5951763524011056,0.9043684224334729,0.9168803056441593,0.8925915474814978,0.8612837254418491,0.9014909659843526,0.8862712782135957,0.8801897278881293,0.9007561836433344,0.8853719422486322,0.8776055323675438,0.9159693255327691,0.8790838181334161,0.8903553173354202,0.9011690727311804,0.8459375867087071,0.9019452634028939,0.8972398937350369,0.860759271964051,0.45458348077052363,0.45439378295589605,0.47089429985799264,0.49391713137325893,0.44989546759186916,0.4484108973539988,0.6048588878267269,0.6383748422037768,0.6018334078332584,0.9127742944466278,0.9201200767603959,0.7839705514219598,0.6294934640522876,0.8055555555555556,0.9259349174348326
0,0.4637422280383645,0.4560153729984856,0.3596931185412736,0.4432722375149048,0.3620077504820028,0.5396945625994161,0.422999339588553,0.667363917004829,0.6542427960608693,0.24643265053873464,0.4038178421089695,0.23279260333401855,0.36868712571307166,0.25798967299880066,0.3270667277469581,0.29060892088239865,0.3139278072344236,0.2159428838495374,0.29305722366163345,0.20894989480378295,0.24153087378011384,0.2859571708681693,0.2157029397940363,0.23074656389867026,0.2648054308766746,0.23828461680910537,0.2626858040876796,0.5062258160344174,0.4457632364795209,0.46751942549488645,0.4886567809038521,0.5256971878102331,0.474502558574797,0.49690987665962183,0.44303826040583527,0.38011161647471103,0.3264722990716343,0.33613576154572167,0.3624832761127517,0.25163398692810457,0.1111111111111111,0.21261219997002564
1,0.38464554829319153,0.07590377043803315,0.06099520975940516,0.14194800506056973,0.6961194199903242,0.5365948434420208,0.3921737851540982,0.6421402550397125,0.6331892609179007,0.4580725932835268,0.3842104964498177,0.41822145897200586,0.3840875338126413,0.37705686487838036,0.3372419410727281,0.3734454675901311,0.3542498728440141,0.38742029770910474,0.3933489874649658,0.34165610584283196,0.3502079530667046,0.39186077144568815,0.34168629950916835,0.3396688302009493,0.36842712768945296,0.3423096863439419,0.3733753145081582,0.4842552670715815,0.44382519665561143,0.501093398692498,0.4908245160895111,0.5255138998797438,0.49968050381347745,0.3879096936109928,0.36920951539130786,0.33608278108593725,0.28919023233339003,0.27731511338782405,0.389489723185524,0.3081699346405229,0.08333333333333333,0.25654308189184755
1,0.60823112255762,0.5307584439170967,0.49251039914137673,0.4018992443973614,0.5800545527065349,0.5462247704972909,0.4766176909795318,0.6254537153936988,0.6303220114185075,0.434169835679007,0.6081215349021638,0.43289324176142296,0.5955285999981547,0.3846691159895973,0.599397872073521,0.5414075010200569,0.44908496475296483,0.45777701661108366,0.5824482779685017,0.4867743991115164,0.43388154804054796,0.37178297894037443,0.4517583469716143,0.39755660710363944,0.44901338150212444,0.5429307236902561,0.46756119179003497,0.5814474939872274,0.5334400668563634,0.5352995011409921,0.5109391771923182,0.585512482253498,0.5692113423893777,0.6008295945203628,0.6217259545958831,0.5833021837672192,0.5016863955661922,0.45832550941710704,0.5137203514923548,0.5234068627450982,0.2777777777777778,0.48374925399927665
1,0.6986039877694474,0.9591897226793116,0.9433044742495291,0.9654660881180094,0.9776011581163172,0.5255136436212458,0.7232726397066926,0.6544012154613306,0.6664435133241884,0.9321236333075037,0.9199912712738542,0.9074263997568572,0.8884309855495726,0.9117612967276385,0.9163933969356929,0.9317524170245745,0.8895005417913491,0.9136980455083845,0.9229765388463507,0.9041243080488405,0.9245537463577165,0.9009556470127101,0.9146784979027482,0.9228934357620896,0.9219305525108332,0.9222489145602394,0.9178701199538063,0.5249630334378919,0.4989888434663979,0.538859374787681,0.5187290138417349,0.5165617735251454,0.45390943053767957,0.6429797179615008,0.677917125188646,0.6833857838116668,0.932789513153581,0.9351191848612782,0.8144529402100588,0.7203022875816996,0.8611111111111112,0.9331324749070754
1,0.5235419963206261,0.23546253080068547,0.30778458196487674,0.1930613659685578,0.4211821912583851,0.5462235544203896,0.451305041758873,0.6479860282408226,0.685864076832125,0.26600469514179703,0.4039800371137807,0.26252082946731764,0.410805054452987,0.31802185423241663,0.4240289011756885,0.2171720715239545,0.17271194111807525,0.26324394537076695,0.18742275236350694,0.2425492980390511,0.2296572301317421,0.3447623157305339,0.26653168248897147,0.19121025508307735,0.25634611494577636,0.24179192251837545,0.255748750520741,0.5363323834477229,0.5840853168827193,0.5337119071330674,0.5315611723402404,0.5821983259081707,0.5408640009607021,0.5179933353504874,0.6234077878686712,0.6285111593876204,0.23838514393065255,0.2452477303985864,0.3727033194906271,0.32177287581699354,0.2222222222222222,0.1819274480460959
0,0.4281772666876801,0.21242158685136844,0.17673851238088076,0.25094525611165464,0.3148188446316685,0.44678827688972833,0.46077480451016345,0.6453966320241421,0.6608103351742801,0.23620885793381974,0.29297863192179696,0.2268174842181674,0.33367441684796584,0.2322836793070092,0.3306374215054041,0.14396308573171573,0.11954611692835383,0.20832978201255262,0.12251824591729157,0.15434134692367898,0.1615903774683251,0.17481428477738142,0.2060731626126298,0.16392551122137822,0.18405375946789387,0.12220178001913305,0.18836429360718918,0.5083446274385186,0.4283192376404985,0.3701340062487713,0.46381684791373806,0.39725886394549215,0.45480066500478566,0.37615197295138036,0.499161053962138,0.3978894774011912,0.19440071893375052,0.21328621844398307,0.2928121274253038,0.14938725490196075,0.027777777777777776,0.15438180846977081
1,0.5344968554448656,0.9963657879458326,0.9974275020275497,0.9956914337321405,0.9761989800968975,0.4530362045505711,0.7363072163824343,0.6506030800725674,0.5190458876421336,0.918201592487053,0.9521956543320933,0.8960994258683982,0.9243454508332359,0.8874623670077124,0.9383870825152986,0.9150964245138613,0.8898975227136993,0.8548359708603627,0.9063395499071729,0.874603797554744,0.9267244574968806,0.9068912708043133,0.9079692604739577,0.9270000452684014,0.927446471840852,0.9064906991824743,0.9081149312688718,0.3870746207472488,0.3967428775167689,0.34830934371162664,0.36263079360493455,0.42429881910340095,0.3927076008289198,0.540163439811206,0.5484304246875773,0.5152552039297412,0.9358538794426975,0.9381430878135891,0.779848278372644,0.6055964052287581,0.6388888888888888,0.9478495302222141
1,0.4118274748872849,0.047551259869094455,0.03783628966668957,0.06936164673332933,0.21874382867125355,0.5147325191653446,0.30143875002693254,0.6357808287663865,0.5263161134064868,0.3848879760567895,0.47494872627853846,0.3240126767092661,0.36439328682746214,0.2974319433349909,0.3825823246548691,0.3786602254024885,0.30011637410392256,0.314417489124471,0.37149189098682767,0.3544815968306897,0.32244385633581113,0.36363660071016085,0.31556456384348397,0.3055810229969144,0.3414411088884553,0.2712066319004915,0.25935100208199424,0.5016371295316978,0.4431181146111146,0.4250696636467029,0.42044920062343094,0.4587715043799934,0.4306515177592822,0.38582118968257756,0.4139813348123834,0.43078964961529614,0.250074720660283,0.22340355040983387,0.3452804675159488,0.21940359477124188,0.027777777777777776,0.24783531193110003
1,0.2952075534133261,0.38905492057233537,0.28922589729588427,0.21798996565743783,0.43744729168643787,0.4081482602213672,0.3848968114147668,0.6429900317644903,0.7114765640853332,0.33033987880714927,0.346116302129282,0.3391275176882239,0.38955170901702624,0.3071050431307524,0.36412516661982997,0.3270584482878052,0.3684967392897273,0.3429313969419836,0.3274570610793459,0.327087997560613,0.319254132559076,0.35660838445326337,0.30316314645335557,0.37649084225670787,0.3202628662375968,0.3520285438064225,0.32596736908261975,0.41995953934306773,0.4710713713571653,0.435214376555425,0.45509452035839654,0.42750571240578444,0.40087619507995725,0.29035981758495744,0.283450458991685,0.2516940792656301,0.35174696218278817,0.3160671790673109,0.3645213935881867,0.23141339869281038,0.0,0.23707828307116563
1,0.4700816242984088,0.20315366829730513,0.11396902600208877,0.1271250115057465,0.3408564820054713,0.3331643350871353,0.4203765599238129,0.6338809895113645,0.570955915808963,0.1975121329560633,0.3075560728663455,0.20321668574891172,0.29391410146682384,0.2558253028409993,0.320381640995894,0.19474280833335433,0.1450979745428703,0.2558858898085164,0.16707462419844638,0.21238515457285906,0.20970332847865075,0.16957958652541913,0.20658728187014125,0.18295775564514882,0.20288337803722695,0.19612656180983343,0.20214347240562586,0.3064482706785378,0.3743025628102558,0.34366500614167045,0.39981245594908155,0.31195898939736433,0.32485101067485644,0.3816972991230254,0.45615633394675037,0.4762758987824868,0.2003710541265237,0.1968126953452634,0.28006226095684916,0.1015114379084967,0.0,0.1737539586340392
1,0.34177643996517915,0.8472870153960205,0.8913568685583909,0.859788960121809,0.736395102957678,0.6452519153583084,0.5172871872116908,0.6573024030432104,0.6390017498303793,0.5755963119794258,0.4769254166699999,0.48794557842777053,0.4144349405952509,0.5391206670390408,0.41272889129886436,0.6703743467722515,0.48704816000714213,0.628630306725716,0.5116869693177152,0.45972973987353916,0.5031628227253123,0.43593461281628787,0.5475163772550649,0.627261960742983,0.44140589542250136,0.5389915469983029,0.6821798225685716,0.5231684232278123,0.5212235734113999,0.5286090744854547,0.5629146576745732,0.6129209936752086,0.6022139191496783,0.44052729538834207,0.17152615910062216,0.5069579347292056,0.6685356468653475,0.6809033135513786,0.5599546238568007,0.5368055555555556,0.5833333333333334,0.6351072956897397
1,0.33092707086329276,0.8909874560216338,0.9024804254894294,0.8625179456923942,0.9753033209705557,0.49646822407487307,0.6408433489937279,0.5931805874956789,0.47519531732448367,0.9506304205934164,0.9476854095499284,0.9344691971531066,0.9387541949854263,0.9397323768755135,0.9424421908685565,0.923842286467513,0.8985201301176711,0.9152358190285018,0.9426338143719089,0.8986834809098981,0.9094945973951631,0.9428791013311648,0.8982727801839923,0.8916413870315826,0.8841709807582818,0.8802510095404931,0.8977795813996682,0.5477995898494661,0.5007286156336207,0.5151137665842489,0.4778915532862624,0.548343748758358,0.505803527595419,0.3742318377288564,0.3789553333684042,0.30540490064174564,0.9164329798807511,0.9103098524420321,0.7714819883812065,0.6241013071895424,0.7777777777777778,0.9396237346479681
0,0.3068216307226388,0.2082838442460538,0.13185221999402444,0.12271748376039235,0.3042249359812733,0.3663331733679371,0.36186509659065685,0.676399702751087,0.3729520032234892,0.28793982800842655,0.3896804746100545,0.3252714311136743,0.36170713289193845,0.3057035052529657,0.35571709351715414,0.2540528751697228,0.3161833884198764,0.2913414876618381,0.2218377849379043,0.2958180273300205,0.2819111128945162,0.2468100792940803,0.3169058880124821,0.2781711677205704,0.29566987835040726,0.26153360838240053,0.23645540391057493,0.48539860027444376,0.4462564836713866,0.45929459331289724,0.44620126663234194,0.469109586435083,0.4775099922100975,0.1383572304524686,0.3700662876554698,0.1405075274911098,0.2625360501764837,0.24320582790856182,0.31500241128234774,0.16977124183006534,0.05555555555555555,0.22080019781450583
0,0.5154773255848417,0.23405258165834458,0.246607101428543,0.24569341930278873,0.3708423635863325,0.49080965964026285,0.39082266375196806,0.6586903430801242,0.6446301869725857,0.2596617059457753,0.33524973622536514,0.27854840531196856,0.3647221917100284,0.2977822555771962,0.3636256346055464,0.31691532997535304,0.3228633195848196,0.3513070204329457,0.2884519656749463,0.3444364788964148,0.28384379159834633,0.21649073452564874,0.3081963977693909,0.33020351705803286,0.2872289650674648,0.30648524372314323,0.3038789803271228,0.484461415465772,0.5146332481284246,0.4840598770054483,0.4956404228729159,0.4982843428903072,0.4962500309144651,0.5296984596153174,0.4617956475322039,0.4788686491081922,0.2765054389818888,0.2745983983651302,0.3703164291611211,0.28165849673202614,0.1388888888888889,0.21447527598121507
0,0.7038518300910249,0.7276297974680034,0.6606242205343763,0.6787123879868456,0.45663143069404133,0.5605260005607869,0.4745844373203364,0.6113164214813029,0.5614824118817651,0.27151120111372945,0.2927944226221163,0.2767927855234556,0.3090174709601107,0.2834824131181042,0.30773685753269003,0.2666307679193261,0.1829838621341767,0.2641865251684691,0.14564591309829614,0.1684533831241215,0.2951737478294688,0.33628760595620255,0.2512064927339903,0.3264288693478078,0.28369048271448405,0.19905849339606801,0.2912178795085894,0.5091480372999897,0.5307891723018425,0.5512904009649894,0.5334047947554623,0.5504573503572345,0.48390737633548875,0.726395012183576,0.605456015652823,0.7188028615237466,0.42368445030359503,0.446649630403147,0.4133663005395853,0.34048202614379086,0.3333333333333333,0.2926709954285728
1,0.4328151844685899,0.1700125279611267,0.13524844106804923,0.1702555744993518,0.3216690380068295,0.5485037488804944,0.5881165323890812,0.6706041173037166,0.6156951598995469,0.3247993250723466,0.4361973610373009,0.31862624407893636,0.39818273975509094,0.28530570629529944,0.38720300384867706,0.30130868696043345,0.3225750153631283,0.2742385378056437,0.29108938464507245,0.2558944091337052,0.3329347646755389,0.33436704186032956,0.31786672542014593,0.3518460194940571,0.3037018044883512,0.2857992359116962,0.29341273335281903,0.46387360766943836,0.5115360753424841,0.5049904522417604,0.5199249471914654,0.45217272415932086,0.5401171973426011,0.3721346009204204,0.40202366910529214,0.48463657944898475,0.26331581966683215,0.24910174795902953,0.3693293766422962,0.28382352941176475,0.16666666666666666,0.28470367917700984
1,0.4730698508973827,0.306957228036833,0.3434942151376576,0.32433625923923504,0.24076735857480688,0.46997123637872557,0.4085727467436883,0.6511787869811455,0.4605934546875317,0.2263911169221231,0.373075748524536,0.2219793974050826,0.4059913978973769,0.20060013942419364,0.34053633567771446,0.17761775148661657,0.2933690186034094,0.18254610706042643,0.22257330847644394,0.28852800644519183,0.21498983581952685,0.2016796404497913,0.23877695023549173,0.2012405730361473,0.21594335104738094,0.18634529375339248,0.15480520191412633,0.49605817441870215,0.5073098184350204,0.4820417110943485,0.5325718505319982,0.45468903605761063,0.46295443805615755,0.4732498402376084,0.49411590397531474,0.5340712424136598,0.2355181256428441,0.24629815511839218,0.33202495878877875,0.2133169934640523,0.08333333333333333,0.23203640306877205
1,0.7308264980788969,0.7544239687858301,0.743610440757417,0.7444373098351231,0.7923828643149141,0.7891184960718296,0.7493123574630653,0.706851740061685,0.8369120296538745,0.8462243903422504,0.6789152837461759,0.8216838902395663,0.6924247456528605,0.8050349072685254,0.6907617614361462,0.7417165846448146,0.8264661880208035,0.7072809103176738,0.7678611095614223,0.7111069854908799,0.7541108865925358,0.7728013400439605,0.7608460914179003,0.7488472214426052,0.7705534475261921,0.7366760823400152,0.7073634554262835,0.7192333585970689,0.6959597834828192,0.6902376103001027,0.6124730330617258,0.7787327851155585,0.7059668610477734,0.7464054918571892,0.7410432825580366,0.7329394055543527,0.7726081478900704,0.7734593321547718,0.7460441042693122,0.7519199346405229,1.0,0.8257534023979946
1,0.3653253845915433,0.2271320097866027,0.2175173609760722,0.27186207557090836,0.37600924674229985,0.4415077938485611,0.3827422600170554,0.6145081161794288,0.5809134513628732,0.3426869025753051,0.3493930821473113,0.3588150233618196,0.38509676506346546,0.3630959451885757,0.3644712550062225,0.3180824762331895,0.30412009160414816,0.3042997976356942,0.312491652063178,0.2868445665639872,0.3106871289953821,0.3026698152288655,0.3091750370996692,0.30225491030680046,0.31812128226213493,0.2838238250376373,0.2942541405955114,0.47610866523931433,0.49389967749117963,0.4561155359780968,0.4920531848876644,0.5003883746727738,0.4460221527066495,0.36238800357433326,0.4024108997604861,0.35941450950164266,0.3013431697938706,0.3077975060282192,0.35976735195201004,0.23202614379084963,0.027777777777777776,0.24418481552617835
1,0.6730486025481712,0.7922461431744079,0.6000121495359763,0.6873212224550035,0.5748695786704052,0.681773907204067,0.5782286638214666,0.6467985755281452,0.6636411358559536,0.47563446190945446,0.5309061307240581,0.4767080304853476,0.5436202260792763,0.4613715028072076,0.5937385989839656,0.5076700406101353,0.4010158189097422,0.4338901573618798,0.4129631884567716,0.37477048749850317,0.41768043921856396,0.6032585755907924,0.46316306117314504,0.45865411467170736,0.4338123790891191,0.45296638019122454,0.4336729836242526,0.650240900235334,0.6244746411012637,0.6701131775463924,0.598335455707187,0.6419105579668507,0.7206688071527629,0.7090863239854749,0.6499847710001019,0.6023039724905909,0.5922080714232969,0.5850633879064204,0.5537440481667256,0.6044934640522875,0.4166666666666667,0.516318697008765
0,0.7589470509994076,0.48979987811125836,0.5405745131227807,0.5033506363883363,0.8468766004880414,0.7421276515432629,0.545669947382873,0.6951477118142492,0.7102883178015096,0.6272620842351048,0.2766569912216639,0.5401351791316925,0.31583148945876227,0.5557656026226256,0.2795339950166143,0.46247027547902586,0.4116292996346333,0.46029875403497744,0.528174657774308,0.4598627339383413,0.4567942481751774,0.4207822754370403,0.5402339602010804,0.41946079506194994,0.4045511568553928,0.42011287044846646,0.4070922211881638,0.5689210304750052,0.581074718554269,0.5727289043632642,0.5802917711720464,0.6823782262444393,0.6150320674754632,0.7753004803679673,0.7600302660214374,0.7226952764189098,0.49746844424065895,0.5103043143465877,0.5351609099180556,0.5885620915032681,0.4444444444444444,0.45308647708344124
0,0.4101093101648491,0.15722814766157397,0.2085205288304086,0.10811316932250854,0.329168926577783,0.40427984573533005,0.4923382309330259,0.6295027490461469,0.8181813486556495,0.27973930628385035,0.49279000149484753,0.24012735168142169,0.5188243366835728,0.27747179636569386,0.41007291271344737,0.24418886213569221,0.2480972065371827,0.29837870167971997,0.22905959613267288,0.2680231978475969,0.3222329412304611,0.27785600839577906,0.34357823128072285,0.3294282992351221,0.3178178000527083,0.32130579174091767,0.29173573267531006,0.41395089247807093,0.42133218950929086,0.4379620824181259,0.4704062998875904,0.41068246343757714,0.43447966987563746,0.4216221099478658,0.4164221511663622,0.3845007301542096,0.21384812049289595,0.2054258654333781,0.3523799254840853,0.21609477124183007,0.027777777777777776,0.17780438843332746
1,0.5182190019558488,0.1424250146081189,0.3822422202997849,0.35175341309109165,0.25269225907236237,0.7370873140489955,0.3174050476103848,0.6308801211227367,0.595220620552081,0.6898162067320983,0.7074186239115283,0.5851345598684354,0.6685725875894302,0.6164324987355689,0.5807110246330105,0.5880613553191347,0.4135916250143027,0.4563479429064636,0.45615161474984883,0.4327927431964744,0.4941486157579779,0.6343326566944907,0.5022802686358073,0.45045810521131074,0.5365357010972852,0.4582412902628502,0.4905253463356021,0.6975638788876447,0.6818383769320592,0.6678030309246231,0.5838352260326148,0.7022419181909406,0.6743616402984102,0.4889282789612135,0.4843300390628036,0.5371876229261592,0.43854030993189635,0.45676136832446995,0.5258577226902326,0.5472630718954248,0.3611111111111111,0.44088578458620226
0,0.39862546420489126,0.18593801429815776,0.2116589567138946,0.2478520702974336,0.4529637549293962,0.5030320663940603,0.371312877037225,0.6274376144510847,0.4700440379805709,0.24952537922333815,0.23587780935980512,0.3052325908429697,0.2533106591546125,0.32007402929706685,0.26136748416854927,0.33589411032274274,0.39623789799539755,0.33287263074177115,0.31230085376418987,0.37843567301168085,0.3443137647877877,0.26526800278701146,0.3596716398899435,0.3702583121262781,0.31742242030311596,0.32722804891497725,0.3189287780648663,0.49478043766261237,0.480911974177487,0.5018849252087518,0.5141531202536759,0.5616556147092577,0.5010292289086484,0.4383633274074109,0.3823870001895376,0.37731227014002755,0.2756882384879567,0.2789981630116741,0.3621766830132741,0.26217320261437904,0.08333333333333333,0.2419221757204088
1,0.6305052222359443,0.33397663714510484,0.36753801893537413,0.28301402287136807,0.491688754833932,0.6111539104188064,0.49303241538806686,0.6946116964415685,0.5490819840627272,0.4503570113784522,0.4278731849202534,0.41381619378824813,0.4436956391411432,0.3993722875577058,0.4110608561072725,0.38334202865720396,0.33073495474855086,0.36443608724690696,0.3759880515690591,0.29792334311566726,0.3885162608724155,0.33545281919656583,0.35852830415507375,0.38824712081621343,0.34455000010943226,0.31863415136651724,0.3165732150931091,0.6094065948490786,0.5371736588943222,0.5532345542513258,0.5337403807948258,0.6080764109835436,0.5790113974262404,0.6371910484845397,0.6835506770589133,0.6289483413361243,0.37704495319685233,0.3627042340039262,0.4472417775008737,0.463235294117647,0.3333333333333333,0.3597298467051163
0,0.5129635039558844,0.5159255709989832,0.36769480053534853,0.4144029406767144,0.5071529926653011,0.6046634026324792,0.4556921902881644,0.6714884098788856,0.672448245356716,0.42782628754447727,0.4600383868261003,0.3857220772159179,0.4820952167528428,0.38732836285309924,0.43217057085107446,0.41620441983803785,0.3900382572980813,0.39698690758240457,0.39360418206261466,0.381755359849831,0.44168050139779236,0.3890767500797942,0.3827775073422368,0.4289953531503446,0.42833271634535647,0.41500519822518483,0.4392870063770727,0.5606682603234039,0.5766588153290724,0.5887150883146114,0.6554040166870478,0.5406477262195082,0.6222491548788579,0.512663510417342,0.49606588133406826,0.5209580844347276,0.43928402268431294,0.4239166743165505,0.4703571389553561,0.49546568627450976,0.19444444444444445,0.3513154924433404
1,0.4318936248062273,0.999846167526076,0.999930285326332,0.9999315671051521,0.9511712301225398,0.56319878486393,0.7232154602864571,0.6491855123203369,0.587908354760449,0.9542226484769497,0.9602633537269908,0.9460230161519785,0.9386945184069756,0.925803611645347,0.9445949485424195,0.933731914193533,0.9336742448124,0.9039159784287849,0.9445322097390951,0.9223670745258483,0.9409254329904492,0.9337227108647365,0.9246925775160412,0.9415186493639423,0.9501149386471192,0.923905924810763,0.9297070989466794,0.48564941021130237,0.5319258559804521,0.4766441606831329,0.48433411961468714,0.5216228009735551,0.477520563360013,0.40265936965223315,0.4255659420810659,0.4577765773506282,0.9598670326238624,0.9610672553244173,0.8034682080979985,0.6991830065359479,0.75,0.9479223926382033
0,0.6937391411047091,0.6328735309928673,0.5943505993663714,0.532020922173066,0.7059401599975665,0.6886367135178858,0.7330101474897396,0.6963336159627068,0.5711331727501111,0.4269743224296514,0.3861930534836925,0.4545057712266264,0.3713134408987423,0.403387791572768,0.37399164915028893,0.5301440954384844,0.5920874117906714,0.5077878661489243,0.6109967704139431,0.5699383812587059,0.6580484818721485,0.5072231533543208,0.5791281159863364,0.5376840292126971,0.5745606865337611,0.6087126343103239,0.49359459828692154,0.5568654749972464,0.6357265629848091,0.6378757807365094,0.6099732258221897,0.5917145692581689,0.55506491134582,0.7348256631612409,0.7165852849500576,0.722128614854137,0.5391744658859927,0.5105864222807625,0.5715498948088065,0.6201797385620913,0.5833333333333334,0.5772063198862585
1,0.6714587371465993,0.5701134749320198,0.48962880109079576,0.6039816114896585,0.7402199654846809,0.7297118854014406,0.5305571144795592,0.6644285149210618,0.5378380898467474,0.5834075109668387,0.6153681713020351,0.5404892467469192,0.6826613466024021,0.5795417063266199,0.5862202100375318,0.7991585574121013,0.5263769108920365,0.6690162839543949,0.668677172475506,0.581203933139613,0.6228675404893718,0.6010582719720517,0.5933193663657127,0.6047974194650745,0.5989526464122095,0.6286959696414226,0.6441365120582854,0.6754896867259427,0.6748302275348527,0.6804811998113288,0.7594412577363799,0.7249788801091849,0.7352287566406333,0.673232427025384,0.6872343674681132,0.6637977638497484,0.6365870930303467,0.6186569193814637,0.6333851889694753,0.6703431372549019,0.7777777777777778,0.6410097368775001
1,0.6610094958839283,0.9611612728127519,0.9470709390547633,0.9506578581185214,0.9811837829062089,0.739442755480283,0.8447235300819255,0.7882728030265058,0.8378557207448292,0.9656778374165625,0.9445740338986264,0.963736730340185,0.9042926518123492,0.9516643871794581,0.9449607590227771,0.980990459656108,0.9806591864646395,0.9564902306277572,0.9845603978290385,0.9722578681157984,0.9746730544057816,0.9678758194398978,0.9794771062120667,0.9816441057192592,0.9747371759270904,0.9813099907366586,0.9432288230897868,0.6570094931558976,0.6821185794233008,0.6785045922780818,0.6754436582199692,0.6362353123800256,0.6702789193303277,0.683998357221586,0.6754973323026661,0.6415432857209954,0.9686294876030149,0.9616421416214049,0.8778529682894436,0.9235294117647057,1.0,0.928762622477995
1,0.5577149378882755,0.9485173411844219,0.9064409100677333,0.8875605374475428,0.9782351857277832,0.39695438228769175,0.6832493913532576,0.652179368314811,0.6369571331541556,0.8575798445607099,0.8543210832154507,0.8475868639451004,0.8035530852677759,0.849317671962807,0.8072495853951548,0.8904386031475913,0.904241649751906,0.8834594794771657,0.8578659836908967,0.902637929490522,0.8924006484374559,0.8632891275749016,0.8723907640873776,0.8780331078868888,0.833124399434812,0.854648099132083,0.8451921755278771,0.339186710822647,0.37714414693804416,0.36287174181859505,0.414887945297806,0.33449380123372907,0.40275001609570915,0.6338998210966296,0.6316987962402114,0.42360472053841786,0.8955142694257047,0.8846842035374929,0.7463494690526706,0.557843137254902,0.6944444444444444,0.9105708034869879
1,0.36776525759255174,0.27361098544479706,0.15594980484620918,0.23860047697875428,0.4685878099248864,0.5428410445601248,0.43204464979231255,0.6457450857320014,0.4797802008633533,0.3692085519117521,0.4390132863669069,0.359313228315404,0.3969473351178805,0.35781482191231795,0.41071894785154983,0.4023288640659457,0.37490463716070793,0.39023737984517665,0.39297954716938915,0.369934933582666,0.34882025652132165,0.3554595379893025,0.3676078608901298,0.39067445262402534,0.3792981450635958,0.3751055439349359,0.4081048128794891,0.4946657356763965,0.5224465881343215,0.5419831190602015,0.6312090627875558,0.5081212904633138,0.5627676912100953,0.36049356591815473,0.35974831527954054,0.32669728355683336,0.3450843592753823,0.3263336753434438,0.4037065792991355,0.35095996732026136,0.1111111111111111,0.3199424927452804
0,0.7529215192648456,0.5164569110877136,0.5975364177676048,0.5053483056784962,0.7027839306797774,0.6792786993548414,0.5674066626547258,0.6942542476542106,0.6916366643829233,0.5229540804187196,0.44437983076013865,0.431971987402508,0.4589280660321945,0.4500353644066356,0.4362974107833262,0.3955613702957077,0.4048642618705564,0.4094604394236298,0.36245063089369994,0.39732703860930796,0.4480189051241784,0.41723617713712596,0.413785187559477,0.4004310447905927,0.40567188077706434,0.3776701808095566,0.3874127500836458,0.6061606793162707,0.5382656126146725,0.5790221788208916,0.6184608580920232,0.5611032818350359,0.5411613048036245,0.7607886145537577,0.7650917196227149,0.7145874763194616,0.44799675626197644,0.4598747877742122,0.5149507720950695,0.5664624183006536,0.3055555555555556,0.41864912784866043
0,0.49250444839929397,0.3538424612289255,0.28727972684600045,0.28882031284313625,0.6518072739151418,0.6711155186998056,0.5217345608173011,0.6930642654509416,0.6615409558809094,0.4145242118592565,0.49999204992522894,0.40113686793976056,0.46942334901967336,0.37296170921092564,0.42014267474458034,0.41996998430545146,0.4416698808942005,0.3795912187317641,0.40500060581291497,0.4298789112400853,0.466147346335823,0.4978999488914199,0.5175930504955005,0.45284132493434637,0.5110749630001414,0.418495486015935,0.45099495935551653,0.5482470011261544,0.5565265206950324,0.5247450120271268,0.519650278983362,0.5568527531271618,0.5256994839268355,0.5417991092220955,0.49628686390457466,0.4954169567658929,0.39164977115804583,0.3673462671056399,0.47441356732922824,0.493218954248366,0.2222222222222222,0.3572419867187169
1,0.8147082913752264,0.8749287011560707,0.8411069752895886,0.7733040262871347,0.8748413449888243,0.7925517014757923,0.6742825530440318,0.6750852087365852,0.7725189880148535,0.7419838487372262,0.7694220028155362,0.7488471207669484,0.7312280592917381,0.7469025730827703,0.7627790374339847,0.8582100297614164,0.6893888378855941,0.770609632788738,0.7874714655582217,0.6616268691009164,0.7898844589628582,0.7615550427786862,0.8157574831050544,0.8086763375153003,0.8030745936506439,0.8024748191935193,0.8367434534253323,0.8077774527169355,0.7500497511794635,0.7826812289007461,0.8524287460045787,0.7929894612300827,0.8535711516710938,0.8055887684686601,0.8425690178254553,0.8011407680824657,0.8273286172281452,0.8004384902108681,0.7845595601338149,0.7640522875816995,1.0,0.7988543123473159
0,0.36022583759726573,0.12050608558582836,0.20975153324136478,0.20972843213032166,0.3303229882966122,0.42645528931380233,0.26213953451263866,0.5714707667287239,0.39431032666744464,0.2878693947779841,0.3761706668222903,0.28470321376245866,0.37994528832449925,0.26330208460995047,0.36573562651666813,0.2660702380188454,0.2792513471915697,0.2904233824029076,0.28094969919666585,0.28167078790387556,0.28451255475134535,0.28778028028210806,0.2502873137250256,0.2921229953500574,0.28645470290172625,0.28346975623133114,0.28322101515518416,0.4291304709612442,0.4517099344674403,0.4134627626801647,0.386018693146592,0.3977093563407473,0.39061504111576006,0.33225410999717225,0.3648055151561367,0.37762204081993855,0.22375984578904415,0.2288620108214809,0.3186901978411225,0.1370098039215686,0.0,0.23593864533544381
1,0.5692870107929346,0.9999999688952336,0.9999999657575461,0.999999975014628,0.9704885540149213,0.580768651532503,0.7768569109154021,0.6808751128333312,0.5906767102469905,0.9526829032767022,0.9065857591807338,0.9376124319635991,0.8912757713947628,0.9345030728039527,0.9035753842603679,0.9297246742065733,0.9138682178578846,0.9102886530239995,0.9212428617046329,0.9519523363824623,0.925504184752474,0.9372852844007116,0.9292453235823035,0.9290427186445392,0.8846973127767487,0.9001755573989467,0.8862007416078171,0.5884234164217507,0.5847498377145935,0.6054600155575122,0.6299020504417728,0.5954759170785847,0.6635654882133657,0.5669897727382675,0.5716387698442442,0.5934219124894144,0.955779025021802,0.9603680245767974,0.8276251039906213,0.7881535947712419,0.8888888888888888,0.9440772128775098
1,0.5057538482320599,0.94530567427304,0.961727770063805,0.9359811624712565,0.9668552678733517,0.5743929122160014,0.6541625678569581,0.63332385976998,0.5575518050842342,0.9390308967447935,0.878162050533809,0.8995845507774893,0.8020821032586923,0.9045343748181296,0.8142971971629708,0.9343984836615176,0.9258839868921958,0.9323023556775455,0.8993002536895192,0.9352202571206932,0.8976324218915394,0.9377997042944345,0.9339846516402734,0.9139499777979144,0.9187679981718367,0.914965319154214,0.9011294550075226,0.5126999516543123,0.46034990534499515,0.5059601211245821,0.44157452075681325,0.48967256766984957,0.45215286509919145,0.5395445641756315,0.5362356461194755,0.5558221526499151,0.9264295695706822,0.9239608492002865,0.7864094886511322,0.6427696078431374,0.7222222222222222,0.9377395323893548
1,0.4883824369475741,0.22043448974245536,0.22671213714043628,0.2534493993292475,0.719263090259608,0.7577892197940954,0.5862891131523695,0.6766574032734293,0.7599672373932308,0.443110246716933,0.6320919049923874,0.43219464102409333,0.6161433432821318,0.4336460238956777,0.6417595727092689,0.4993820233919453,0.49461924231175286,0.45680685227052603,0.4690510924522887,0.50671005511489,0.5072135379493564,0.40141206167765886,0.41342568672074775,0.5398600840994678,0.4627156032305813,0.4655606438691738,0.4729988086913904,0.762542830373493,0.6306188083443165,0.6567562578309173,0.6327323098137088,0.6536199543033256,0.6664425544524576,0.4125997556616558,0.46625457899261785,0.4454819449604326,0.38400371805283134,0.36782131547668384,0.5160597769442641,0.5632761437908496,0.3888888888888889,0.41123187093019986
0,0.4807275600616131,0.9675096862189804,0.9764240413090741,0.9804552023778793,0.9028238474047775,0.5520742589176799,0.573986881622582,0.6482284962475641,0.6126263849989547,0.8787912776510831,0.8603567296319705,0.8900692467226168,0.8351301479069801,0.9134198966295021,0.8592176092063536,0.8968759992358701,0.8801478019210562,0.9040698339575518,0.8771994626853414,0.9251464800061946,0.8722543173177686,0.9133832851904785,0.8799449772638509,0.8744730717706113,0.8556791410317183,0.8774549529814318,0.8790287154820828,0.512936465998694,0.4837143031821118,0.48671569928448905,0.49309378844037566,0.5140037734157371,0.5048815615734362,0.3999181175219075,0.49070742103440146,0.35795880887598847,0.9181516440591557,0.9296660062369698,0.7664626809992352,0.6095588235294118,0.7222222222222222,0.9061853654101708
1,0.14545977665474025,0.2120047474643941,0.14322977627568523,0.3130628171141035,0.9520450590720443,0.5656090402922866,0.7077801572393708,0.676632587901346,0.63944936718816,0.953228982288957,0.940868267715438,0.926169053308584,0.9167236403639558,0.933769989030187,0.9052131138108704,0.9336401395551709,0.9468631185091937,0.9062635192667101,0.9403140800831636,0.9049209598285292,0.8949959375794811,0.9732387880706211,0.9112531183901912,0.913339751836799,0.9291345014457326,0.9056881861210025,0.9240444552182913,0.4879233490357208,0.4915138149180028,0.5101628260560633,0.5406116510744269,0.49445396410338854,0.4939230817238102,0.19420586471568427,0.17306929882564862,0.19865151796451072,0.6906046467760496,0.6637293492944878,0.7049550017804048,0.5961397058823531,0.6944444444444444,0.8849108125056385
1,0.6233881266427963,0.999355651353552,0.9988757668622693,0.9990454285559609,0.967505567142205,0.5959905072691122,0.6899153885428038,0.6794293630882892,0.7125284624815083,0.943531182380673,0.9514257549706592,0.9157647949088981,0.917658898468668,0.9237394301886053,0.9254452081988855,0.9465407339906029,0.900616035012859,0.9084742547615274,0.9336784752686101,0.9030527640989798,0.8965359251214623,0.9646050856492014,0.9010585404110528,0.8999777849501241,0.9086880225011452,0.909494864472091,0.916732222768225,0.4879233490357208,0.5147064236461873,0.49671240958618196,0.488934808537261,0.5027017106010413,0.5225585066563573,0.6076968491947006,0.6163274061022763,0.6045595628891495,0.9538870600843511,0.9568892077995239,0.8165572206726688,0.7356413398692809,0.8888888888888888,0.9312834357486042
0,0.620508051018444,0.5444777136097253,0.2873600992832997,0.32569876517689494,0.47626383379310044,0.6046729354501618,0.6197635670794286,0.6214330008096816,0.5255307017196865,0.37618868027844393,0.562890559535265,0.4513279598019819,0.6770732900364445,0.39377286301482795,0.6260041723411236,0.39676506847783827,0.47854587353778205,0.40945385866533873,0.47204618771839174,0.5159765906417332,0.4276550832357663,0.3662179768881531,0.4113982918339315,0.5459252089132794,0.5378911113137512,0.4788158875264377,0.4344170571426022,0.6119662117069218,0.6337803280312173,0.699444945684624,0.6589456690903588,0.6789750418024278,0.5600408332526959,0.5877639973997077,0.5846423724071462,0.61666923023994,0.46419024729651515,0.4224084740162537,0.514338239657358,0.5475490196078432,0.3888888888888889,0.5354400241851677
1,0.5155529938038571,0.15541752465625583,0.36311811368257213,0.30518902414875954,0.5027817707768499,0.5169652019773978,0.36332256240568217,0.6623441649171642,0.6004935838453842,0.3921433578969841,0.34795674035423974,0.37237628210128226,0.39055302906549166,0.34715369799714446,0.36845380075060546,0.338371126700118,0.33033834309527765,0.3082239942213762,0.32340630325704967,0.29973437371063505,0.3355592462603299,0.35540597240040445,0.38787905952974105,0.3080145098260919,0.3562962084522771,0.3371699298405876,0.3253033125145911,0.49479779023655984,0.46505448819928596,0.4586536432578224,0.4702910535033191,0.48528675318773706,0.4426472268342935,0.526363752252128,0.5127945762541851,0.5042499935777118,0.28872164448588533,0.30370153112071196,0.39441866127090897,0.31270424836601307,0.027777777777777776,0.24085451815956566
0,0.35800041906034824,0.2785034273765326,0.23269092300071778,0.28913413139035443,0.5032441807006869,0.4017131015242341,0.3054230186176749,0.5556645042555973,0.3729911104649578,0.2943957615635046,0.4120507016572241,0.33522484703637934,0.37998866017150207,0.30528059293423154,0.3780709128839731,0.3083978183952364,0.33006126883048553,0.28560754768099644,0.24921427689970846,0.29175962922237986,0.33311523994928305,0.3764045076550716,0.371587053643579,0.39131525755559254,0.30083105501046736,0.41981948737939845,0.32183623876089235,0.39584041102171297,0.3897859375783985,0.3809956724259994,0.38138614969241297,0.3987490262775834,0.3745773217872106,0.31240221841252847,0.36776989069562427,0.3206115753308063,0.3073753642693828,0.3033081634265469,0.34958534880994535,0.1854166666666667,0.0,0.29717783297325
1,0.42809662504820406,0.4183086821849079,0.3144597696845811,0.28520303404441305,0.615418979471172,0.488668060466893,0.49112966596753843,0.6519428027638903,0.7047123291605273,0.4990677078264178,0.3586458413902739,0.39092185865808476,0.39807960918846597,0.3923462615947648,0.3240669009927185,0.3275872825421067,0.33912899328964574,0.2966424191202344,0.33245826202130857,0.29143502367836727,0.3476988088015837,0.42463201425892166,0.383767097406717,0.35749424399683055,0.3899341896450001,0.3333797818554393,0.3384830774240338,0.41376006051791575,0.4866914168480806,0.437256374229361,0.45182569613316453,0.4736274255378155,0.48222578601699284,0.4377101018798248,0.45845571589877415,0.3987448482256388,0.3789392744616998,0.3628734238048555,0.40849807178372965,0.321078431372549,0.027777777777777776,0.30545433299861363
0,0.3310282019728448,0.07232310012565266,0.14163687423198573,0.08334079347926711,0.3636521800117826,0.40988609187307745,0.3020775985118251,0.5875641579062993,0.41661214694173343,0.2901335293807123,0.303701465579139,0.269031593150333,0.2866505070805454,0.2962888859136422,0.3028561607271708,0.28478790876562143,0.2618905689619158,0.31897929534388436,0.2946994497424975,0.2997521133705382,0.2810027989963582,0.2885562848530077,0.25170029233833796,0.293827111233437,0.27071111731434966,0.2970211399511559,0.27060793256792215,0.3975792972355806,0.4471523023884388,0.4258814584303224,0.45074009385367564,0.43297572568354764,0.41569945789275986,0.29581949628373716,0.3340834353010239,0.33401621695550404,0.2087142006805357,0.2011544562869033,0.3081387663418659,0.12814542483660132,0.0,0.2111431910489268
0,0.34273906168282187,0.08444003461380017,0.16381775624187278,0.10796531755988856,0.23015216861033266,0.3205456446015903,0.27692457835286205,0.5437210810728194,0.29252215846903656,0.22301885293981102,0.25290166601863084,0.1887277322201577,0.2577140679364397,0.2221966450982238,0.29446748699098474,0.1727442671621999,0.14354008406844831,0.2421587580281232,0.20436309042109083,0.21987800005568953,0.17359673933226946,0.1830319192911092,0.19256680859222874,0.20539644553768865,0.172062187454408,0.1648130775789975,0.20643178669061918,0.37153542467391615,0.3334050781292487,0.2790295402601381,0.3350664128034861,0.32808778075802186,0.2874011607512912,0.35263224958892647,0.3580818734821905,0.296951073413542,0.14863734466538592,0.15521479933085403,0.24205394840401295,0.04395424836601306,0.0,0.19300661358912885
1,0.8289906851835506,0.9482054399995649,0.8978697257278039,0.9278148585702727,0.8565894313965194,0.6894751310604127,0.7687700167386804,0.713605717610705,0.7836770406193772,0.631173330530987,0.6106748160115417,0.6198395365460316,0.6180386750605678,0.5834538929445925,0.7013175712894937,0.6578690535760854,0.6338395171578196,0.4586133093675701,0.5986920403614313,0.4789105456579263,0.49827079954171966,0.562885671794218,0.6022034682157362,0.47567270983373117,0.5416423201552257,0.5214071511359685,0.48542355651989644,0.5115572431717532,0.5342556979892118,0.6505894081908653,0.551132691567269,0.6307197784141872,0.607097464912085,0.7914798981454172,0.8696455415558864,0.8511751606854083,0.7419713433738938,0.7474365563273093,0.6550132111330236,0.69281045751634,0.8333333333333334,0.744683164537034
1,0.4135327343295666,0.156373132886269,0.14564352561619126,0.2236226692187368,0.39821783509586284,0.5838831676049072,0.42316896533333637,0.5681828456179797,0.48533098955546594,0.28715503273797643,0.2785306116183151,0.2987251583582908,0.29348932076931794,0.291475068917757,0.30321720073055486,0.2857008256084477,0.28608453909011233,0.3010682642122317,0.2567177558927001,0.3247866209733951,0.2979404501457478,0.24116608231816797,0.3050687458158962,0.3168837597137419,0.2951973799683935,0.3002641235109643,0.2875745978040999,0.49026378300141016,0.5094654604723647,0.4935973194873622,0.4921898161928521,0.4636508616033653,0.5189062810894144,0.37226491093679176,0.43016608729902506,0.44028712841999235,0.2469330389510025,0.2511793709979003,0.3456125382349442,0.2254493464052288,0.1388888888888889,0.2619771358218786
1,0.2837722979869081,0.21916235916081886,0.1690866237244822,0.18922043394202856,0.26153733483366837,0.3660356474873378,0.4338794452673294,0.5349857792569177,0.4872656967311567,0.2870084653393247,0.45106505957136156,0.29916137026773654,0.5158090494269857,0.2905962086535446,0.4584911373149333,0.2636236357580729,0.28203585887823485,0.25290314712266904,0.19483814613440972,0.27494841069638865,0.2628219583758902,0.2041847001229809,0.21580906220051313,0.27628366535477694,0.27712471508790054,0.22767668512829628,0.23508347311553082,0.5126570845334959,0.4318156218616275,0.44878389090805937,0.4747853480458662,0.4468273604010431,0.47274767982544963,0.28135777975759774,0.2655532955377157,0.2645656586265784,0.2606491217288761,0.2523528015564403,0.3204280246308561,0.161233660130719,0.08333333333333333,0.2829588742724429
1,0.21547169395978222,0.9997848068274976,0.9997377870461571,0.999738918264125,0.9693514742341721,0.28458192000234567,0.7189293106571082,0.5566809289410013,0.5540187978653974,0.960336681962428,0.9588355107091319,0.9418920250692888,0.9372233595384986,0.9353933913390596,0.9310683265314287,0.9593349524614146,0.94431692315848,0.9257977448231478,0.9416630854664793,0.9380615259891153,0.9222913826064812,0.9480077413745749,0.9356559721447142,0.9196985813066502,0.9519834889217587,0.9112280164271934,0.9303203518826193,0.39410580734774614,0.355033096337909,0.3639516294097933,0.40346658403716856,0.32839539434501447,0.3539758862336762,0.18678680795757774,0.2303798855872418,0.23469889344428221,0.9670039281194004,0.9672288187922771,0.7572972885345226,0.5842728758169934,0.6388888888888888,0.9545794330371432
1,0.25986455089225957,0.8396394568684522,0.7879451895074988,0.8209934152450862,0.8123275373328663,0.5448912384289843,0.45109018477723667,0.5619920473921808,0.48248999250871355,0.908289925748865,0.911898286125784,0.778392573808537,0.835960633410318,0.8170952690770278,0.8893405591959276,0.8726479166616513,0.8000086153081708,0.7765618735743998,0.824138289142947,0.7601951121713361,0.7105226082300232,0.8846100329335836,0.7846243867616163,0.7830608491657584,0.665523994966186,0.7153418718934742,0.6928555676939324,0.4785177345835068,0.41362506114322317,0.459542506160962,0.4354505049582236,0.48931968164910344,0.40184299453911565,0.2125518203474072,0.27723973966555937,0.28287042435840204,0.8302266491128801,0.8257537263321508,0.6725011818790461,0.4792483660130718,0.6111111111111112,0.900012261446019
1,0.20052675097277847,0.58436593287683,0.6084640234731495,0.6440180963179457,0.8912852771492054,0.26432577052997996,0.4058361742007475,0.5,0.34307837071476066,0.8001330920775729,0.7787813641701185,0.7036486768551007,0.688916072578883,0.7007911873913688,0.7105606468528438,0.8137230317931334,0.6181119806574099,0.7604290763665816,0.7583616968844862,0.7573506161336933,0.6243878677139543,0.7544939665419382,0.6934643769967848,0.7040231140176694,0.6411146137099895,0.6698661539682645,0.614752000534877,0.4580411338945978,0.38331296296207024,0.39314463674346406,0.38012421048216255,0.37886525617333117,0.39651825122477374,0.13226520477973724,0.2290595857328029,0.2391389429513798,0.7005792138416881,0.6893093850468757,0.582629286168936,0.40669934640522887,0.5277777777777778,0.8324123360787629
1,0.6634440581313832,0.3608871126705654,0.3047899744627148,0.3562264037585738,0.4168857878771738,0.5160851384659382,0.4050697177079528,0.6913018014364469,0.7041919721897708,0.32432149746411926,0.37180943435411895,0.3155108235991376,0.3389735164329411,0.3124635685416517,0.3185933281979258,0.31100957262657847,0.2986780995037988,0.29759368515941503,0.26866913162423917,0.2831236692573392,0.2797892021803653,0.3057346686515765,0.2726413460598764,0.30594603537948384,0.31074656491427066,0.3001326993443708,0.3139646488793969,0.47039091464811017,0.4714413957698903,0.4531309566506533,0.4992735275799229,0.4718033744172597,0.486330631829174,0.6409171877087609,0.6471109808161448,0.7023267822887375,0.3291358362987605,0.3312194962393014,0.39585562492701626,0.32324346405228765,0.19444444444444445,0.23546467726824633
1,0.5557720744199515,0.975588184819934,0.9761814013425827,0.9750153796086771,0.9693661598869954,0.5397461890913976,0.7111792654842055,0.6565158627586734,0.533798190587226,0.9606848976035514,0.9606928200233679,0.9437915316128311,0.9277797651041289,0.9380778927125905,0.9234719797311381,0.951365595144391,0.9276533327679073,0.9255299604402341,0.9504423952282657,0.9377091599326512,0.9236323834828963,0.9489703483237779,0.9432344506661836,0.9445858340654604,0.9085767969170186,0.9284329152461803,0.8980189729738723,0.5766283725376399,0.5098995129856909,0.5364509100197199,0.5495513663811847,0.6386983099305178,0.5926188160827032,0.5212042998457834,0.5395530595481581,0.535398814140843,0.9569151038590521,0.9567677167796849,0.8198875353571462,0.7608660130718953,0.8055555555555556,0.947682142673978
0,0.4362052195387884,0.22848547535040914,0.3298365908746277,0.2941835296958403,0.494947081051511,0.45575222634341983,0.4720299705589314,0.6242389108437635,0.4591155647445608,0.27434238605170436,0.5808861091806287,0.22238742274533935,0.49735200974196053,0.24435009713868056,0.5436436117645898,0.31937201101907864,0.32358003757820303,0.2914445220920617,0.2838024688197305,0.29862553015334764,0.2891985993055112,0.36883768673575845,0.24141407476187243,0.3255916838637886,0.28158011873219235,0.3177172253905301,0.30409231371842466,0.503659903232912,0.4933473067857139,0.48353759216927494,0.4656172102645781,0.45319217824263913,0.4033753642336485,0.41933479863307727,0.5026310787769285,0.5701051961727127,0.2567483030382757,0.26175570718986957,0.38295156437197375,0.27026143790849666,0.05555555555555555,0.3134605792899558
1,0.6709833179643759,0.7013063340023244,0.7515537309583546,0.42310377572967156,0.7914661055834955,0.6804322984885135,0.3969356931840902,0.6473062006835386,0.6395460670368027,0.6500143438843502,0.38439573851305264,0.6202887796269382,0.39709035606479826,0.6307500240449827,0.37668997617248123,0.7352947770310694,0.524772221022341,0.6472660466905233,0.6030026452550091,0.5615433783346343,0.5172403472930768,0.6014996679020057,0.555123047767946,0.5086933846857532,0.5412328040165055,0.5510189005574769,0.6268551618537619,0.6561706112189617,0.5433938863572167,0.6223148519136188,0.6170524042815172,0.6446411731119651,0.6412179272066655,0.6455863860880101,0.707360384408555,0.665097329223758,0.6856299635534441,0.6221487380869972,0.5925516661030079,0.6130310457516339,0.7222222222222222,0.5859325697477623
1,0.8652846961904874,0.9048251039273009,0.8932124469167647,0.8102330511604074,0.9428073696840856,0.9106594847907773,0.7777249540203998,0.6781817282575173,0.7748656399954611,0.8435791168915536,0.8034004375248893,0.805809528876863,0.7875447464241003,0.8152412115475706,0.7326078404517424,0.8837575893648177,0.8000890362891524,0.8077747269780061,0.8617713973464668,0.7140964841002221,0.8146578782638569,0.8027681982707817,0.8289940217377668,0.8430389548291819,0.819173879146816,0.8016977826899812,0.7997303072301769,0.8535089891980946,0.754730228262298,0.830302476394158,0.9177438513472231,0.8122959422668729,0.8557624434952895,0.8661514961900357,0.8642287964980712,0.8787486711467261,0.8647974073896606,0.8439732969753921,0.8262966026178578,0.78218954248366,1.0,0.8736789331422131
1,0.7112448424268275,0.9992140614625953,0.9991927686007592,0.9991949425355731,0.904262409775625,0.7313880254735894,0.7726517359772619,0.7442512479465491,0.8871879148215667,0.9599572706521815,0.9188554459927019,0.9663463565949142,0.9471328866193154,0.9507516020607791,0.9262640652152637,0.9757419851555537,0.9857681312192894,0.94882736620803,0.9755926232906226,0.9443329463299116,0.962594019791676,0.9706385567212915,0.9505589786785509,0.9706861085845708,0.9528516959946307,0.963488865120328,0.9339622017342916,0.590439689355208,0.6617250585366911,0.6616528018349306,0.6244665434011937,0.7470132731725485,0.7348305080429995,0.7300474863842203,0.7347511117346237,0.8330684341775756,0.9804341344043545,0.9782497895618831,0.8816532640075614,0.9244281045751632,1.0,0.9326161221110014
1,0.5058790534791922,0.1748371386190279,0.13857442553133525,0.10143355621463808,0.29138898941596547,0.45080452288239903,0.41794668943104424,0.6437045579476327,0.6541177813094707,0.25107614507966936,0.26064361148713283,0.24227138645958174,0.26022570340659124,0.1979899744473151,0.2559196688490326,0.2298347425686562,0.2810239471482373,0.23678925643495288,0.24299680362997453,0.2798862499000932,0.2992611323275485,0.2772495522260131,0.28023132448790944,0.2541285754967352,0.3198895698934527,0.265679326959021,0.2803270083791285,0.47175641516997585,0.48234396151570225,0.4652447616259054,0.5111277580757451,0.41932956640681474,0.4371087503451008,0.5287827575163108,0.5232834401461957,0.23161376079267243,0.21564775588242194,0.1892733596618438,0.3234904659909619,0.18672385620915033,0.027777777777777776,0.1341229910855254
1,0.6540915578891722,0.9656669932642377,0.9826706612017851,0.9769427429319816,0.9735678061371265,0.6781922745372531,0.6433081607878047,0.6659233819300245,0.7087369461265313,0.9455154133954116,0.9188914640538453,0.940149904873743,0.9236925428380104,0.9426149394453136,0.9398806235089949,0.9187210321952075,0.9322793979642982,0.9273060647137513,0.9508113713357583,0.9502736625620136,0.9219701211223589,0.9057185690799111,0.9193706558290248,0.9333164197186763,0.8946007165047793,0.910815684491784,0.8839797174168098,0.6604563616385493,0.5924060877145875,0.6427673221657526,0.627842761414049,0.7147712245436604,0.6630550469487468,0.6194340221426002,0.6493252779951606,0.6181069041901458,0.941512643444396,0.9488191225420965,0.8405172767061625,0.8192401960784316,0.9444444444444444,0.925907551792201
0,0.4940689698253962,0.1749086213260092,0.34380664108158143,0.40884193936200824,0.46442126600995637,0.5274363025410554,0.4732569933522989,0.654308301739024,0.5823549629733931,0.36174770579193555,0.5148950077879226,0.36803826737150563,0.509349181461618,0.360328094124308,0.5432422402318697,0.3046595443867053,0.3194538171240842,0.27830131027659416,0.3414387026194543,0.308923464968293,0.38750813558262953,0.31285778053597474,0.31405630333137646,0.37249974128982294,0.4030723208394004,0.3460404413804436,0.3358473310942445,0.5876852782467538,0.4403876347917216,0.4929867853739402,0.46294987826897893,0.4879630118268807,0.4470221451435651,0.4917954227420638,0.5157231147685417,0.3909945912599053,0.28253547769474,0.32335529331410723,0.4116182024817786,0.3405228758169935,0.05555555555555555,0.283943890329055
1,0.32642162076210607,0.04865471056884872,0.09261105787666225,0.1267557423592368,0.2321066096909815,0.3426220196267259,0.35476902621743817,0.6078923671826834,0.5736119134256776,0.15532468883550837,0.2292155708838221,0.14859240817300298,0.227158989406839,0.15614711664972475,0.2245404277196847,0.1407557683472331,0.14155903869666983,0.22811059699301786,0.14792963032904446,0.17252929087373026,0.151441646601955,0.14321465173196674,0.173448438479378,0.13849389632222667,0.15877287454401057,0.18488503511414947,0.15743259830220224,0.39250190324218104,0.3789492304177188,0.38280870586506455,0.4230583147596495,0.37983506938570033,0.3589310130672538,0.2865278815048126,0.32499369850052073,0.23709195032822797,0.11266762902969492,0.12418114921960925,0.2350629921775263,0.04550653594771242,0.0,0.10648309047147801
1,0.25751336454174956,0.10212957010395111,0.08399281932079208,0.14038581158505442,0.3845956786846542,0.393539549711282,0.2980297870154883,0.6456019767111539,0.615471527658163,0.36786841525801767,0.4504056851373254,0.3227634986077647,0.4086132781961432,0.3194190893425578,0.3872549714154235,0.4301568024464791,0.4053414636000811,0.382320208944469,0.3311383144603531,0.3524004412113583,0.3736139426807858,0.4564944075833574,0.35180600829881936,0.3946087111557679,0.32401432368807837,0.34314046929565395,0.33588265059798367,0.45295844214204845,0.4632106294977316,0.4564209310857236,0.43719268225165636,0.4915953237806994,0.47898140810151923,0.2749612457079483,0.264977775297721,0.24413091688835564,0.2850166237193983,0.26297095441716145,0.3612795541354893,0.2481004901960785,0.027777777777777776,0.22223675334284618
1,0.2539237511714048,0.25742469472088836,0.24068203932696455,0.12817752598069626,0.4880671344934707,0.5706511422158017,0.4973253072887328,0.6535510448942633,0.5395853111459966,0.3657038961336855,0.3706268434292118,0.29472420260865295,0.3758200779875519,0.30321469489198916,0.3698345217353619,0.40889886158585814,0.36051390759409074,0.3489698572837181,0.41636110855195696,0.34584741037328104,0.38543546802510353,0.4053218101691788,0.4045206277660556,0.4182411580005175,0.40346621474060795,0.3172285265893577,0.38146879833924646,0.47852695567684483,0.4728154073877101,0.4487017272694325,0.4636799836036982,0.4286922879045558,0.501864543469916,0.27580353016115156,0.2271114594256532,0.2930280804892097,0.3203492529717998,0.278487995957617,0.3810336087243477,0.2834967320261437,0.05555555555555555,0.3264612526989513
1,0.7225854789789463,0.5475981664838974,0.7848011965493857,0.7008719344170364,0.7320322881342401,0.7814124250177639,0.6582300926724869,0.717594880162049,0.8081805745989377,0.6898545102807738,0.7018116478687828,0.7077844813963895,0.7430035837533097,0.6847220524291783,0.7097794903508855,0.6722420532320497,0.666611036999412,0.5866682247232664,0.5786248033638223,0.5853354801115741,0.6692699208370516,0.7618271221920855,0.6368887777799299,0.5795110122350874,0.6593640862103158,0.6078859971454889,0.622139102118694,0.6546792473939135,0.7408719345795812,0.6868157877304983,0.602380887077372,0.6991096471207818,0.6639117183851238,0.7038431401701792,0.7238353039262225,0.6785944241455261,0.6425415670374455,0.6626437375917102,0.6770399861434837,0.7209558823529413,0.9444444444444444,0.6583771364380469
1,0.38347883045579684,0.8949538345024539,0.9098547419417565,0.9479172343544772,0.9476003108954206,0.5776835237628128,0.6059871095704923,0.5725554457899109,0.5432196965951198,0.9377986859686018,0.9577850326495841,0.9301689832065559,0.9355090672747604,0.9174565021412111,0.912292652238676,0.9427576338597246,0.8999517932472008,0.908647123000178,0.9307828213022907,0.8798356406561005,0.9259639484422233,0.9388743863509922,0.9217338523568667,0.9010971303369779,0.9044656424443234,0.918364775556981,0.925023322098656,0.5604342777235902,0.4860440396164937,0.5011920472226545,0.4817765891080223,0.49935911734664545,0.49651344076049075,0.3729786680874306,0.41079975333022273,0.4048581827615783,0.9226268171895781,0.9266508376128846,0.7796922847182078,0.632393790849673,0.7777777777777778,0.9383237045024663
1,0.7395719273873981,0.4510298082460757,0.48891859778647967,0.47887943418203066,0.42757924628619226,0.506318690346509,0.43802363031088604,0.677763257149225,0.7063696015462415,0.27233039545638366,0.46305270021859296,0.2979881349672116,0.5288227303253678,0.2757811589498057,0.43299207970776854,0.33287903960352355,0.3269561953254646,0.28132059458108233,0.2682565764713613,0.27737347040615146,0.33194511954392464,0.30119174169069235,0.26473616844100684,0.3223147985003114,0.3071312719041389,0.3135470884017444,0.3101916941878028,0.5214620298267763,0.48604871605489836,0.5035532950415037,0.4756951188580431,0.48462235690749256,0.4460475158005982,0.7273550033576719,0.7227308369062528,0.7646541743863663,0.3606323276056036,0.3673115151897294,0.4288472838719955,0.37638888888888883,0.2222222222222222,0.2682138595669375
0,0.38245367634263205,0.31529938893635273,0.21548413239930236,0.36812172611435195,0.5829252216262422,0.6123335422438059,0.3765611324914422,0.6496726864889115,0.7114691169618483,0.37673157174132493,0.4012975590292749,0.3669114812812976,0.3818875428226279,0.3909249845899396,0.38062481988115,0.39138497267742334,0.40569575599122837,0.38755619577328704,0.4189842597493868,0.4258527102727132,0.4090166820500285,0.43244455727174114,0.4094854515349336,0.41152643161673313,0.4095369496903103,0.3802398983102291,0.39133346479480596,0.5381451524825624,0.4871024736942123,0.5036653466513908,0.5535947324506817,0.4868166250482882,0.5370941960600386,0.38328149840301406,0.36764028972484397,0.3521534315721352,0.3578652809650246,0.3665285107198731,0.42585270514422924,0.3901143790849673,0.1388888888888889,0.27640643338015364
1,0.5926621454547816,0.9991408778709074,0.9987297112781748,0.9992318627825181,0.9186716409683304,0.6422350167829015,0.7266889367052789,0.6644016919684581,0.6640634439479733,0.9383448800941967,0.8245449320498086,0.9382555006215896,0.8887473317698777,0.9450005790349604,0.8951821188387538,0.9493497112225838,0.9622555507061751,0.9188934858010271,0.9077444370519668,0.9147731439772225,0.9110976547593845,0.9477900043133348,0.9051629732949938,0.9247513081688217,0.9148478800327093,0.9302450276579302,0.9415606542487829,0.594001252411069,0.5996244353023422,0.5952935755003839,0.534967126707827,0.6369789549277511,0.5683079472209808,0.6315972506324373,0.6065483659459361,0.6655989204353715,0.9622486965716935,0.9661957063065119,0.8289119170276151,0.7924428104575162,0.9722222222222222,0.9398782492361818
1,0.5182256739263178,0.9998996043813874,0.9999325348257141,0.9998220698058068,0.9729784172007292,0.5137780225515288,0.7914525372052387,0.6816014503341061,0.5470970050712294,0.9564832572009718,0.9574153749917794,0.9500132485166679,0.9401031917552316,0.9454325105196795,0.9473493982750615,0.954747862732997,0.9164283096403173,0.9146666956306784,0.9617319281335658,0.9209477988016983,0.9330389314965846,0.9676577777256391,0.9501203154127282,0.9128454019810751,0.9353852677022413,0.920988846497705,0.9437936002646777,0.5058477366907014,0.4777242193962168,0.49443125011363276,0.5147978960371765,0.5016174803789597,0.5009298878194576,0.47120159180697285,0.5747917165868526,0.5289009242260807,0.968220238543684,0.9699830591913077,0.8164840990077898,0.7454044117647061,0.7777777777777778,0.9518380552230626
0,0.3733713995173902,0.2454032150546012,0.1820706479560082,0.21286146225446126,0.3500864585737341,0.3477128238526119,0.3755568979381794,0.5837150929408623,0.4063576775371811,0.23707737224349276,0.3175565398764732,0.2544950780300145,0.32864413092313255,0.24244725182114263,0.30120335640800505,0.22664185677983545,0.27139254142068964,0.24641065975307627,0.2766052676611728,0.24774347197448793,0.23227919913994508,0.2582637135350023,0.22513835750922834,0.21924891373070135,0.24690081220346943,0.2479490047252498,0.23684227580374045,0.4008903114788939,0.4050997987665074,0.3815330054730874,0.4043706407313858,0.3889724549766549,0.3937608250442579,0.36816607483874114,0.3766772635466843,0.33115258693998034,0.242180049954817,0.23636977278801097,0.3011778736674946,0.10339052287581701,0.0,0.23436859449797434
1,0.5370808068693521,0.5945675011314714,0.39955159111374794,0.4860925878342863,0.5815076894205046,0.5967313078190206,0.5983718683503945,0.6049017586894683,0.5103339986840492,0.3425982997946443,0.33648001300316766,0.29034862107960546,0.3072179012179309,0.28964098621421186,0.30505455113102486,0.4269858229086926,0.26839737462173346,0.3483049134455962,0.440130403778718,0.324272336402146,0.4214583220404768,0.4684295143346431,0.48699519446441847,0.4051619949309338,0.43060748047227193,0.3725022598793765,0.4029177780158786,0.5069680567108933,0.5361311669493488,0.5153938493379593,0.5435016496253089,0.49986232706046557,0.5742040625300527,0.4182772365535696,0.488284364117394,0.5479911838612282,0.43730064837325644,0.41752710383365355,0.4429625234156356,0.3971405228758169,0.19444444444444445,0.40090861507286135
1,0.5803450256098044,0.8967139507328188,0.9497175108676486,0.9354308293869277,0.975218337648992,0.5739238134841504,0.6872307235384292,0.6560643347896324,0.6524200393304351,0.9481848711971207,0.9496942683217279,0.9533959891473544,0.9217727612227676,0.9201329789212483,0.9196199462247151,0.9563939196268695,0.9570846496293206,0.901442576819934,0.9512006870393644,0.909745512140133,0.9422297043702341,0.9402884986576914,0.9441230995812667,0.9368106998210651,0.9510436173626383,0.9267665810973716,0.9432766645183184,0.5385343008169013,0.5119770802204358,0.5379250352347851,0.5261791842374505,0.5395305954832457,0.5249437772187062,0.6526932330766393,0.6264929463918181,0.6764936016674369,0.9355012865023475,0.9324135335630437,0.8229987193771153,0.7698529411764705,0.9166666666666666,0.9395631635994663
1,0.4378230361414993,0.9992086195756451,0.99863486120199,0.9986478456115349,0.9798930699845706,0.5763882098369875,0.7767690715842622,0.7423982543767095,0.7158288173434725,0.9712379346976243,0.9607929996078713,0.9570314789653018,0.9399526467016349,0.9507837013570055,0.935400255247651,0.9543181288910052,0.9219307964825744,0.9328962330989908,0.9559381642111241,0.9251485684495775,0.9523953631995493,0.9820459866139747,0.9442716582343074,0.9299558874472857,0.9404915744586884,0.9524492035712685,0.9521694335203744,0.5052905458370561,0.49547193668483164,0.5169531638978755,0.5328414356572058,0.5449006059595213,0.4946596208458924,0.4349711279888279,0.42635966538697667,0.4534117559569476,0.9701860758106507,0.9719979548800985,0.8206527632633412,0.7769199346405228,0.8055555555555556,0.9357520660984554
0,0.33744472725856217,0.1487324276941831,0.15102632515891287,0.23579049716225264,0.26507770912862333,0.3059113861327546,0.32671175648248973,0.5988729330957371,0.369287020453429,0.21331504648121818,0.20465440837786297,0.2221180823669003,0.2566167345995643,0.21523260892026014,0.23687901132186387,0.2233055010576486,0.2743890283254238,0.22819662170059432,0.21925012275200037,0.22935442534301997,0.20285131898293163,0.23071197572346433,0.16947869510559022,0.18307267649862588,0.19866866915777856,0.23237969976926917,0.24344742129773117,0.3744343714034062,0.38640365200219123,0.3660606346097966,0.35725561284307833,0.3256087055424179,0.37912869298757806,0.33106046011138185,0.3154225463054659,0.349998214472883,0.19805200370624398,0.20903582344024896,0.2662474111348238,0.0602532679738562,0.0,0.20018582951075672
1,0.658584012324994,0.6004256087304267,0.4791663507110123,0.5210107541312976,0.41260210409926196,0.5770011154318333,0.5466663851527315,0.6767022686708327,0.5265212296552235,0.3676545814490854,0.4195213264196201,0.37758584256621464,0.40187675892668767,0.32652856306990713,0.3976914643308521,0.32330701973466425,0.3465781529840992,0.3107097698578021,0.336070509496684,0.2816731585259608,0.34540897636609674,0.33849893884225485,0.3830396894094586,0.35164425137354,0.33138216934184744,0.31997741103053484,0.31005320278489984,0.5785402501188781,0.5431977538022005,0.5190626058580178,0.5177907581313616,0.5105724765925085,0.5425375151417763,0.6255116681297498,0.6293779677690131,0.6234541250195829,0.4337728236771019,0.4297715576465021,0.44310025421274635,0.4241013071895425,0.3055555555555556,0.40061060022238254
1,0.6321824426137015,0.5748017207859615,0.4851943368036865,0.6108474762905431,0.6339020469666246,0.738349891607077,0.6538360999363095,0.7169375356590024,0.7138290255292808,0.5117685758381446,0.7029252329257794,0.5818995280661653,0.6743106208775634,0.5481060991349755,0.6844205579245998,0.46940758777989383,0.6784123766438213,0.5588953050870031,0.6658907300302642,0.5296276278166497,0.5315752061709691,0.44431582832561695,0.5182650220462371,0.558520505207415,0.4887763970350291,0.6105163533240521,0.49471042503117807,0.6154427265005904,0.681260131456765,0.7673799955741426,0.6931547015667081,0.7218574983618969,0.7210839100331046,0.6405470446530632,0.632455841864524,0.62772851158206,0.5420362788773402,0.5570124824115078,0.6075891579121686,0.6744689542483658,0.7222222222222222,0.616748419563734
0,0.3219450679650529,0.14967205040035342,0.1873554848905179,0.19440219686202198,0.33103991931496307,0.48988999774766,0.3684048333223085,0.5990653520544301,0.6468597921533101,0.33921142334192084,0.3254897131158975,0.3090022750434044,0.3314979854698777,0.3293536606709978,0.3407905224021008,0.35087760773411597,0.3337325984852381,0.30410641113547127,0.32700818863353176,0.308450734589653,0.315563279021308,0.34072673741746207,0.3145410463790157,0.2825866934023483,0.32717191396084055,0.3215257437838226,0.3398660400618816,0.4605527825476133,0.4514520640713021,0.4339490880093209,0.4185567671560179,0.48796467018949025,0.4533053635233584,0.29929668639374857,0.32143405633978966,0.290594676704025,0.2698506443926246,0.26666155814217873,0.3456209195266832,0.20257352941176465,0.0,0.21772026648894824
1,0.3371908906479998,0.3673814280566029,0.21998924409806256,0.1599789606861444,0.6369596859520185,0.5565388269386645,0.5922659999409876,0.6267026128313475,0.5232292100768405,0.42851623535251726,0.4716974617991963,0.3749409009703343,0.42502093007269937,0.37456289436997126,0.48884198852100347,0.4303559165642263,0.4056085434328855,0.38708293033014873,0.3997506793942099,0.3913272804168654,0.4234513960391453,0.5922791070665337,0.3956579656533869,0.42941576681214266,0.42221131791524275,0.3910378932505297,0.35304447174770603,0.5096729271686435,0.5171519511884107,0.5250337569409653,0.5158759123584082,0.4953793019339042,0.5003690836155094,0.3756960696598382,0.32613907374091605,0.326153449288816,0.39089274853038786,0.34144402012945585,0.43219391878958024,0.37798202614379084,0.16666666666666666,0.42324946315886
1,0.6386707553457671,0.960073939013897,0.964086516395471,0.9525127252979674,0.973421737296118,0.5176482139029599,0.6959720208298517,0.6857363693227441,0.6558338920121267,0.945772011746687,0.9068064554290155,0.9306754867915993,0.835971308437497,0.9163906388942783,0.8767317091293858,0.9255752003657411,0.9144975789250117,0.9117190708677276,0.8963216048913731,0.9218140967810128,0.8807864859402147,0.918876092066272,0.8932606560377174,0.8730514733155798,0.9024330510690539,0.905049839123631,0.8940523352551374,0.4406371412378458,0.4557969870300287,0.4461721758021388,0.44153397392940524,0.4345479869459633,0.3850935490420246,0.6127275449107971,0.6192906393558477,0.6061222152294832,0.9387748753904125,0.9370455980726966,0.7917277410261205,0.6466094771241828,0.75,0.9320566424752883
1,0.5218465728970195,0.41229400329863813,0.5234177709060958,0.5939032022155007,0.5504440542598844,0.5803874053772501,0.4534710043610194,0.647823395962937,0.5421100863509204,0.417240819220914,0.4881616683464308,0.39145153066890864,0.45218033836927496,0.387772973322605,0.4899894587524029,0.4439521902250263,0.3907979273775488,0.3617486975842322,0.37147461037501656,0.3990922619646914,0.38051934669778675,0.38931050192106803,0.39021663044382665,0.40289541494459413,0.4106575552206427,0.3677570081859012,0.3805149694021507,0.5121266013337562,0.5380048306361808,0.5305152567275497,0.489742151035721,0.5438860608375434,0.5089912057365575,0.5062553838024939,0.5389875293587056,0.5265329200563473,0.4158992413975244,0.44587477994613584,0.46113540979058254,0.4381944444444445,0.19444444444444445,0.3929195702470711
0,0.3100349934338944,0.5887595806452762,0.5300385325810015,0.7276855262778211,0.30271033705145234,0.45828182307114934,0.3483853454323696,0.6448548095687813,0.530660802140643,0.3109688941261729,0.38291173289102604,0.3225330158030097,0.32482721011698884,0.35223288259595315,0.30271022580232415,0.2713788164878249,0.3131024318235605,0.31333275984149545,0.3001571573452456,0.289160464105665,0.23024011183014703,0.2942816498382283,0.2660899728553529,0.2640338040035203,0.29310366588077186,0.250761780474621,0.2740798311669329,0.4113606728400482,0.4624471935870428,0.45279865750276094,0.5608568832016465,0.47055700750418633,0.4419247281307973,0.29033937170423324,0.3389530192338489,0.2634361948170279,0.3942238043120369,0.45251796436197694,0.3688990636466907,0.21638071895424835,0.05555555555555555,0.2662717589370111
1,0.443357334910304,0.9907823832048838,0.9958524894515806,0.987294275296507,0.977392340968961,0.47846999498698745,0.7592128907744264,0.646808914191461,0.648831199956627,0.9683499613487371,0.961343777338213,0.9573371905288095,0.9415061832148769,0.9402740538442705,0.9536081111251298,0.9762127130356117,0.9738118333418212,0.9409040064807719,0.9778085315597772,0.9427428246056988,0.9480497114108165,0.9735699697791206,0.9608146021089873,0.9765510965385964,0.9553355001864539,0.9681698177778454,0.9476141479901746,0.42899389861549586,0.526861801313614,0.4886251852866657,0.47526980608500535,0.48502602403562173,0.4090080836319704,0.4376224027536744,0.4411801855443316,0.47101354169645593,0.9747774289231016,0.9703801231820165,0.8142031797108291,0.7294117647058822,0.7222222222222222,0.9496106862523306
1,0.6837252104210652,0.9872700171939218,0.9746979984631773,0.9691209709599378,0.9237545639654983,0.610505737987601,0.6920713197384659,0.693236643929846,0.7591989235588054,0.8908387636259125,0.8715400864381853,0.910438896914418,0.8245998243972403,0.8801146587871823,0.8479433192694197,0.7923541870776896,0.8808690473314874,0.8696089836431223,0.864122304583374,0.8693845769409475,0.8865850853943981,0.8709312608286989,0.891576033051227,0.8841902230691102,0.9078793237749754,0.8802977011727651,0.8536579923791942,0.5426076278087267,0.4935482010339505,0.49284327533396427,0.5392319791956454,0.4955238821849424,0.49406038000008423,0.7021160460142591,0.7124454083115819,0.7021087438024323,0.8966877003953432,0.9078597461866298,0.7972692961415144,0.7022058823529411,0.9166666666666666,0.9104609161317143
1,0.642390827859559,0.9554642030415023,0.9563073197998214,0.9227594874166536,0.8680919138986247,0.5858503649661496,0.6968277126100312,0.6635323679518842,0.6412446234230476,0.905350734109415,0.7612170706929782,0.8848926424415258,0.8455972110420529,0.897697623692569,0.8311147540207008,0.9855072482278169,0.9014155552906816,0.9580600909149398,0.9349641960010221,0.9195032022639732,0.949248688080595,0.9471586043430051,0.918727368215641,0.9588555240241671,0.9273037782262414,0.9510472324100089,0.9433147228414506,0.5026039242696839,0.5013433209911037,0.5523568448902798,0.6197111517380122,0.5136788705241668,0.5486711460422297,0.5727896291840544,0.6178880950929455,0.6215629539318361,0.9419546979036149,0.9292642409640134,0.8076471666192069,0.7401552287581699,0.9166666666666666,0.9262223043588655
1,0.4711273579355358,0.22164171651191894,0.21765557697635787,0.21243506771263418,0.38692842900943547,0.47096259674106283,0.3741937138418026,0.646321492296717,0.5562257707404749,0.2758308267741024,0.3262798273404203,0.27201452745324767,0.2891315000268772,0.27584148294691524,0.24308030198075992,0.26217753754388684,0.3005215033431391,0.23957093842529392,0.2955763044182227,0.3095193292547403,0.2715426480142196,0.28871973357089353,0.25197314717339003,0.24974548108038835,0.2692168207088329,0.2889728735849835,0.2459027096344368,0.4375908192395365,0.4378887527512668,0.44660324974082916,0.4718605343877388,0.4461376307531376,0.46310115510402794,0.4755834352763732,0.45419923684429575,0.4453840680852163,0.25194459383635115,0.24882206643372057,0.33748936111231964,0.19056372549019607,0.027777777777777776,0.20447947461120544
0,0.3885142541626303,0.28641630369234683,0.5067408211075684,0.3020802088675526,0.4561655853233833,0.46134902196346084,0.3367641915280413,0.6462769769232302,0.6460426402538393,0.3483249587137206,0.4299404305180904,0.36273373521122626,0.3319617724051015,0.34990273775789277,0.41874232757398444,0.3918619759539555,0.3926622028898998,0.31268676112916105,0.5469375275840513,0.28567800617133415,0.26773755522858717,0.42503990963957966,0.30927784037047046,0.3223478269534482,0.3299190858601692,0.28721996464416144,0.3405220174713002,0.43990270223212835,0.43436417192954613,0.4235067676998467,0.44657035076818324,0.42777939774664236,0.3756243317335145,0.3999134052535651,0.314620998523105,0.3518582212001914,0.34700400495250955,0.33859899229659474,0.3860801463526278,0.2554738562091503,0.0,0.27163462870112354
1,0.4195750508908068,0.9984561167173165,0.9975508967646721,0.9969850716708061,0.9270929363962502,0.5139031281624868,0.7390075052661028,0.6282173399987645,0.5948971276412186,0.96253901806949,0.9674755570808861,0.9448669405144313,0.9480919482911034,0.9404364452389977,0.9591417850571435,0.9626239565519685,0.9385587747573109,0.9275131623459043,0.9495854848944936,0.9212901288767101,0.9159828489413342,0.977383330838775,0.9272685603024354,0.9202863490717414,0.9212037685319232,0.9101972484746936,0.9369306008500844,0.5076880406178144,0.48745568507022663,0.47583041949131605,0.4914894531009493,0.46986880458801017,0.47550631227342327,0.38943804849506747,0.4113653028392029,0.3377568048399622,0.968649004594572,0.9686737061387041,0.79848366872187,0.6809232026143792,0.75,0.9475336101255099
0,0.6003647230615371,0.2426022096603903,0.19969736464910354,0.19233061899337006,0.5311798493754271,0.6444711516836741,0.5979933194295672,0.6652058044955481,0.7596986990896679,0.28096454080117705,0.5135021775443279,0.2736911460973391,0.4831784611185432,0.2829098468257344,0.5056540726136712,0.38956332734587906,0.2641580626214795,0.4166243401421404,0.13656335775954204,0.21781059914374357,0.3707723198508128,0.336278508577031,0.3944990797567737,0.3108436269751932,0.33925961051414855,0.2631907760821849,0.34618895122138393,0.5739714111727037,0.6005733960733699,0.5983374882894849,0.5869488346561083,0.5472363410613398,0.5801021825678104,0.5353600327327744,0.5836886772092178,0.5453474565454715,0.30195222770120284,0.27621942978454256,0.4205997208633928,0.4249591503267974,0.25,0.23013997143142886
1,0.6561841625434918,0.9511102997850636,0.9716926172049891,0.9603926117251784,0.9711059467031448,0.5249793672896577,0.6421515872393667,0.6894409345369774,0.5258077091517278,0.9431657088514035,0.9119084728783573,0.9396058538715254,0.8759960352095859,0.9237561585085162,0.892448994908986,0.9200677293073519,0.8877935439837012,0.924964326752654,0.9393989853715891,0.9194530316229245,0.9311681632191732,0.942668538288889,0.9537577401207841,0.941037743636881,0.9361926598373735,0.915980399855495,0.9119069676995973,0.5156660109441176,0.5189172892976265,0.5387618650128967,0.5385694846966617,0.5134081670935617,0.5637316552491698,0.6700941351437989,0.669615580354306,0.6840058766914971,0.9369279609879803,0.9389865306395272,0.8172043304167249,0.744812091503268,0.9166666666666666,0.9364729041142644
1,0.783485649530838,0.9857642917467336,0.9826893355129345,0.9905441049398831,0.8847081797557149,0.7591480069418607,0.8116418907704517,0.7609683702663551,0.8885343406292937,0.9134474696312191,0.9046503747492306,0.9079283580760809,0.8924476317724108,0.906542014921263,0.9084042863325303,0.8895594764545297,0.9170505448938387,0.8599095834778293,0.9651718727679207,0.8891966370392883,0.8767586223056207,0.9125747534113231,0.8643375986554248,0.929852219503912,0.9300930220902883,0.935311620398047,0.9207490973957715,0.5818018597767753,0.5785234959337913,0.6411011265628502,0.5831167527674508,0.5967774756509903,0.6867140499151577,0.7897796209057969,0.7523586798869828,0.7254733495314696,0.9277507087591147,0.9360676492276981,0.8481026379260245,0.8233660130718955,1.0,0.9136358811352127
0,0.5689535848005935,0.4175846956988701,0.37060709404005987,0.47446012978006114,0.6235893922372986,0.6868518357026463,0.531645813084061,0.6524699895893444,0.6992098247493702,0.4575824929988748,0.4430155343185014,0.42641312196484416,0.4480457122626153,0.4027781050660023,0.4603550429436159,0.5016606008377306,0.4713690169685189,0.37934813206845874,0.3836704825971611,0.33200695881505976,0.42073759134479277,0.417635788092928,0.3763373603722817,0.35733008571501534,0.4261628464502768,0.4060150244906515,0.407440618166314,0.5236881575309633,0.6217032414166856,0.6578398310003862,0.5954636392690501,0.6571803577049408,0.6048133599792525,0.5519541938689612,0.5761953358723184,0.6211756938184769,0.44855280616714827,0.4445793306695016,0.4877029906173521,0.5283088235294118,0.2222222222222222,0.3893655557013649
1,0.7190031623860811,0.999579064143582,0.9996971577869692,0.9995467984602738,0.9758154918286094,0.8359373042922749,0.7387933125931442,0.6993673820541638,0.6605521935000735,0.9770838680750579,0.9443544467227257,0.9657285623077314,0.9284456317301959,0.9565639518811395,0.9662090085539209,0.9614889516363725,0.9409728887277904,0.9425361164044194,0.9656988323322615,0.968272309705696,0.9494144739227701,0.950288531189847,0.9636510655929282,0.9675310587152867,0.9336137344396344,0.9268254212894111,0.9011629261144346,0.7705712367286324,0.7172289373403927,0.7709625682577603,0.741275678873078,0.7997668874768364,0.801326834261622,0.7442370211632793,0.7260968802879072,0.7302301626041181,0.9755988593625619,0.9765814656858198,0.8882332806450332,0.9217320261437908,0.9722222222222222,0.9426247596475102
1,0.5845767280801448,0.5297788775262704,0.5782864651420913,0.5222891032580705,0.6972902727732045,0.5859247084152831,0.5606257882855936,0.6336091495975911,0.5923524892917555,0.5041095871967103,0.38500791602381135,0.4866380627951973,0.38533142389070346,0.45046802799392366,0.40887662417045245,0.4058645070568949,0.5617586420396564,0.429761324753317,0.4689057744177688,0.4226791274201637,0.5221286470391355,0.44994754374664975,0.44066456092924444,0.4150690434291996,0.39919340102670864,0.5469123961307504,0.4103058829936317,0.5363285432144301,0.5417117005179661,0.5238887147760286,0.4901535480378019,0.5380327204858035,0.5005645121366966,0.6359422618141954,0.6149191280154682,0.6177633398015578,0.4740938157927876,0.47900771572607137,0.5051769778447457,0.5033905228758171,0.3611111111111111,0.5143768323186682
1,0.6787161967571483,0.36452181449358456,0.5251238834963897,0.46563531900200666,0.5209382448869201,0.63032439974434,0.4635842423704305,0.6639578758140323,0.687100982805863,0.45999214556240986,0.3841424963352105,0.46385980841033786,0.3882660938851904,0.48538552853412087,0.4590613183215583,0.48288498891080134,0.39924935303293546,0.44490582593959616,0.41946188822248437,0.41068664370510444,0.48096518100439545,0.40128128228798365,0.4457687476819357,0.4773037548629426,0.48883774416424514,0.4457851482524785,0.4833424630145978,0.6129764424988814,0.5687559798675169,0.6022097029520299,0.7016402677669812,0.5277178531942098,0.6644389507165144,0.6931037802651899,0.6978954302455485,0.7427789579122398,0.4370888706049079,0.45245749187017026,0.5113086915721965,0.566421568627451,0.3888888888888889,0.380292761285513
1,0.6908728633531345,0.9726752747680395,0.983261100681869,0.9820350954861008,0.953217533628314,0.7205605591711068,0.6543438746647765,0.6693488850151061,0.5814512046547167,0.9649148602388535,0.8730881369214023,0.943437561082358,0.9320032231509672,0.9417132742860284,0.9082529784809896,0.9516651878074923,0.9337469371566355,0.9021749077676583,0.9348586355166233,0.9340238637461167,0.9143016182265639,0.9592469991553901,0.9405963041126486,0.9429083429438399,0.9521175030663732,0.9303921583560537,0.9326773089216831,0.5493047481813248,0.5982863364937161,0.6063171809577677,0.5511512889211121,0.62533355530115,0.5826949811726702,0.6293586749909607,0.678231430213093,0.6861156001435021,0.9559260078859633,0.9583052786860039,0.8373118375048763,0.8138480392156864,0.9722222222222222,0.9407917549140298
1,0.7250680842162652,0.9930000645546582,0.9914226595813108,0.9908794336424392,0.9752261818601424,0.6635918098546739,0.7157059960490941,0.6909085438681558,0.6254294094341596,0.9798990940759691,0.9514675628339846,0.9538925918771678,0.9274511816340556,0.9564172698170388,0.9251548279008285,0.9556820080095948,0.9294617008096449,0.925693965460643,0.9288810634438798,0.9471776932453325,0.9444781746410297,0.9549702076445262,0.9605236726609088,0.9592615748541201,0.9445642272043238,0.9262035556497502,0.9200996783325974,0.5967954867745454,0.5891723877793273,0.6159532858617467,0.6693162338914618,0.6403717781653643,0.6628575099794353,0.7490437209080921,0.7067230228274184,0.7677113002997515,0.9675248881471402,0.9699742735801797,0.8594326036114046,0.8735702614379085,0.9722222222222222,0.9449886559146551
1,0.77901969688931,0.8791509291270427,0.7915595524931731,0.8167763279011631,0.6997318198094538,0.7168607154850583,0.7015554276160414,0.6926531712700902,0.8383019473077251,0.5334989130160459,0.7243844787578393,0.5721474982471291,0.667794222081869,0.5389877728333264,0.7260661902100309,0.4770506286282811,0.5473231185949207,0.4946929289707905,0.5161670187278065,0.6003933480300607,0.5743941063298453,0.5795996303449508,0.5116260156712193,0.5533423500707988,0.5608580645129263,0.47333642879198073,0.5324777601625279,0.6072758018443338,0.6166650878681227,0.6156500188922477,0.6306365978880657,0.6187900977242802,0.7103642599783687,0.7743141100381199,0.811690210340711,0.8038498529511181,0.6427830186674843,0.6568226313473885,0.6410739138258601,0.702001633986928,0.75,0.6593697220771169
1,0.7374396184407277,0.5344830210327423,0.6775777002206469,0.6426583713681498,0.6473313109475131,0.7174421139394535,0.6455568807717,0.7176182849831477,0.8353109470765969,0.6132582801196167,0.7118983614779217,0.6281662760718929,0.5609788288606372,0.6032916345937108,0.5290276559740404,0.6285016428326132,0.5854970036323117,0.6206384671195105,0.5990115311713583,0.6145478310937393,0.5622304853354296,0.6496099732335682,0.5985398253165224,0.6119645970643541,0.5832258213800993,0.5599619932384835,0.556632267445334,0.7106121996149611,0.6321661813067284,0.6491635305919233,0.6506310907013013,0.7761858837769495,0.6533780235043736,0.7290213964041625,0.7501449109169206,0.7373627982391091,0.5970503133124162,0.6074201891798219,0.6395585408312174,0.7058006535947713,0.7777777777777778,0.5907941571421929
1,0.45702473778281744,0.998786087275875,0.9986795129170144,0.9981197880068159,0.9556011129589237,0.5768371749660097,0.7157150288589761,0.6448301232391931,0.5235408339692735,0.9450763546375736,0.9030372166475626,0.9391054650439011,0.9064807374283651,0.9254613708384714,0.9079754339188968,0.9466550774897696,0.9294967770623045,0.9261865320404595,0.9397167025018945,0.9205330693046654,0.9317556657201949,0.9337360106144819,0.9527752398889417,0.9534880752386583,0.9490436419863336,0.937898116764967,0.9460539039037177,0.4720106320348972,0.5405449904971104,0.5170877215461677,0.5938450830035205,0.5342314980429103,0.5405154325755257,0.4677508903756087,0.45641874565062146,0.45538327335628837,0.9615155432698486,0.9616255577309666,0.808355998591531,0.7190767973856209,0.7777777777777778,0.9464230212302187
0,0.18806889743520377,0.5271819872745863,0.2434041493963961,0.30843609627271507,0.45643351832510054,0.5529317929426082,0.4990177381973667,0.6902473724722458,0.5396575779545297,0.34958559486099483,0.3279015319448053,0.3404096457224243,0.2838801742902873,0.3197578089346805,0.3120389967723324,0.3248672699440634,0.3608917712291606,0.3087087289881022,0.39291718279144794,0.3426431765101984,0.4052724393136578,0.49704186587951477,0.3684508319946452,0.3612116787814136,0.47612940929202857,0.36594179722051157,0.38244308524575554,0.4892369016736715,0.49055670001577584,0.47706092658730365,0.5161477637185848,0.4792980675775839,0.49537828670732026,0.17310911190786846,0.2857520586724965,0.18161377510974516,0.397486300980358,0.36413056162969387,0.3880188486625621,0.30833333333333346,0.1111111111111111,0.2996518398604121
1,0.39578407073458377,0.9390169525068698,0.9256281928982721,0.9189859497774959,0.9820693773023929,0.5568050995124795,0.6939980294649373,0.622008865527397,0.7246173371592086,0.9281248385140752,0.8685424477549806,0.9240441763459917,0.8485034812366671,0.9178094119635116,0.8490317747254574,0.9800602030776304,0.9551417277635128,0.9149136568332575,0.9753694912596512,0.9303641040295328,0.9491740829255348,0.9086763576818682,0.9425168304809359,0.947350708849247,0.9440711223291652,0.9504745131018347,0.947986525375513,0.5195045941153188,0.4966271046643735,0.469271283255741,0.5001847071810864,0.4734178463625034,0.523417925310268,0.3562389426640395,0.4289571759735808,0.428055661231014,0.9477071106434973,0.9359833387342998,0.7915089413314753,0.6781045751633987,0.75,0.9325974780587533
0,0.2226167392432327,0.8018009176573802,0.9009324192691224,0.861183148794795,0.9749132494279796,0.3841862642988408,0.5293915691262709,0.6676816554882803,0.5912038205209246,0.9676658628197105,0.922006931289015,0.9155384549954331,0.8861378354186147,0.911947928099963,0.8952131178747837,0.9592757571733768,0.9178575801443556,0.9102769816423825,0.9405194085204344,0.9236052109855415,0.8976445754314465,0.9470886636893597,0.9205661641115643,0.9160811594023754,0.9191056875561154,0.913961482208406,0.8989671479965645,0.4486122624117794,0.4170087092371202,0.3689524855458148,0.4203872658966478,0.39934326197260733,0.38348058734929513,0.22359917170133045,0.2164134991847016,0.25257636137099626,0.8922050432753966,0.8899492413441894,0.7408405023491298,0.5451388888888888,0.6388888888888888,0.9144844814569624
1,0.40247538301588504,0.3646421616790412,0.3275734416064592,0.3237840691012376,0.38618875453262547,0.40273361399165625,0.41170619943019904,0.6220784336257587,0.5549605398229881,0.3192341130011985,0.4281269863579518,0.30268317824543595,0.3884124251273781,0.2989431820943599,0.3726906181611608,0.3066876301182007,0.289059061223381,0.29850960200389903,0.28521527556298665,0.29117209242993913,0.31741148371354094,0.30318189029106946,0.27898696214291513,0.29732097034915944,0.3162150988412611,0.29342816414201794,0.3120129849899092,0.4062188570941904,0.43634840450766205,0.4364038331308513,0.4125930548880493,0.42558286280938784,0.4288558206669839,0.3818477497951775,0.39752808226152686,0.45241381881997655,0.32467099001422595,0.31934804424765506,0.36129269544188647,0.20776143790849677,0.0,0.2800335092887424
1,0.5607528624704824,0.4592630185697658,0.3619154235024297,0.34485427588124107,0.5683657533620564,0.5783574779813696,0.4863711840252707,0.673693161665599,0.5951466086061095,0.5158069901243867,0.5165696007157846,0.44017505529349477,0.48056729964051037,0.4014808526711904,0.5171979451094806,0.35722199601096544,0.33896861336170603,0.34213685205187555,0.40005831518577145,0.2914460350532076,0.34632034531731865,0.3743798358551435,0.4206167190769993,0.33440820081532385,0.33999793963009795,0.32429567242246793,0.3193630408444389,0.67432600977129,0.5477311068005261,0.5581740169118086,0.5752834442363579,0.6226136293087131,0.5441041046321805,0.5771811209473888,0.5350475532260985,0.4996061279361844,0.4188866899580754,0.4005990396853315,0.456837536820493,0.46462418300653596,0.2222222222222222,0.3847709876532231
0,0.2701638351637479,0.1704591196735125,0.1073553678230117,0.11813171066268761,0.24156024157742528,0.3110179100722772,0.33016124237533045,0.5564100928241127,0.4869879493253855,0.15884750173379186,0.31659979467815036,0.20822513891248168,0.3209013666845787,0.19605223976483835,0.3276905530966495,0.19866801926385125,0.2529988409399279,0.21987779235298197,0.1952295335872715,0.20641055259056051,0.1871477000079085,0.22176148514807584,0.15499480465196483,0.17744363787958434,0.17524084197682535,0.21192810880362759,0.20076186059503268,0.4206327397511564,0.40026935359352117,0.3682596524382122,0.34533975316870097,0.3732454934763168,0.36752609027835886,0.25337028038693005,0.2775650712786339,0.23946688661772858,0.1924507592832818,0.17830724565547426,0.25646447043048876,0.05347222222222223,0.0,0.17537458223580035
0,0.5241535679116218,0.9421475222510416,0.9445948126318756,0.9600649814388348,0.832409091836425,0.47137286059494443,0.5536321116598937,0.644168359230614,0.5431875416709655,0.9300750418426009,0.8436482307576909,0.9233044667720793,0.8547442147906846,0.9204267868388143,0.9049003790203887,0.9466786445156055,0.9093185220697781,0.9225226739231729,0.9194799510331961,0.9254960141980302,0.8860821653943404,0.873666308884956,0.8503629646124169,0.9392051942939168,0.9012034285506624,0.9252836794720765,0.9102807980416494,0.5211041992718154,0.4564836184855535,0.4937743519523522,0.4456562389641541,0.4858753299955166,0.5066468588497072,0.4402354527965718,0.6340883389759358,0.5781523226408147,0.937376877846242,0.938524480363275,0.7790201458051715,0.6331290849673202,0.7222222222222222,0.9325964509635155
0,0.47419630251174016,0.3252747572130201,0.3401773164403152,0.3360842975597768,0.47436603556971435,0.5234488162482868,0.4855000782340993,0.6517380478482951,0.724733526430763,0.4103100089165008,0.6827135390509975,0.42583685787704484,0.6417879934351803,0.39618256905938043,0.6093462641120215,0.36271138106711964,0.3766326987781635,0.35894624597872843,0.4104290124636824,0.3885716418743967,0.4237317664037822,0.43242133529056065,0.40180865179652764,0.4260130238094891,0.39431229338384677,0.3630273730581817,0.3435451116445739,0.5236836820034078,0.5049980138996158,0.5294246370439276,0.5057615946019319,0.4833233577386135,0.508227265841177,0.47883662119382475,0.5026196046403113,0.5479834571403075,0.37127433205239485,0.3692179725552684,0.4586077149477823,0.43574346405228764,0.16666666666666666,0.3730332168730536
1,0.3546705839121693,0.16738647508679647,0.10931106203836563,0.1706812143668373,0.23798551629547043,0.48747121811770827,0.4204441017624524,0.6311813215934089,0.6567053842392621,0.2744345093245439,0.2697779872707051,0.2663200242058329,0.2537496899321972,0.2753328446423201,0.2826613178262992,0.24453908852438783,0.2375681161924834,0.27786653345557955,0.22447150559274012,0.25942325635594254,0.26544061259769336,0.28331891661834496,0.27096982903490596,0.35028539839487827,0.28873931066743774,0.2818374359396753,0.2757218073668365,0.5269808716837954,0.4572099787263186,0.48300703044234805,0.48805950472683196,0.4433635143543373,0.4568091136189627,0.348288969000963,0.3964541346959516,0.40094638948792044,0.22608186260567242,0.22485192936523496,0.32347548981463314,0.18349673202614375,0.08333333333333333,0.18138199801123547
1,0.450018709558991,0.07747971301127515,0.12405685509266431,0.08561403839231044,0.3209942179879395,0.45115618333930285,0.5235937985716534,0.6331856447871936,0.4795510582494176,0.2638780583364172,0.3822537755239561,0.27704927577630784,0.3909041438932886,0.24177881433117313,0.420382923594537,0.3416690298638248,0.3365800875427522,0.2431208324643786,0.3030501754602228,0.23963420314842995,0.3079414859973169,0.2906987493812115,0.336399997774732,0.27658778560301234,0.3427854370164818,0.2617847999870395,0.3106687414574556,0.4532704455512324,0.4619455254282023,0.42367942470325587,0.4531901022894497,0.36935502861892977,0.412895162434333,0.5450394988018112,0.4494396347887669,0.5060186719171672,0.23206600621713594,0.20471817427497827,0.34438005317004117,0.20674019607843136,0.0,0.27847247819729265
1,0.5358915432400213,0.3117634958508451,0.35970156410627496,0.3119182239909009,0.4630599494974289,0.5607666081950287,0.4278177519098337,0.6497090838114785,0.6025993240249728,0.3664365753213444,0.4236864137389043,0.3778201592500933,0.42661728018943856,0.37208095700954585,0.43339335827738196,0.33038525337168567,0.3767874293400809,0.36698327494554905,0.3436209768572522,0.37704172551790843,0.3693337688233378,0.37049874717843456,0.3352163795452721,0.35602933778532786,0.3688922704553224,0.35865843148223486,0.3607503904911064,0.5004663679628987,0.5790611744836637,0.5493121203301956,0.5543327490360049,0.5064542907702513,0.527710773967714,0.5597993712231549,0.49659682420188966,0.5630058583387552,0.3399896361575414,0.34079361789461415,0.42737729694906806,0.4072712418300653,0.1388888888888889,0.30811197139126006
1,0.5276180301282967,0.31115264009580323,0.27778615399158757,0.3597456902439598,0.7110862964309733,0.772266218801877,0.5383407325433094,0.6700875150290403,0.5514762798075495,0.7541931078018818,0.6573693456103046,0.6821622052365957,0.6743805179302481,0.6884870123944363,0.6447265854540568,0.841940516787904,0.8300882238139028,0.7437710181807022,0.828085610322415,0.7892034566410226,0.7065330645024425,0.7990358755408612,0.7585662031076711,0.7554714857671586,0.7726450257137072,0.7871877049205253,0.7001913397295357,0.7333553849091887,0.6813741001810324,0.7557115821169019,0.6750877252739397,0.8116945740894169,0.8678788472645259,0.5522403465825103,0.5013828224252607,0.5202154117250004,0.6117517873734343,0.5766976129517398,0.6740236664613295,0.6498366013071893,0.7222222222222222,0.7478399800781479
1,0.7074829036664,0.7453404221152595,0.5180365697907756,0.5602088554580178,0.5596106050887525,0.6423935103037195,0.7511143957196387,0.727248766690645,0.7194192333837294,0.4014725854884391,0.3593296394549839,0.4981924369563201,0.38045952082892354,0.45305023419290924,0.37808886122283647,0.3499095623098374,0.5141647701244314,0.38422636698722207,0.490596226452597,0.39197462073046074,0.5833585607984842,0.3809894148359056,0.4553854675271694,0.5370039830378515,0.4648529289394669,0.4862963008505616,0.42824894483679665,0.5262895622361236,0.6657298340966968,0.6672208839069804,0.6441614424235722,0.5939414202938124,0.6513065200799876,0.6922568827306417,0.7264406756747903,0.7094799713444713,0.5311474737938057,0.5213403022064689,0.5375665959915548,0.6021241830065358,0.5,0.49374781409166824
0,0.5069862199855685,0.2826424719864492,0.329145112318307,0.3319933783059178,0.40318485805165016,0.41768540410471766,0.38642525297762453,0.6524690808570138,0.5952296914498478,0.24971537786672887,0.29230195017217764,0.28897915059970647,0.2996425984219314,0.2874341428784485,0.3055371022564001,0.2246644870006573,0.3080508082943026,0.2997286604359843,0.23702258423859696,0.32453065110604185,0.2712689307464732,0.31258394499170594,0.28650241967867845,0.2024131751754604,0.2329657080466587,0.23417036004302885,0.249302194685059,0.4561950941736963,0.5284836365577968,0.4216345494225228,0.3539350416863496,0.3995947709949459,0.42261239050444355,0.4761024655382949,0.49241386008809573,0.41874521283457466,0.26542870319560435,0.2831427261542358,0.3437953282135348,0.20200163398692816,0.027777777777777776,0.198072030868875
0,0.5798844842606116,0.3344816621780772,0.30737895260080356,0.34811258488852503,0.5201898675939215,0.4529984175960508,0.3750836116886343,0.6476716351417985,0.5395235479330304,0.3270788476109986,0.39510189072156265,0.342195335855323,0.34343629833431144,0.3277942348827794,0.38456209408168096,0.3283839557942555,0.31930410827554867,0.28795868991246365,0.24874582347660443,0.28383712421280455,0.2988373805001079,0.31129520269283917,0.28045110325003786,0.2678119381317631,0.2600103776417141,0.2906604687339462,0.28180839612895686,0.44251169421986086,0.4830159467958487,0.45297195442719335,0.46345971205711306,0.4385658831800039,0.45248667172774654,0.6011515585798191,0.5593845586217785,0.6162298021410738,0.33502031794255194,0.33619355471979206,0.3828546980734398,0.27250816993464055,0.05555555555555555,0.2787515510445613
0,0.40862840548735263,0.1914197570821348,0.19075304352854722,0.22864820364372967,0.48174313770699634,0.5922975351278993,0.512130347372467,0.6526113063849178,0.7080644678395825,0.36565619039026137,0.5160181006715797,0.3369948902517238,0.403714793620393,0.3476695301148997,0.45825138644419905,0.3620336872816865,0.28554227518071973,0.35964896871987445,0.38288861785473793,0.3394350149996488,0.3549136226775659,0.37776276242084367,0.35042197777748507,0.365619347242125,0.39804672049735795,0.36463129354068186,0.3530376105029766,0.45422454761316555,0.4955316045084065,0.446287255265395,0.5035907993634122,0.4572321274237382,0.4386140159480742,0.38992829657670725,0.4246591139013674,0.39861329754340036,0.296816111538515,0.2933532136748349,0.3997878496755061,0.3222630718954249,0.05555555555555555,0.26937911653470303
0,0.4214339422102622,0.37758143599125027,0.33917220474897236,0.3567333554997998,0.48640741604857335,0.48592470427088313,0.42884830458610546,0.6960032827150258,0.7361793912355881,0.3658817694518455,0.38684637878556716,0.35796446710617563,0.4245728562381485,0.3816824692006763,0.3680440497361236,0.4463731044548581,0.39007483879072485,0.4160054048271673,0.47308573794368475,0.36147602604638196,0.43084807591400387,0.4340490100596515,0.40381051223053976,0.38646296843089717,0.42192195137167415,0.4114511205298044,0.4154941929311291,0.5121982655522204,0.5385266710291621,0.5119599595739452,0.5533647085439637,0.5138692747198201,0.5342471600753014,0.4380763493626091,0.4256499971853632,0.44797769485366323,0.39397300251742795,0.384066966450552,0.4387346229117764,0.4242034313725491,0.16666666666666666,0.27005962631247776
1,0.23949442586737013,0.6866633985754296,0.7083629074499506,0.7587115380445729,0.7293189279889135,0.4293885378093827,0.37516231099536884,0.5,0.35759988677281895,0.8330420078627572,0.8868493284837203,0.7126207460344086,0.8138212497489367,0.7136865320473036,0.8284468077633871,0.800762755602372,0.6691299926641716,0.6674851590400412,0.5686550594911023,0.7375768061084413,0.6370795909043258,0.8425701569164405,0.6231435408362156,0.7065249800138944,0.5866177987050273,0.630923530269458,0.6246414261145294,0.4991739837649644,0.4511217605952172,0.47937341782453036,0.42869800713429085,0.454453214482259,0.4279979138160635,0.20765299927183545,0.28658674648481586,0.23006191443896198,0.7333489667374034,0.7344889940608172,0.6054648252082562,0.4437091503267973,0.6111111111111112,0.8391047357686469
1,0.5418481948460678,0.3275654946128941,0.2862289647023473,0.4489324093307071,0.5969063153367363,0.6186314255559526,0.45627499584688935,0.63826266480918,0.5877654665175076,0.569504342722977,0.5923960575363185,0.4586392088708096,0.45810072410189473,0.4516068431435807,0.5394587582271342,0.5245292231532568,0.3468243540611444,0.36763904968943245,0.48430474113027294,0.4332350053864755,0.4842082269962616,0.4206263967704227,0.40762379872647386,0.4319320968352001,0.4244184350786158,0.42205629038589904,0.38050742975731344,0.48605108246993955,0.5759658110090163,0.5679238185506419,0.5407635663323384,0.5183147821131896,0.46964218857546536,0.5809851960265796,0.540834283225586,0.6081049236365568,0.4369113088789868,0.44225463582224966,0.4819180015099508,0.47638888888888886,0.2222222222222222,0.4452481087477976
1,0.4475128611368492,0.9871166637428764,0.9739414672514805,0.9442209185296301,0.9768137046246321,0.5063564887998634,0.7217611034450435,0.6550588502415129,0.49321390524580705,0.9389289957372645,0.9442424480257354,0.9282267737978713,0.948116591144584,0.913726776683629,0.9434279971701762,0.9033900491971341,0.9553599100069897,0.9291814225503308,0.957133607053727,0.9107073626466639,0.9543242873660521,0.9378169108620018,0.950663057260692,0.958288680228213,0.9460973573805181,0.9664984681472741,0.9243403723304822,0.4865304940298986,0.4759817690663996,0.5177127903254192,0.5048702438312863,0.42377900703355215,0.46384353836384606,0.4940025142922374,0.4702247888679373,0.4641419758801582,0.9395778289126273,0.9353362363902281,0.8011238175247404,0.6874183006535948,0.6944444444444444,0.9504659600589723
1,0.3040899615542594,0.9065458993144414,0.8792442336511597,0.874806095351825,0.4158557898098806,0.4747736192559763,0.4626277647717079,0.5578150907808661,0.42275240026366445,0.25516999462634044,0.2597934831828485,0.26529422773937594,0.3017968166296656,0.24040022768640917,0.267967112139575,0.34075453527341476,0.4107984411239848,0.27119392988440255,0.3033223784462848,0.41359645919001586,0.27264631857509236,0.27511856573997895,0.2515550463981914,0.24800414731606732,0.2689402466782892,0.3600590848240014,0.2616135768685011,0.4187826015061571,0.3812572026815706,0.4391575409738956,0.42770856374164945,0.4529170247278404,0.37991304902554524,0.3272995501723137,0.33404384260527553,0.27261291040336005,0.5041982207757439,0.5255601970730932,0.3879590925471118,0.19914215686274506,0.08333333333333333,0.41938216841847864
1,0.5882908781121655,0.9681700954635101,0.9625449347251808,0.9882753154988926,0.9647320684104903,0.6398699958899744,0.6284791149280715,0.6606621334254336,0.7663268100313382,0.9371443187554851,0.8633221500411581,0.928640906025285,0.9083402688124329,0.9483142845149329,0.8966706508164662,0.9258563187659109,0.9047481606888471,0.9103504615995978,0.9358763380703334,0.9015383644450659,0.9040830295365068,0.9275243602986959,0.9064000240503418,0.9090089570350673,0.9141789048934956,0.9172355095013377,0.9251312990792796,0.5121982655522204,0.5596750095182703,0.5619748960503242,0.584042333642038,0.5279835560884232,0.5245095756025115,0.6962334301796765,0.5952084423795546,0.6417113396145289,0.9408891067515687,0.9518513840537063,0.8186398027264423,0.7530841503267974,0.9722222222222222,0.9181285069217462
0,0.314030422037111,0.2255248903291403,0.17109580595151436,0.23059544436700868,0.5181379915270884,0.4558958795410066,0.3838764155681273,0.640850217598953,0.4573806759840317,0.3666234601682209,0.3356949775222647,0.31880942254115596,0.2887815725920626,0.3325676389937018,0.31403501282017504,0.41058862048904426,0.34444998714275177,0.3710705014918756,0.3272845844766289,0.33766089469960575,0.39007567595362697,0.36430992685329294,0.34775051201861273,0.36512388050908867,0.3525128890727006,0.37015242774519996,0.3520062346739584,0.45203024320948254,0.450646669828812,0.48210748838746226,0.5607369767433449,0.4823829034377896,0.46572695346570675,0.32439079528867665,0.30592252279189813,0.30288931322794704,0.3183076444531135,0.3036172033440102,0.3691680321376831,0.2543709150326797,0.05555555555555555,0.2690686496783179
1,0.8267353369385629,0.9998357634677223,0.9998003898952046,0.999734615666435,0.9573839656543298,0.7208648746901519,0.8475750356495871,0.7542703284918333,0.9307760438805043,0.9755958521721787,0.8925121021911403,0.9663155858199994,0.9347364836726644,0.959067780369729,0.9296658645558462,0.9861565153272077,0.9640513144483583,0.9603709634862811,0.9829779003590324,0.9465395783313163,0.967936408061171,0.9655431292283564,0.9745465143181867,0.9806426771389861,0.959918392951348,0.9692881675038381,0.9501010477598103,0.6648127061641944,0.707240462423569,0.6785822040091959,0.6609227002314574,0.7380208981922731,0.7825612916223456,0.8592444327149563,0.8494179077671005,0.8302380086188872,0.9841026215383099,0.9822220521302187,0.901765992917881,0.9504493464052293,1.0,0.9287819566680534
1,0.5552554452936552,0.4663955907313359,0.4209270468036815,0.29693611525966224,0.7617138731131481,0.6445224550005675,0.500861690060183,0.6679881562389554,0.5637079772894559,0.3655334042913213,0.2913644890981463,0.3501506855002849,0.29736555689346494,0.3479481601139771,0.2780279270175844,0.31780524467132887,0.33581319260558895,0.33990955204776147,0.37167122329043745,0.39794254286683567,0.2987224978014506,0.3293537738368983,0.3111583580619604,0.25673775907388197,0.3324355956376946,0.33691686390902326,0.2794637580792633,0.4967149228667654,0.43797735698772716,0.48135304136484397,0.4086398341105174,0.6086345444555771,0.5188071369633387,0.6017786264277779,0.4993167008036469,0.5315450152187132,0.3781171736343166,0.35584715925531785,0.4144579545470594,0.35298202614379093,0.16666666666666666,0.3386996622674345
1,0.5439847485003915,0.9340068095261534,0.9352122429999659,0.9026030356796134,0.9550176889959903,0.4334283329096125,0.6194356695092926,0.6431639570607284,0.5896797740720106,0.9248246432607811,0.9435007926218153,0.9065233545478322,0.8995675695785808,0.893496860695422,0.8995166311772781,0.9424970312936003,0.9536633633265856,0.9096667526696168,0.9592120586624548,0.9507970369581552,0.9433694871896207,0.9297131566478586,0.9371433893244091,0.949227689505263,0.9332188152149877,0.9330983811675521,0.8795655528577987,0.4669715982594962,0.46557886897203604,0.42965499767059245,0.42717908581328895,0.42797416304745456,0.4240158084432478,0.558006030352426,0.4737916843117248,0.5515621553676624,0.9276757317891953,0.9158254183485243,0.7871881311029563,0.6313316993464054,0.6388888888888888,0.9379113119984971
0,0.5688293536544189,0.831688212056189,0.7337597327608071,0.8068610308367962,0.47537174227565554,0.5240491610495419,0.4442929327245253,0.6530680908034434,0.7091715760370004,0.4449669065096512,0.48298948306045675,0.3971429105425498,0.5189801659478084,0.4122156238801259,0.4636106421032317,0.4568877611650701,0.37791549150253145,0.3442654836915281,0.45693509929012216,0.41104114517096585,0.4163354436420405,0.40203216021732685,0.4237433999999761,0.3260700161087413,0.42045458603126357,0.3815597821911125,0.44304105043233094,0.6268867283137807,0.5500264576285854,0.5677490236178181,0.5596025397766244,0.5377620861388712,0.5946517250799763,0.6125965627866287,0.5355490288079012,0.5729795742807047,0.5619062945879363,0.5809591076961462,0.5066993773355605,0.5120098039215687,0.2222222222222222,0.41915140833071757
0,0.5189480680417027,0.4207410050869501,0.30623869126005065,0.27751423815024645,0.24134739571173822,0.3416457294981037,0.4791776535907859,0.6482256228108834,0.46445087440810623,0.21356367958270472,0.2037647719837397,0.19805778248860925,0.2387525681435386,0.19938939201640082,0.2924104003945436,0.21189483424319575,0.2506322189164199,0.23878069590770037,0.1844646461931228,0.23810990720856923,0.21308232613916048,0.11158572484416429,0.20114970546917113,0.24698202342002956,0.1915774809592555,0.18735298208883733,0.21318339736313177,0.4630081778283516,0.4085495994114097,0.409552834474578,0.39284045709820337,0.4342215656211375,0.4548164553378191,0.5007064881552941,0.5027623118101552,0.48612159697800644,0.27689787393958504,0.26151945039708047,0.3086151527635088,0.15063316993464052,0.0,0.24249216762583753
0,0.46011634566982124,0.15256217060183147,0.1233454204630507,0.14503240567246314,0.389444947757985,0.49686542297144937,0.5865413864057786,0.6253138784417146,0.5997992695581703,0.26945870985345566,0.32642938818591516,0.27782008422941185,0.31296639071419186,0.24105269345568603,0.36459833208528314,0.30349801978553265,0.2589963831096233,0.235561067421213,0.32268327105862066,0.21119109305899847,0.30050675302626473,0.2288671304509607,0.29444643670626713,0.3304536234555303,0.3563133610731916,0.3383409364772879,0.3056771735772895,0.46420954526750097,0.5136343407319888,0.49905860506451977,0.528818667550691,0.5059671443970548,0.5689130809321511,0.4531485594969321,0.4043560451311297,0.4237497027419049,0.244626758205592,0.22399307474898503,0.3540646767888731,0.2516339869281045,0.1388888888888889,0.23473966800962537
1,0.6177814302755966,0.6261576501475684,0.3305750007132846,0.43846626031410585,0.47145538704359735,0.5083615828585571,0.5135730054074514,0.6672271369447936,0.6624421253196542,0.3834113166907739,0.3749216357546913,0.4193017849508527,0.3668366055663002,0.3893983744671488,0.37569604807873924,0.37649585390949225,0.5288514857600172,0.36576826106248095,0.4043262601198912,0.4123358299135163,0.4181639832971538,0.511996847178804,0.5164408133187498,0.4675409238035569,0.4382995420716366,0.3894805811975033,0.3976438958354587,0.451550622382992,0.5138491925217457,0.500343741309607,0.5135158625532722,0.4338710723718441,0.5530195510687835,0.6101552591210281,0.6309848980664661,0.48009972784494465,0.4739850963359711,0.44996398475783356,0.4666322691537078,0.44387254901960776,0.19444444444444445,0.3970946324211423
1,0.44458249319791,0.3709143524147244,0.27612338139988374,0.15091631145402515,0.4656843887959294,0.5057652454503112,0.4486119011500591,0.6385275235628082,0.4399716781934574,0.34487697049227034,0.4180363114175353,0.3509852269893614,0.40941047824504384,0.29920810303198175,0.41764200084240716,0.32940626849877847,0.31931323019367785,0.3137722087615199,0.32333064868887046,0.28676370552112174,0.4200936427792098,0.3696894128187157,0.3201302215869952,0.368631212793767,0.34818155011260965,0.3080736914631686,0.31362294629285126,0.4589029682543131,0.4492937402135379,0.4530154292274345,0.4490940544267285,0.4580663901800786,0.4449306093371015,0.45409967209982166,0.47666373491244807,0.5041569996106152,0.3504352826342881,0.30028605247777423,0.3853364177097559,0.27381535947712415,0.0,0.35397869794553233
1,0.4272066332180846,0.9955435770695551,0.997200161469275,0.9946972677904592,0.9693248377624424,0.4436519380447031,0.6799105633983131,0.6176697200610203,0.5169123487078141,0.9650012909216767,0.9493089939014935,0.9415908613929258,0.9314499002179023,0.943067420609579,0.9213769769322795,0.9386251933649462,0.8972632784292808,0.9181628005545502,0.9340188712537377,0.9282527464917643,0.9178013781057278,0.9230696315713721,0.92645961042503,0.9449997484740331,0.9302657454305056,0.9189057356391601,0.909059698745343,0.5019151308728607,0.5583899491137415,0.4985403065715528,0.5359888875527308,0.48404816049522176,0.45773692340792543,0.4173035647760883,0.4024398287084819,0.41842326664869933,0.9585865439424758,0.962704864045493,0.7940373408106116,0.666748366013072,0.75,0.9449141873806873
0,0.12300616430962608,0.06757973557591093,0.05984918686110731,0.06189755618081534,0.3928348641836314,0.3259544933991686,0.4519377922771024,0.6379324091725,0.6486762444547228,0.22699547637195697,0.37284203767089863,0.23304926669746936,0.31675114582108066,0.21133013609542325,0.2256614772557653,0.22135569202879768,0.3001047737520948,0.21300273478731246,0.19120594892476755,0.27944092673203036,0.3401581630899567,0.3419049162191449,0.23481549106250357,0.24461794468019313,0.251068499051416,0.2327502139258283,0.2654337260377242,0.4458771593318983,0.3735090299618671,0.3433085402061886,0.44428809577113604,0.3577791308961659,0.3920775776469727,0.1288590951796453,0.1631335741705174,0.13558074711858642,0.173994898100726,0.15904247731568333,0.27767357743374965,0.104656862745098,0.0,0.1525691776814223
0,0.7240452799491017,0.472086603036614,0.6516994493649441,0.49455129178492657,0.6364414435024599,0.7555413192413089,0.5538485896908121,0.7496434137266715,0.8923432362514471,0.6641787986351471,0.5424636060386696,0.5676222277696785,0.510613016436175,0.5671605082289564,0.5531370409905965,0.5392109010727458,0.699472845853759,0.4894441132764441,0.5497646591008073,0.5687691873942624,0.5825566405325623,0.5760693196735922,0.5696895274093609,0.5672687090299146,0.6198137156860292,0.5018132476205626,0.5569256019096468,0.6518861781295334,0.658635141542126,0.6397495398733309,0.5815682614264155,0.6835462327942347,0.6678637313380837,0.7595411595437735,0.7320691957275248,0.742849176368744,0.5263065772930128,0.5281263063785842,0.6098515844689011,0.6825980392156861,0.6388888888888888,0.5217330722824278
1,0.7880429901370385,0.9999879444813825,0.9999924885607452,0.9999897949253634,0.9497492461820717,0.5680994169235571,0.7548631776818407,0.706309003388246,0.7183217970536713,0.9594389554933846,0.9425637201760761,0.9319474673638964,0.9357391395329557,0.9258745490920877,0.9272596293238221,0.9498567090484941,0.9312997042270932,0.9270440645601464,0.933198136652622,0.9351940680509732,0.9053227503945237,0.9563897743864859,0.9308077837141849,0.9338705246505307,0.9195403465966067,0.916822432170596,0.9119803309432772,0.4650492259811567,0.5200542846654105,0.48313570747555007,0.5254742762716245,0.4652614449415612,0.4938157191882925,0.7055097929033737,0.7188898902275683,0.6355876511545728,0.9605973736312577,0.9615312929822448,0.8323348515164372,0.7747549019607844,0.9166666666666666,0.9359283168016198
0,0.39531865411947714,0.38414191681765564,0.3544827144868455,0.42992059691513235,0.5526259723405851,0.6118077388574463,0.44188001264241233,0.6479289961407956,0.48039804669932196,0.30908993971901827,0.26268366487751266,0.32475639025619796,0.28273118312646783,0.32114610130240406,0.26949256494368656,0.31785544571006813,0.34422551045167665,0.3405847533652582,0.2758216444003173,0.3487098014058915,0.3093133851565755,0.39872742433542935,0.3082811797681785,0.3140441284834668,0.30694297171493234,0.30045749111586406,0.2899723130875167,0.4837543538170764,0.49758741749871993,0.49129804836741126,0.5947046911433246,0.5100747697918474,0.5892107465197677,0.37338994435485173,0.3605535070756481,0.35670350332327655,0.34225125092797387,0.3555640902002916,0.38478115507853106,0.2998774509803922,0.1111111111111111,0.2869507712825382
1,0.6426296165366439,0.7232745591716345,0.5400070807862524,0.3794432715460017,0.693211199875045,0.6671146966292402,0.5263555319463024,0.7217281052073394,0.8232986573602162,0.531490092910729,0.6452875437316549,0.4744499876152964,0.535942597048496,0.44601336508155914,0.5123239760990114,0.6085437909083529,0.5297236476149804,0.3649989745678924,0.47138750740712193,0.47116490494304536,0.5261702579843859,0.4506183777238234,0.49437227166276443,0.491554585267468,0.5415789479853704,0.4419836247395314,0.4585504302435879,0.567654395691869,0.5900654132123152,0.5605089343557995,0.5484330964668599,0.5436151789917169,0.5693088350031346,0.6993943514030159,0.6015989824874765,0.5689446999935804,0.6020894458984279,0.5263449948645689,0.5476999987631028,0.6016339869281047,0.4722222222222222,0.4785019180440298
1,0.6967480018886073,0.9533851060506487,0.9393992095352377,0.9572895219774885,0.8831150790550403,0.6392213848004613,0.6575417005646172,0.7321786680640548,0.6559834933968842,0.9107996668353481,0.8366800188866741,0.8871090001934231,0.838087292565868,0.9013861826616345,0.8233712668247393,0.856222194432935,0.8509364870550087,0.874637564652465,0.9149923369850548,0.8877312902874795,0.8506722707609751,0.921567355732059,0.8608732135589294,0.8650624785183616,0.8643982212105599,0.8846889575856891,0.8815777485951294,0.5121982655522204,0.5384798591765104,0.5244842077807408,0.5237428686358332,0.5362519941497863,0.5133504945717036,0.6846801791927846,0.6513066878753382,0.7165317237450238,0.8989054335590022,0.911078401063226,0.7938527090207761,0.7043913398692809,0.9444444444444444,0.9118338798784552
1,0.4016274245948622,0.8829317429292358,0.8846240823361263,0.9066922593187552,0.9785517698380776,0.4686935950062771,0.6249163913757446,0.569096244763579,0.5270670720621201,0.9662107784255033,0.9349441142211914,0.9568265670220338,0.9476634301678665,0.9386876564005036,0.9439851713830745,0.987128792630297,0.9854404701458948,0.9614753701908387,0.9874524205531857,0.9790406278698652,0.973796921237921,0.9746888902368606,0.9575262737408271,0.9793796707081264,0.9654298785054825,0.9867494152417517,0.9534967528533821,0.4568562152518173,0.4797317027504463,0.47308606032004685,0.4786636440202215,0.49407014117211007,0.4515798622040794,0.4073919270989548,0.41797032875156226,0.4080887138998045,0.9422957008605222,0.934453403660165,0.7967665176469917,0.6836601307189543,0.6944444444444444,0.9496213068986114
1,0.4722074639372128,0.94995422083575,0.9444402877366717,0.9466229699079056,0.9590706955392491,0.595376570581816,0.6600802038879553,0.6796539761711899,0.7080516108559015,0.9445329756917639,0.9340960074809012,0.9276757177506788,0.9277527067421774,0.9350493186614376,0.9267812447878885,0.9281474921146421,0.9239384626940559,0.9289925106583301,0.9673772186273897,0.9209243215299344,0.8990839459608531,0.9684988250178377,0.9158085160162593,0.8777135298317358,0.9001351405323508,0.9304043229747101,0.9193162050439028,0.505675297965481,0.5087751930669354,0.510159552787897,0.5138556299014315,0.5465189321935227,0.49168433846516213,0.4819696201394572,0.5012084503322377,0.49428764968180855,0.9352591435670236,0.9374899438540828,0.8034430250862817,0.7128880718954247,0.8333333333333334,0.9258424196806968
1,0.5163385532262361,0.2502730761914839,0.28211159375011463,0.31871334992640765,0.4269067775439579,0.42162597991932543,0.3387636445109796,0.6197036294110361,0.7150201331960451,0.3319903682949665,0.21495981093355435,0.3048365935811032,0.2382766997223257,0.3586116813065534,0.24410984574718825,0.3117486346829466,0.3491859280182101,0.29766786376651394,0.3538465959072396,0.28235466168834844,0.2574655039757511,0.24656967059407783,0.28873781164218126,0.33251724996473236,0.24506990119079958,0.22793046584305945,0.2584233522493563,0.4039841019322345,0.39756638226198693,0.39134250590106096,0.40755456642081067,0.38563055705960814,0.409092701491055,0.4880801107664208,0.5239656154213359,0.435786307895506,0.2889527681518446,0.308836667137699,0.34668461944631185,0.20118464052287577,0.0,0.21038612376508375
1,0.3277704281565814,0.9218537654545026,0.8750923856555575,0.8982084397612328,0.9569298443364067,0.27025120065576846,0.601149179216222,0.5866580276823609,0.47654290986526904,0.9638105218240763,0.9466962575506376,0.9428880414221471,0.9477444704178198,0.928421150769023,0.9461861505458453,0.9727134889279372,0.9446447986924603,0.8993422024752713,0.9522946024538052,0.9419085378817529,0.9253491105174982,0.9596870054832248,0.9476580470814697,0.9274323790909346,0.935041710116099,0.9312236166080536,0.9405499174902265,0.45497372241823775,0.3900483690481613,0.41945680223517423,0.4518311160843515,0.39608878525764984,0.43430711992587184,0.3424706365046824,0.3374603101174201,0.28605902294803265,0.9458184319348623,0.9328169772669685,0.7628710866703595,0.5872140522875818,0.6388888888888888,0.9434432111997645
0,0.056780353192394085,0.0007344055969287548,0.001858716923711791,0.0015585574206415365,0.4417544055390897,0.42053523478298366,0.4007744946585594,0.6627006086595639,0.5950900647521921,0.4143528730664192,0.4862859341109938,0.33322101527585457,0.41707145952322683,0.2699117960320387,0.4145097018861802,0.3929133300783073,0.3429007979250799,0.2545404212977746,0.20291129053400406,0.2562199599985316,0.3176388789545596,0.3593375251306399,0.3322256882088198,0.19016475956110074,0.29253282682583687,0.2524669062110038,0.34659416997535764,0.38283036681864235,0.416074425348158,0.41514301221477495,0.4875936365063448,0.3928411512709626,0.3919316580481207,0.08967716429314816,0.051004231044019945,0.06639920181290654,0.24228958365036357,0.19966782088075416,0.3054327786614862,0.17687908496732027,0.05555555555555555,0.20285777915353312
0,0.4192233354942806,0.3117388432134192,0.33538100230871687,0.23935913897546887,0.4501360227606495,0.46391365801275286,0.4951277562109864,0.6747936912715692,0.6778357742391891,0.40243555188273,0.34156971146099246,0.33058443421221784,0.34589400070958876,0.2906683874421744,0.2689936203756694,0.32391900533938417,0.23976535081910366,0.2847221858364334,0.30493457058125567,0.25541686896222215,0.3523292406331293,0.34379423898076106,0.3140428692571866,0.35546253422708907,0.3820626118811631,0.2604513480118518,0.28025071121903805,0.44887411711224656,0.44946739136753333,0.39011541675386446,0.46191550581263435,0.45071559806424394,0.3931361678621134,0.4248742988114261,0.4448327309439201,0.30586389289882177,0.32208076092167376,0.29925396183653286,0.36657941316768744,0.24162581699346403,0.027777777777777776,0.22280684013452703
0,0.4799295090767061,0.2832638468329907,0.17010493489300385,0.16779391889987338,0.3469022096657099,0.4360166063700502,0.5177767175653375,0.6441693661615105,0.45375134373244513,0.20882548021592157,0.34505011592804097,0.23421373472868234,0.31631227580627697,0.23142301098022786,0.30787330782900674,0.24794125916235368,0.2537696688262624,0.2825554436431663,0.2450305538444294,0.2518232074355656,0.3095085487727432,0.23433443179760033,0.25743011179894126,0.2965472351070413,0.26898853957234087,0.2947440609675225,0.25540475873094426,0.4512964121965727,0.46936556777071714,0.4544578437154843,0.49877030548412493,0.4520423452833665,0.4357444806706251,0.4558902747793328,0.4450938908098889,0.48672665996602515,0.25513961357467557,0.2329271541208256,0.3350140163833244,0.18843954248366013,0.027777777777777776,0.24986555607026528
1,0.44514532284789726,0.3722660826868265,0.2946481902560095,0.25028723014086235,0.20667699198634384,0.4970517238038704,0.4282311441812653,0.6628794327744204,0.661774966772365,0.3132107292414169,0.4127675974768402,0.3255866305811989,0.3760259129810918,0.27765371419219814,0.3308767142513009,0.25104222670315024,0.30570041218132393,0.22271687641292984,0.2888272634262957,0.2901341243578368,0.2772343645100316,0.2311943895161225,0.2759230138737404,0.30150444018438205,0.27585996648656824,0.2658361643587196,0.2460583690683468,0.5100878450253203,0.4608659854923693,0.4205814647866676,0.4549535149387356,0.4094916476961073,0.38879117149914993,0.43316837392135016,0.4495475001224679,0.4698933459137108,0.3162983133237252,0.29536717686084724,0.3519230168524927,0.2255718954248366,0.05555555555555555,0.2531402371261542
0,0.5604209259005379,0.3948786534388556,0.3967384741405947,0.404073228497354,0.4517520314842451,0.5885600867046756,0.4731469771711945,0.6953130174795359,0.7121634123364499,0.3464693573506531,0.3406135365425632,0.3677674584984343,0.3451614679001148,0.3525545659258178,0.34399056619854396,0.4120425352225608,0.41562985587757273,0.41921572169221966,0.40883338993548685,0.37779776386056296,0.5281618561050003,0.46197644423469963,0.47344778266525306,0.43390893245921736,0.5142626574354793,0.4617023502553468,0.4604194980207465,0.5458072512849076,0.6060634282988728,0.5442928752302647,0.5681564171258061,0.49866750325610176,0.5880461950531519,0.5761299317944673,0.5557079178510127,0.5726738013737827,0.39156288238661685,0.3862632883166045,0.46730404688379545,0.4926470588235295,0.2222222222222222,0.28175745242267497
0,0.6325736605157287,0.40091918928878467,0.5588383981905937,0.5142163102231843,0.5941194389959514,0.6168304231561098,0.4608535085817993,0.6635056273498093,0.5382379320962573,0.5126301489472589,0.6022849002921836,0.42202410371380034,0.5244274078633259,0.4644395277884038,0.5100568591899064,0.41312053502464724,0.3898518065726951,0.37346504695141414,0.32643881310256917,0.42925342054466714,0.4012470516726694,0.34996924783821215,0.44071907210825373,0.4244833457090377,0.40042966357299326,0.39258480212007546,0.3944306830204398,0.5588562821809798,0.5097318340227436,0.5180605569873665,0.515991380149727,0.5811353604394497,0.5072851829796188,0.6752758217441164,0.6960169868253981,0.546487606906278,0.4120212760090774,0.44294393320776404,0.48829813578320913,0.4959558823529411,0.3055555555555556,0.4178350573750076
1,0.6417624041978411,0.9999694194618897,0.9999760451457259,0.9999659936553572,0.9721074494009984,0.6355355098922907,0.807559278293565,0.6781284804822167,0.7556355154890304,0.970334525591842,0.9596478768182782,0.9566852197591054,0.9252373487858975,0.9457775287647593,0.9452969494424313,0.951877914113109,0.931289878579116,0.9292391596190437,0.9567570817983081,0.9307898727875685,0.9389478773120259,0.9414207285950713,0.9490112329258582,0.9556705505251464,0.9312021414235755,0.9269039165122709,0.9197030944588453,0.5868808789491552,0.5401632348146487,0.5651220327252365,0.603371862642181,0.5690286020843872,0.5150375888286891,0.6407643256966965,0.662857046239342,0.6983511455831325,0.969510851111368,0.970855215150844,0.8474141431392181,0.8501633986928105,0.9722222222222222,0.9456772553888553
0,0.41846222108552056,0.15628461773247745,0.1797268494290082,0.18621185514488134,0.38712713305425184,0.5681754638910728,0.5089591865725649,0.6428358149746102,0.7547707644822372,0.24888807744460806,0.25623705085388826,0.21582024101906852,0.2848003991772157,0.22540136571984082,0.21628702965009627,0.44158434048762524,0.2459598557136868,0.26345792794856804,0.2248066403281499,0.17031843286117823,0.26762692714397934,0.4181974745790114,0.33341386063537065,0.26727341613296984,0.33963976962692877,0.2070498863999279,0.2865877663206623,0.46075192170441476,0.4452564287973278,0.42836594267751094,0.4719158300784383,0.5586397858477741,0.43884016778667173,0.46611027760308854,0.43377247450478207,0.2803412780144961,0.27122973307972376,0.2450604840207787,0.3392240763803843,0.21781045751633987,0.05555555555555555,0.14763218478784457
1,0.37172625955234634,0.11011223179523459,0.12081074130980081,0.17607667895311646,0.40303389956326424,0.5604871464953027,0.41289723768633924,0.5507255897734169,0.5957989912975307,0.28591746145392105,0.271383708260389,0.2700084761553668,0.2877014248501425,0.285596902180972,0.30182728385250457,0.304032625464675,0.3207874582183399,0.3408886538723627,0.322890160122237,0.3512124712506914,0.2920697984047731,0.25990773306544507,0.29325421070850405,0.34204096052718796,0.3092043500230899,0.30846247570911545,0.2993856866366498,0.48538701282538493,0.47730994382379166,0.5027212339012276,0.5026995633253868,0.49162952706297053,0.508585672994258,0.4134915949764204,0.41780569559046554,0.4235300964780415,0.22805111113842547,0.22916538290987293,0.34844027195919747,0.23406862745098037,0.08333333333333333,0.23790238335475206
1,0.3842641344245188,0.96291336800915,0.9488652968057746,0.9478108504264219,0.9772919688293431,0.39550800188537927,0.6556819882890237,0.6737575287711078,0.7081397505069391,0.9384377693962923,0.9306739413517449,0.921191951306813,0.8984063375676226,0.9153707191427369,0.9014409630862978,0.9449051414769969,0.9188062033895728,0.9195362940914252,0.8806567545272128,0.9430095604393792,0.9165787235541952,0.9458004261395163,0.9368135375030381,0.9322685941975768,0.9155157033530832,0.90555480847437,0.8754437050968695,0.40004330012777134,0.45111197940046377,0.4346410396348716,0.4928980894437849,0.4468096368966214,0.47264275590647853,0.3717842445723859,0.4150292695310247,0.36972299048817325,0.9430034869309866,0.9384384060724237,0.7768378262516953,0.618014705882353,0.7222222222222222,0.9193147498102968
1,0.5275601154208331,0.0474604010248378,0.049746872341875206,0.05204290924782965,0.31431630467269506,0.3695856768651019,0.30973570333695943,0.6595652526429312,0.6017645242419893,0.2620276276240609,0.2392057243464461,0.23987411737523057,0.287759656949366,0.24264234128390635,0.30932384887701103,0.19425708436493044,0.21236746034134996,0.20045004813194459,0.12137560135981143,0.2005439929235278,0.204676590049134,0.19023392094898997,0.22857638593323915,0.20353426771895144,0.1740328581211507,0.17250570850071165,0.170801637455388,0.47755004300380877,0.40697408235838706,0.41683128005328857,0.39206930158911496,0.3855146060294696,0.4493551004711849,0.4649254535255759,0.4493161015481328,0.5222285913296264,0.1605305342549996,0.15525537065934697,0.282187462674403,0.12769607843137257,0.027777777777777776,0.14424091918387183
1,0.48892114892892885,0.9983464032576421,0.997440924497943,0.9977013594694595,0.9747239034432598,0.5514155468656313,0.7132715818104993,0.6918451843936572,0.4854119626793229,0.968333133264573,0.9389296543136842,0.955481740943522,0.9255918117212272,0.945885474942707,0.9370374042563073,0.9850638201072529,0.9687689824367306,0.9238478302804808,0.9810499061325695,0.9435501462386555,0.9580339797593489,0.9644261612201921,0.9568225169235364,0.9703877692231486,0.964106576825279,0.9696198226546252,0.9575153234837691,0.5103865408161457,0.5240641925331805,0.5512879939280221,0.5107851261881299,0.5456339206776302,0.5425586510435966,0.5389886344660795,0.4514254148640786,0.5374750049119532,0.9796306547694723,0.9764957597441167,0.8251105660943474,0.7879901960784311,0.8055555555555556,0.954584842892855
1,0.35885241356542996,0.7358786611880446,0.8245031891655789,0.8220188680323293,0.9738797577808291,0.4720631830034083,0.6136628618527312,0.6461553103513652,0.5108531157564092,0.9531278316002822,0.942173070966,0.9343936312902338,0.9061160209335843,0.9325140728782273,0.8901435817836365,0.968333365819079,0.9247146481370421,0.940387420449568,0.9504876562695382,0.9220533602535296,0.9342581658631357,0.9452292770512007,0.9366166643738958,0.9593156098137465,0.9453316854416933,0.9511456559990649,0.959069378472545,0.4946314911380465,0.5338650261686081,0.5022194146750929,0.5457638160745638,0.5232809514883179,0.5018934550902584,0.3798780756927791,0.34927734177443376,0.36469113992788543,0.8795352194324524,0.8786277198415828,0.776079484137917,0.6635620915032678,0.75,0.9244991961054021
0,0.8502080274454098,0.7529543481949063,0.8773530940143687,0.8887430123390299,0.7629986023358117,0.8313504490449362,0.6052404559468402,0.748580949272692,0.8757685191079081,0.7245675776051357,0.5846585864064464,0.6772840652911203,0.593943115987543,0.7492038881301056,0.5769921212684959,0.6250020031280681,0.6046490756149466,0.7519475264950064,0.6916125145733544,0.6165101675085523,0.6059102296213658,0.6184134530786722,0.5428965974552733,0.6074126968125718,0.5851615813223506,0.6306127467939636,0.5847871621676464,0.7878051286483078,0.736442456831264,0.7481058639532583,0.7022586397641271,0.7251048290855779,0.6938839989866159,0.8529457221166263,0.8329862032223451,0.8485415484036392,0.6850801388713649,0.738637463416646,0.7010877481057342,0.7419934640522876,0.7777777777777778,0.66237464492478
0,0.3083035974210834,0.205408365331864,0.21555380985355135,0.2803459344215537,0.42573954460922914,0.38852467313985334,0.3812434251713549,0.604884228967534,0.45644445241194664,0.28808516017388286,0.42598066619165875,0.28755272296898216,0.3989346941901507,0.3128623550977959,0.4093893832029084,0.29427654440410894,0.3318782111425039,0.31043776492748576,0.3202539713582112,0.2916936983535442,0.3442206985625902,0.300781054276961,0.2983897744000522,0.3165130369617799,0.33259968220226394,0.32357864717795676,0.32707802861688046,0.4583605647417163,0.4659281937290657,0.4427388574095321,0.4649244087276647,0.40433752547191865,0.4489678962096394,0.24846097960992392,0.3605062156210647,0.3088320506787572,0.262412544234985,0.27608918444486097,0.34926405093323126,0.19742647058823526,0.0,0.26057880891594104
1,0.5744340415789877,0.9898539944317368,0.9889803036229619,0.9903492004188295,0.9579994441208117,0.7035428739576914,0.7289349980761711,0.5748581001341224,0.5640969513713355,0.9598423716577106,0.9054740061462816,0.9607443871399729,0.9313771566829703,0.947254894523601,0.9519738940588726,0.9415865687348812,0.9898089736206956,0.9458649924962795,0.986173800667859,0.9797557744088157,0.9639516408467401,0.9536715841168368,0.9501979011744098,0.9591743781767702,0.9544689366057199,0.9864802790840104,0.9151043597478815,0.63532271181801,0.7059998922368641,0.6968241102391577,0.611303575249074,0.7979894024226806,0.770305794359412,0.5944186271265408,0.5762413982063415,0.5648763726903748,0.964061650102197,0.9659578090498042,0.8572815193068255,0.8451797385620915,0.8611111111111112,0.9528682048117606
0,0.5683719237198418,0.44365253256472126,0.3684991193527679,0.36572755890736286,0.556951926954841,0.4981864889983172,0.400281469947045,0.6852881580023739,0.7128314511099765,0.35909547821282023,0.30265333982415743,0.37506309340546495,0.327407252069685,0.357737620934191,0.28676559810411806,0.30449736610351436,0.38259679260474944,0.3398934219663885,0.326282286173292,0.3517986788984498,0.3914219572868223,0.41044215160115927,0.4047116985275615,0.33575482933636713,0.376000464221878,0.3827325774328906,0.3808483189255996,0.513708547694189,0.5280936296244247,0.5128905678273812,0.509627132917632,0.5317902427580355,0.5019107796035743,0.6017676407403476,0.5649903496873339,0.5544034961000385,0.3744043306912335,0.36933563438305084,0.4277662526555648,0.40428921568627446,0.16666666666666666,0.24234870111929455
1,0.4540862942351495,0.8890097745362325,0.909161238833146,0.9230532086987221,0.9198794156223528,0.49448310022388114,0.5593513610947431,0.6257300560405235,0.5332531037920452,0.8882069089120661,0.819590582210779,0.8840315815502162,0.8440227796765031,0.8933494836839009,0.8054228149886591,0.8837971283077712,0.9016669532723735,0.8963883621690717,0.8917657163793763,0.8892173706773115,0.8288164306170307,0.8459607420533265,0.8287006953560435,0.8659848916394121,0.8550068623829369,0.8844070347772905,0.914484191252725,0.4969875691021019,0.49941529161209897,0.5005899729508831,0.4865697906501338,0.5081173625190772,0.4819053426760549,0.4503975116446149,0.4531313001327127,0.4346580628117094,0.8856128281314067,0.8946482353553687,0.7501909179295265,0.5753676470588235,0.7222222222222222,0.9119646276007134
0,0.4917217597090401,0.3808360925289037,0.25530369311647616,0.378834619170546,0.6792873259260299,0.6355536778515404,0.4370353659204822,0.6495213738907777,0.5870772972902599,0.506611225292318,0.588276209639237,0.5079153297594057,0.6214442433306341,0.5062212151993445,0.6178556752917068,0.5796868287397331,0.5095112401458183,0.5013596181557741,0.6224245924288092,0.6518652790811776,0.5550355645646868,0.6410625388912682,0.5021528153414622,0.4747396209612224,0.540522017627552,0.5010905029290565,0.5219857888628027,0.578611599734673,0.6096740404089845,0.6116748741914934,0.5892060301559694,0.665880948666497,0.6307353133293178,0.44726892372008525,0.4064347629611003,0.23420751454195537,0.4894794170093475,0.4706988170795866,0.531982250268449,0.5422794117647061,0.3611111111111111,0.4500294189114894
1,0.30730838573595676,0.15359479337903176,0.14350667738699935,0.1737648739241554,0.4362377378858968,0.46478004268343137,0.335613689477452,0.6312720063922539,0.4821269743587737,0.33339798948257643,0.3870286533872803,0.3100186085159114,0.4388084041352934,0.32866501167236706,0.40831038978705286,0.25606111932617076,0.3023388184794436,0.30843075647851137,0.266912982785189,0.29518503892012155,0.3445897559866166,0.2729690692131667,0.3000186767300152,0.3071280738764517,0.32768226569781506,0.2956198300447055,0.2524051250704542,0.3860771605547176,0.42449317689780325,0.43961667544447697,0.47237190021630415,0.4040646926091401,0.43510616700118465,0.32190216297939206,0.3498182330955934,0.3558259509821939,0.23989150707370466,0.24442088136352727,0.33840231177490654,0.17888071895424834,0.027777777777777776,0.24620477409546127
1,0.1926627287977299,0.7782573142244213,0.8404691678348681,0.6366957874762444,0.9502236988926552,0.3951008412725123,0.5491701928474965,0.5091208571426469,0.38232551626848904,0.9483872416092376,0.9394891077144092,0.9242172670771739,0.9079725573321609,0.9059663490105242,0.899990533419636,0.9529645064090864,0.9290769676714666,0.8737885477539474,0.9490786140949795,0.8848989321717088,0.8990352228975553,0.953668561418693,0.9021476398186822,0.925584790741514,0.8993944094414055,0.8900853288227599,0.9067092888720097,0.33005732488644657,0.3482949303650691,0.2963485049123457,0.31115423285856947,0.34795200801070025,0.3123966269031105,0.17358088521721804,0.19757046084599045,0.17993845010038378,0.8851463625702273,0.83962024483949,0.7058308780331796,0.49048202614379094,0.6111111111111112,0.9474559614302054
1,0.4176482293606842,0.9762491795076016,0.9772844542099784,0.9274150053497003,0.9695355524427604,0.4646916570519714,0.7604283357287821,0.6491947235152531,0.5374594273725267,0.9057452882948691,0.9295659463515884,0.9191682267316157,0.9083404933380603,0.9223543281427844,0.9203108308791792,0.9378126576801058,0.9065588324514476,0.9201491083879281,0.9253123175951293,0.9236818623852175,0.9472685160401877,0.9385725553046478,0.9198726796468603,0.9400728223233062,0.9380585767183295,0.9425625592079439,0.9384959251629612,0.4614856040998554,0.5017007650267781,0.5011447397888895,0.4878054278423785,0.4722219383631163,0.4467134450838252,0.42931283834804485,0.4127141071986561,0.40849420101733275,0.944410021306441,0.9365998794823616,0.7893142841845849,0.6421977124183007,0.7222222222222222,0.942308982044201
1,0.5154930777707516,0.9997436460245653,0.9998013056184554,0.9997932560136562,0.9647901604511163,0.48271739742258646,0.857378228459706,0.6326803363867812,0.5312211989402192,0.9220147272197945,0.8852731811465542,0.9297090531901645,0.8525417583188523,0.9037199806181793,0.8418314314738442,0.92587558375204,0.9330140281819719,0.923588501612079,0.9149670779716643,0.910767144140424,0.9356906439855475,0.9399177301190841,0.9236803857254223,0.9322435089952112,0.9197110435403085,0.9145127203828475,0.9020310641167582,0.5325404210819844,0.5177780094032767,0.5049181851536287,0.5168423417576662,0.5086786482088099,0.522362812771985,0.46670684068273055,0.5056127765103524,0.6073970381759103,0.9517760943222567,0.9517683039197211,0.8030166017752438,0.6893790849673205,0.8055555555555556,0.9564696836063857
1,0.7652556670820182,0.8313690637994483,0.7906215529534782,0.8590605675118648,0.8217790897118816,0.761117571621216,0.6647745113656914,0.709767666328092,0.7420620955158097,0.589193200500817,0.39774016067165513,0.5184372104347265,0.3598884703835409,0.5304324905713116,0.34347664819845225,0.607356748933689,0.4230256879518369,0.45471200603901174,0.551076598476953,0.3531917315509239,0.46740097795735785,0.5047292740121554,0.5967602409030467,0.4625375047649574,0.5009642104166029,0.4576908300608893,0.4025538141693539,0.583384489259537,0.5564617795358969,0.6364405203250373,0.6071081293139099,0.6317611116736788,0.6237619953584695,0.7339741274987834,0.769795842103168,0.8034432692308318,0.6523876743892879,0.669331216250208,0.5867230402272219,0.6374183006535947,0.6111111111111112,0.5700015964698856
1,0.36299147497927625,0.10914538727102566,0.16266477519503306,0.18357031545359564,0.3835703303807948,0.46480931542921844,0.3108633559433686,0.5645250948807223,0.3466487758417939,0.32772305139954894,0.351434871470471,0.3514776902775776,0.35767692209034685,0.3472480666744661,0.34791332176043455,0.25929206654979065,0.3200942196560504,0.3237412498959843,0.2994612733618681,0.3112203602312971,0.2587226306896896,0.2569711751675,0.26197376063746625,0.27289309434630293,0.255449222371821,0.2889215145778584,0.2987002579420996,0.45236773692634286,0.4346055830469619,0.4593014842696974,0.4764277013076828,0.4639686462713199,0.43581955412594175,0.33350822889388027,0.36726646586850126,0.29173203496308275,0.23997171469946463,0.25014670524529115,0.32813768357264483,0.1697303921568628,0.027777777777777776,0.2704438813231963
1,0.33906157320458663,0.9968330252369203,0.9957797965828499,0.996730578469306,0.9805854740367352,0.42886663799952424,0.6752696759903617,0.5324217867114266,0.45883883026272954,0.9563406721534164,0.959421013760086,0.946526635832884,0.9540841910244348,0.9314455996447053,0.9411730185825501,0.9519539500567079,0.9478819824470536,0.9124052894637865,0.9514169919182306,0.9236813136205498,0.9471938366459319,0.942959796804967,0.9392696974159034,0.9481096215683206,0.9445253338664309,0.9466599375322102,0.9450640620611759,0.46086677606303594,0.4316575637087304,0.401097392894473,0.4299821228745288,0.4074364057896278,0.4174733398487796,0.29690526024175407,0.32832998650003986,0.30797044251398237,0.9651045370421708,0.9646979578481047,0.7776339331292852,0.614419934640523,0.6388888888888888,0.9589902714474527
1,0.40240838966772996,0.9970398440843258,0.9985064777151849,0.9954199188467449,0.9316971935549444,0.4596656860602849,0.733992850848514,0.623145679642774,0.5373473658095632,0.9026384123276197,0.9036846055759,0.9220088519292464,0.886064268382356,0.9069388535475124,0.8895540720265418,0.9022885742843385,0.9033399463448301,0.9176068734638962,0.9156742547339137,0.9262179071774951,0.9043942954527128,0.9174941694574472,0.8924117081263767,0.9167968254744492,0.8932541641294912,0.9019733584481088,0.894212838210597,0.45126387250305355,0.46023611569759404,0.4481146636180007,0.4430849315809135,0.43809545923979526,0.4344063511817505,0.39714686270433763,0.41302592013556094,0.41735140857818204,0.9404457567659703,0.9447392085384336,0.7728213012317802,0.5778594771241831,0.6388888888888888,0.9454068819727963
1,0.36274550907075737,0.9492757482267631,0.9191735519200547,0.9224233265811993,0.9693501730925862,0.5437430500660859,0.6762202963708537,0.646634198207695,0.4913100986281693,0.9296880460868913,0.9018839992469703,0.9145945734239855,0.8663617122946352,0.9078165017349615,0.8729490931877602,0.9590798817263837,0.9182585103885629,0.9391477698253307,0.9461900016569224,0.9226316469524625,0.9490827445370151,0.9395088425636053,0.9371400948688582,0.9482330275913045,0.9514196057360454,0.9421143949086936,0.9490353505574892,0.5103044469919878,0.5102434334252481,0.5219324993942166,0.5770128515242923,0.5063295961970279,0.5360444043598821,0.4055637845659537,0.3361620038088551,0.3380441194468596,0.9409834011257109,0.9306380063386588,0.7867211407654393,0.6661764705882354,0.7777777777777778,0.9378467354525483
1,0.2731118167567325,0.11065772287116235,0.1176287697518209,0.11185348359803378,0.39737567683508196,0.4476704480860022,0.333662925671149,0.5690757219982072,0.5397801793711695,0.3013639395595261,0.36290715326850864,0.30493206725787364,0.34176840516902424,0.27496593621673615,0.3660199304253732,0.3348394149628665,0.3353342430575365,0.3094663686789151,0.29105757735437343,0.2944077497587501,0.29464755029128153,0.28594805208088353,0.27642237889635846,0.31652771824584713,0.3010493243043845,0.29037900595347266,0.29058916980396593,0.4927439410099966,0.4180068694585682,0.4424250293935321,0.42627608760682006,0.45139073894905474,0.48346738793379923,0.2969092080425426,0.27167341892825225,0.34288235515237603,0.2501430683639675,0.22744972498133448,0.32773702359266144,0.17042483660130717,0.027777777777777776,0.24646840215213678
1,0.5705264898466361,0.3230247819156602,0.4730519243749308,0.41432021077751396,0.6529533966404529,0.554415492087629,0.6136245305521764,0.6222660351968693,0.5937448919769339,0.3667879698659248,0.42374285708235043,0.41302773851735397,0.4074169950581384,0.3844534995228092,0.38874343027648456,0.5034665612234669,0.512834909320081,0.4135891308455498,0.46269580097236757,0.4439808534924172,0.5989570779839091,0.4571934884655389,0.4933530096300969,0.5027974596872331,0.5024364272248082,0.5011944759813484,0.43803660425599694,0.46310204102824004,0.4989838056902,0.5015254389923852,0.5122848694587784,0.40677707049735656,0.5280331269292641,0.5401858678192739,0.5871287813578745,0.5848898453086975,0.41317302721882704,0.4076585583913609,0.4859735651771388,0.45763888888888893,0.2222222222222222,0.45171899523517867
1,0.6658819264514836,0.776897460452357,0.6319823134902511,0.670508403570346,0.5964959048341815,0.6310560373182552,0.58524157570259,0.7083296740047312,0.7950157129746214,0.5547997069695043,0.5875015763218012,0.528583285365622,0.5285255157460061,0.5432719778537761,0.5090385724142787,0.5943533331412354,0.6029060225398488,0.5626572734588005,0.5732927489059593,0.5370558247622693,0.5358646897280852,0.5942732359188659,0.5319447153833226,0.6084751693432027,0.5558078375775799,0.5458610532630166,0.5563654129614607,0.6160119412637197,0.5936071778702903,0.6476957090973368,0.6612649806683408,0.6149567659273002,0.6737589593399697,0.6951149937188261,0.6802463231136618,0.7369045126058018,0.6332780263197382,0.6227228920766673,0.6064016429577848,0.6707107843137253,0.7222222222222222,0.5931041286410359
1,0.424060846805423,0.11274066963969318,0.2522284213056123,0.2567549833794176,0.8665714988617215,0.6572581506019707,0.4346812380371473,0.6472454857256856,0.5308493108040394,0.35754463609052733,0.3259785820444954,0.34686768965181736,0.32058881176666904,0.3660285447024438,0.33117804013583274,0.4696733985100274,0.38071256538466236,0.4323772546509233,0.4113763549476813,0.4092942070902326,0.3090637014249095,0.38119523817636486,0.3286276861790828,0.3236426740300611,0.3321011824518981,0.3585206436253979,0.3387407262685276,0.41378574346854274,0.4875032137274281,0.48950861623407693,0.40415165096855854,0.5710827159803428,0.44863097085180326,0.4820533080824261,0.42531010646549045,0.3562196580967545,0.309760585933846,0.3104130571766799,0.4032814945392662,0.317156862745098,0.1111111111111111,0.2871034728292935
1,0.5709467266314514,0.9831826927161498,0.9676816706793016,0.9738620698220644,0.9213611212084452,0.4957700815250688,0.6239542248200372,0.6666471285924566,0.7108539820528265,0.9526146855229938,0.8876349516488784,0.9062060717349455,0.9170354889877842,0.9159359426489427,0.9325479466478173,0.9774444544877338,0.8347802294901846,0.9187029247871166,0.9035087487968926,0.9149594291619841,0.9311437438909236,0.9141546735049686,0.9127467111490131,0.9497043790686737,0.917218821536754,0.9311240193761134,0.911333624343903,0.5063055458294926,0.5406097309116237,0.5249606827789217,0.6466308120990195,0.5137077907151927,0.5634170500683942,0.6143167144588711,0.5705284676195292,0.6109491390444478,0.9556110729796097,0.9513262462819674,0.8117228868167367,0.7388071895424836,0.8611111111111112,0.9170415930894511
0,0.31741705125059083,0.10487271706060537,0.1776328712997152,0.1646028873991657,0.37003132588248844,0.34960666084411074,0.3010526417425507,0.5545848988405481,0.5651207044744555,0.2323209344663842,0.2154841517585267,0.2392535241427356,0.2688088557509655,0.22133161388370864,0.2652397854403143,0.3251051502131139,0.26602328031903705,0.21753404487046038,0.22865088010485826,0.24428128147308745,0.23116575713879603,0.19023597325739292,0.2217783006296276,0.2324518937325854,0.21767745192249754,0.23541587709314793,0.21879087428400462,0.48470592445719396,0.41290324333618733,0.4166602276891007,0.4015595300025318,0.4227547315496639,0.46366600892839094,0.32676535089515113,0.3380229388043333,0.28045427443839366,0.22307713047215164,0.21103317853986586,0.28690755581645294,0.09599673202614378,0.0,0.16503521662350104
0,0.5003409094448309,0.3619271873265679,0.35079917640681957,0.2468394240405173,0.27572014790135,0.43692143226588653,0.4026872454971398,0.6019028107724173,0.5139228757890822,0.21710364909299792,0.24130706000046082,0.24987496848396057,0.25053104206003585,0.2557952762886533,0.24490238789256943,0.2385057472816907,0.2697912344312517,0.26541152812341906,0.23281014027313973,0.2383766866231443,0.23402978346567832,0.2497132284140509,0.20629846713448247,0.23518938941317383,0.2416070659508079,0.24893537415809489,0.24621113528910366,0.4458140275387202,0.44284193596201205,0.4244544637639313,0.42335333730772745,0.40551270861268685,0.401915259866252,0.48414323667325904,0.5123610366372994,0.5263201755898319,0.28343596769740637,0.27058852068427797,0.32430933264551937,0.15408496732026136,0.0,0.23181042599667706
0,0.1845555794867696,0.0017450223638362686,0.0046443825405631505,0.004233384431752049,0.34748181554986324,0.49466273307154685,0.42439770910080676,0.5587227074671822,0.5286143231489904,0.24523455926130627,0.5268561612093351,0.1707186409621786,0.45541690709352994,0.20492572456966135,0.44897185190238853,0.474975592497096,0.14767822155685634,0.21723053870464595,0.20173593014129784,0.10835682811603428,0.2257735664531169,0.3897110004965926,0.30259607671254524,0.17693934282868007,0.29343080966120055,0.0973443968112316,0.2654012623441343,0.5452533570213329,0.44191172380249477,0.4780696069394562,0.500691862908739,0.47209293103854383,0.3860466229016883,0.17953804121932343,0.15991874741470885,0.09569481071647698,0.21581308527437026,0.17131967296490483,0.2898929668849216,0.16196895424836605,0.08333333333333333,0.1674553163416206
1,0.8240366408071752,0.9968677080074464,0.9945409688302226,0.9968368083762252,0.9806487762536247,0.844828455444215,0.8769765183514139,0.7137311680822217,0.7753347181131945,0.9731986365977722,0.9508818835560675,0.9695686292636247,0.9494540048712938,0.9703140054410773,0.9591672824795785,0.9893834748377851,0.9846324183243627,0.9701821218984119,0.9854105765114076,0.9803186576617977,0.9670808136042596,0.9791758050421079,0.9833210237509186,0.9835863784763522,0.980842505890425,0.9592712717317992,0.9701752381949477,0.7696648020299701,0.7458279411632703,0.7151945962308546,0.6120421894211227,0.8100774155005511,0.730919905445152,0.8232934387149436,0.8367252504074717,0.7675830766038096,0.985273270702952,0.9845941251852317,0.9099192028624462,0.9650326797385621,1.0,0.9473229941367216
1,0.7272352939930051,0.9797881482946182,0.9810060379127183,0.9675166492754729,0.9783175989328872,0.6233618069265657,0.7637528296622677,0.6631650908634711,0.7148081798528005,0.952711647122934,0.9395101126335618,0.9225496392009609,0.9311381795495439,0.9384265893493883,0.9414003143108403,0.971500948938451,0.8922747333273332,0.9446006792771364,0.9522100020191714,0.939090158707237,0.9347433863938784,0.9462195127961032,0.930318560364564,0.9612788433425312,0.9251435255275972,0.92723090158104,0.9402181405195789,0.6940675825590593,0.6544194093233346,0.6203486173769454,0.7385046023576358,0.5798972308301115,0.5963852979091621,0.701494163814013,0.7195594795684868,0.708510914104369,0.9579462454780101,0.9559563950117782,0.8572370698475644,0.8608251633986929,0.9722222222222222,0.9345833290008096
1,0.3419766540893055,0.8996832442807741,0.9383572997243276,0.8669689462970014,0.9519311293152338,0.5255406202237745,0.5927697349478676,0.6081510060179472,0.6618310905977816,0.9154003163824495,0.9172037856507924,0.9199450764402952,0.9196319579458783,0.9167951591254198,0.9415016779926606,0.9765863536676664,0.968401487419649,0.9247643227748691,0.9865228224848943,0.9248425014556038,0.9388549605285387,0.97189689245817,0.9342032353065891,0.9661532248858049,0.9449216767947576,0.9524748796427402,0.9280596921615685,0.4670301042703717,0.4149568747895166,0.43386677522732536,0.5023416893283036,0.42921103906225805,0.42451756226791965,0.3663478916705481,0.34755961874767843,0.3080334624660016,0.9320715581295786,0.9159957559622315,0.7776552446130407,0.6210375816993463,0.6666666666666666,0.9291037205324109
0,0.30022435799343034,0.24780389610681217,0.12931862959296764,0.22898268458845866,0.4365341897851501,0.332701855709253,0.32341620016903794,0.5890920951927242,0.539268437334858,0.22955281917527354,0.23215755883651595,0.2571085104363511,0.22908394630665546,0.23938935317960502,0.234117046163916,0.2632681028335016,0.22513764153980353,0.2906515913477426,0.25879079664657934,0.22822498384604487,0.27454664948756174,0.24642754942428788,0.23148797662790538,0.2989434546351171,0.22975730460669844,0.25933716171725907,0.27272064000379814,0.3725395279412457,0.3898152498596687,0.39205428343253057,0.42536120644202957,0.3597922511549393,0.3860403235943044,0.29686489013021,0.2921752845290299,0.2101352388919573,0.2560601697922216,0.2473105094289457,0.2908479742240172,0.09215686274509802,0.0,0.17131684253528967
1,0.9947737025232535,0.9999999105717569,0.9999997816059484,0.9999996379492737,0.9421751267285997,0.8053132308193818,0.8735530756598313,0.6767311049764786,0.9466252358529396,0.9638575891922393,0.873490623798441,0.9560235151160719,0.9162962872171965,0.950653468735329,0.9261583554359112,0.9428575752224801,0.9388956387041987,0.9472730135451112,0.9871437533396829,0.9663364154511394,0.9622671867424863,0.9548230412020684,0.9650337355653065,0.9714041451888635,0.9479431428841077,0.977987729549799,0.9421852467165039,0.6114942827658127,0.7248985969374486,0.7234970078729347,0.690187606599025,0.747978387138593,0.7564019331439583,0.9944180149750639,0.994405665820452,0.9977594208193825,0.9662936669701029,0.9699068215189822,0.912537750628029,0.9343954248366012,1.0,0.9352625339936326
0,0.6238382578362813,0.6680056124462397,0.6479602625161438,0.6561495314696878,0.6267836749108466,0.630464623398314,0.5768923873709217,0.6656223351970252,0.6995578930392562,0.595178885622792,0.5037529213016712,0.6071154380230971,0.4785883690067864,0.5482196179597061,0.4416851200374152,0.4798916135281032,0.5207759570683445,0.4518029988626874,0.42373207497660614,0.4612622661241321,0.5012806190881551,0.5571509220828446,0.4409064485073659,0.4384507769513872,0.5012009432505186,0.46020131276626314,0.4961261177293038,0.5080755147173756,0.5659654328568036,0.5473033325203659,0.5599525008937124,0.5049021592498005,0.5299739218260622,0.608356363930296,0.6435334222374778,0.5831324138402525,0.58500422133248,0.5918763626853668,0.544787289538519,0.5670343137254903,0.4444444444444444,0.5495012616953632
0,0.6744575449107577,0.34364727194785216,0.4330318343349006,0.2884954957589355,0.41175369906373727,0.5528531397875197,0.3200198413224695,0.5790946460417974,0.49419587193402326,0.23498498200498955,0.4233771387850796,0.2568531165739347,0.4421012350974209,0.2884464800507089,0.37242277906533217,0.24191823865830317,0.22028210068519072,0.3175087734371106,0.11490512452754588,0.16585745241274238,0.24326356742289,0.3392526184018964,0.23163793001872093,0.27992195323134383,0.2833909167660346,0.15299558892802964,0.2384811002339042,0.5352314909845249,0.5420387140477341,0.5706636256235621,0.5807463179731273,0.6034345720969823,0.5491843675580612,0.684400534492693,0.5708516822593939,0.5940388461290513,0.28080620906003,0.2838721205979469,0.37698620196357285,0.3218954248366013,0.25,0.2108413397974055
0,0.5800236299527577,0.676197717117341,0.38581790643049707,0.4273620859913553,0.6056067510807348,0.5589678334037008,0.6081471627716125,0.6500894841147864,0.3728956063424954,0.3661785853639469,0.2472263064580625,0.38189314391053325,0.2894386669836734,0.4048898598422606,0.25160134694438274,0.3330493543356429,0.3659816718165394,0.382612845828794,0.38222884461758233,0.4007180716786101,0.3931208218346713,0.4154983965161159,0.36704491089219227,0.41800683385151516,0.37579110264413124,0.36630755805914306,0.4470939311053555,0.49377779708244673,0.5109540677416476,0.5596579238309333,0.5388963628416042,0.5088619511808614,0.533110435970526,0.562040851357917,0.5917851544715141,0.5718541314327585,0.46371340512117243,0.4446784322394267,0.4459068664925075,0.4195261437908496,0.16666666666666666,0.4721645545779933
0,0.35977176334388694,0.10073266804822252,0.12064505621155006,0.10456474542759728,0.5176010034788837,0.5185032305746737,0.47878855204071724,0.7083456814777511,0.7296932966317435,0.3834331539026438,0.45399351152898715,0.29863372582078884,0.38950327531210327,0.30138139425554133,0.41720288616521656,0.36197451144394244,0.3036870003142992,0.3190168688148948,0.3538524784850039,0.29842961204027146,0.37324251608262865,0.41304942506429326,0.4842550089495926,0.3495997301383776,0.38699696518702914,0.3066387642559715,0.3137402651667556,0.5087644929508341,0.4969129236318998,0.4382222175941701,0.5079843172922857,0.4898845068595751,0.4426590001413508,0.44719337285220573,0.3785792733516558,0.4192027566605758,0.2537803017709846,0.23345740899921852,0.38635992371359484,0.31862745098039214,0.08333333333333333,0.21450335624646322
