tag,threshold,balanced_accuracy,positive_rate
ensemble_avg_top3,0.01,0.5,1.0
ensemble_avg_top3,0.011,0.5,1.0
ensemble_avg_top3,0.011999999999999999,0.5,1.0
ensemble_avg_top3,0.012999999999999998,0.5,1.0
ensemble_avg_top3,0.013999999999999997,0.5,1.0
ensemble_avg_top3,0.014999999999999996,0.5,1.0
ensemble_avg_top3,0.015999999999999993,0.5,1.0
ensemble_avg_top3,0.016999999999999994,0.5,1.0
ensemble_avg_top3,0.017999999999999995,0.5,1.0
ensemble_avg_top3,0.018999999999999993,0.5,1.0
ensemble_avg_top3,0.01999999999999999,0.5,1.0
ensemble_avg_top3,0.02099999999999999,0.5,1.0
ensemble_avg_top3,0.021999999999999992,0.5,1.0
ensemble_avg_top3,0.02299999999999999,0.5,1.0
ensemble_avg_top3,0.023999999999999987,0.5,1.0
ensemble_avg_top3,0.024999999999999988,0.5,1.0
ensemble_avg_top3,0.02599999999999999,0.5,1.0
ensemble_avg_top3,0.026999999999999986,0.5,1.0
ensemble_avg_top3,0.027999999999999983,0.5,1.0
ensemble_avg_top3,0.028999999999999984,0.5,1.0
ensemble_avg_top3,0.029999999999999985,0.5,1.0
ensemble_avg_top3,0.030999999999999982,0.5,1.0
ensemble_avg_top3,0.03199999999999998,0.5,1.0
ensemble_avg_top3,0.03299999999999998,0.5,1.0
ensemble_avg_top3,0.03399999999999998,0.5,1.0
ensemble_avg_top3,0.034999999999999976,0.5,1.0
ensemble_avg_top3,0.035999999999999976,0.5,1.0
ensemble_avg_top3,0.03699999999999998,0.5,1.0
ensemble_avg_top3,0.03799999999999998,0.5,1.0
ensemble_avg_top3,0.03899999999999998,0.5,1.0
ensemble_avg_top3,0.03999999999999997,0.5,1.0
ensemble_avg_top3,0.040999999999999974,0.5,1.0
ensemble_avg_top3,0.041999999999999975,0.5,1.0
ensemble_avg_top3,0.04299999999999997,0.5,1.0
ensemble_avg_top3,0.04399999999999997,0.5,1.0
ensemble_avg_top3,0.04499999999999997,0.5,1.0
ensemble_avg_top3,0.04599999999999997,0.5,1.0
ensemble_avg_top3,0.04699999999999997,0.5,1.0
ensemble_avg_top3,0.047999999999999966,0.5,1.0
ensemble_avg_top3,0.04899999999999997,0.5,1.0
ensemble_avg_top3,0.04999999999999997,0.5,1.0
ensemble_avg_top3,0.05099999999999996,0.5,1.0
ensemble_avg_top3,0.05199999999999996,0.5,1.0
ensemble_avg_top3,0.052999999999999964,0.5,1.0
ensemble_avg_top3,0.053999999999999965,0.5,1.0
ensemble_avg_top3,0.054999999999999966,0.5,1.0
ensemble_avg_top3,0.05599999999999996,0.5,1.0
ensemble_avg_top3,0.05699999999999996,0.5,1.0
ensemble_avg_top3,0.05799999999999996,0.5,1.0
ensemble_avg_top3,0.058999999999999955,0.5,1.0
ensemble_avg_top3,0.059999999999999956,0.5,1.0
ensemble_avg_top3,0.06099999999999996,0.5,1.0
ensemble_avg_top3,0.06199999999999996,0.5,1.0
ensemble_avg_top3,0.06299999999999996,0.5,1.0
ensemble_avg_top3,0.06399999999999996,0.5,1.0
ensemble_avg_top3,0.06499999999999995,0.5,1.0
ensemble_avg_top3,0.06599999999999995,0.5,1.0
ensemble_avg_top3,0.06699999999999995,0.5,1.0
ensemble_avg_top3,0.06799999999999995,0.5,1.0
ensemble_avg_top3,0.06899999999999995,0.5,1.0
ensemble_avg_top3,0.06999999999999995,0.5,1.0
ensemble_avg_top3,0.07099999999999995,0.5,1.0
ensemble_avg_top3,0.07199999999999995,0.5,1.0
ensemble_avg_top3,0.07299999999999995,0.5,1.0
ensemble_avg_top3,0.07399999999999994,0.5,1.0
ensemble_avg_top3,0.07499999999999994,0.5,1.0
ensemble_avg_top3,0.07599999999999994,0.5,1.0
ensemble_avg_top3,0.07699999999999994,0.5,1.0
ensemble_avg_top3,0.07799999999999994,0.5,1.0
ensemble_avg_top3,0.07899999999999995,0.5,1.0
ensemble_avg_top3,0.07999999999999995,0.5,1.0
ensemble_avg_top3,0.08099999999999993,0.5,1.0
ensemble_avg_top3,0.08199999999999993,0.5,1.0
ensemble_avg_top3,0.08299999999999993,0.5,1.0
ensemble_avg_top3,0.08399999999999994,0.5,1.0
ensemble_avg_top3,0.08499999999999994,0.5,1.0
ensemble_avg_top3,0.08599999999999994,0.5,1.0
ensemble_avg_top3,0.08699999999999994,0.5,1.0
ensemble_avg_top3,0.08799999999999994,0.5,1.0
ensemble_avg_top3,0.08899999999999994,0.5,1.0
ensemble_avg_top3,0.08999999999999993,0.5,1.0
ensemble_avg_top3,0.09099999999999993,0.5,1.0
ensemble_avg_top3,0.09199999999999993,0.5,1.0
ensemble_avg_top3,0.09299999999999993,0.5,1.0
ensemble_avg_top3,0.09399999999999993,0.5,1.0
ensemble_avg_top3,0.09499999999999993,0.5,1.0
ensemble_avg_top3,0.09599999999999993,0.5,1.0
ensemble_avg_top3,0.09699999999999992,0.5,1.0
ensemble_avg_top3,0.09799999999999992,0.5,1.0
ensemble_avg_top3,0.09899999999999992,0.5,1.0
ensemble_avg_top3,0.09999999999999992,0.5,1.0
ensemble_avg_top3,0.10099999999999992,0.5,1.0
ensemble_avg_top3,0.10199999999999992,0.5,1.0
ensemble_avg_top3,0.10299999999999992,0.5,1.0
ensemble_avg_top3,0.10399999999999993,0.5,1.0
ensemble_avg_top3,0.10499999999999993,0.5,1.0
ensemble_avg_top3,0.10599999999999991,0.5,1.0
ensemble_avg_top3,0.10699999999999991,0.5,1.0
ensemble_avg_top3,0.10799999999999992,0.5,1.0
ensemble_avg_top3,0.10899999999999992,0.502127659574468,0.9985294117647059
ensemble_avg_top3,0.10999999999999992,0.502127659574468,0.9985294117647059
ensemble_avg_top3,0.11099999999999992,0.502127659574468,0.9985294117647059
ensemble_avg_top3,0.11199999999999992,0.502127659574468,0.9985294117647059
ensemble_avg_top3,0.1129999999999999,0.5010040640688501,0.9970588235294118
ensemble_avg_top3,0.11399999999999991,0.5010040640688501,0.9970588235294118
ensemble_avg_top3,0.11499999999999991,0.5010040640688501,0.9970588235294118
ensemble_avg_top3,0.11599999999999991,0.5010040640688501,0.9970588235294118
ensemble_avg_top3,0.11699999999999991,0.5010040640688501,0.9970588235294118
ensemble_avg_top3,0.11799999999999991,0.5010040640688501,0.9970588235294118
ensemble_avg_top3,0.11899999999999991,0.5010040640688501,0.9970588235294118
ensemble_avg_top3,0.11999999999999991,0.5010040640688501,0.9970588235294118
ensemble_avg_top3,0.12099999999999991,0.5010040640688501,0.9970588235294118
ensemble_avg_top3,0.1219999999999999,0.5010040640688501,0.9970588235294118
ensemble_avg_top3,0.1229999999999999,0.5010040640688501,0.9970588235294118
ensemble_avg_top3,0.1239999999999999,0.5010040640688501,0.9970588235294118
ensemble_avg_top3,0.1249999999999999,0.5010040640688501,0.9970588235294118
ensemble_avg_top3,0.1259999999999999,0.5010040640688501,0.9970588235294118
ensemble_avg_top3,0.1269999999999999,0.5010040640688501,0.9970588235294118
ensemble_avg_top3,0.1279999999999999,0.5010040640688501,0.9970588235294118
ensemble_avg_top3,0.1289999999999999,0.5010040640688501,0.9970588235294118
ensemble_avg_top3,0.1299999999999999,0.5010040640688501,0.9970588235294118
ensemble_avg_top3,0.1309999999999999,0.5010040640688501,0.9970588235294118
ensemble_avg_top3,0.1319999999999999,0.5010040640688501,0.9970588235294118
ensemble_avg_top3,0.1329999999999999,0.5010040640688501,0.9970588235294118
ensemble_avg_top3,0.1339999999999999,0.5031317236433182,0.9955882352941177
ensemble_avg_top3,0.1349999999999999,0.5031317236433182,0.9955882352941177
ensemble_avg_top3,0.1359999999999999,0.5031317236433182,0.9955882352941177
ensemble_avg_top3,0.1369999999999999,0.5031317236433182,0.9955882352941177
ensemble_avg_top3,0.1379999999999999,0.5031317236433182,0.9955882352941177
ensemble_avg_top3,0.1389999999999999,0.5031317236433182,0.9955882352941177
ensemble_avg_top3,0.1399999999999999,0.5031317236433182,0.9955882352941177
ensemble_avg_top3,0.1409999999999999,0.5031317236433182,0.9955882352941177
ensemble_avg_top3,0.14199999999999988,0.5031317236433182,0.9955882352941177
ensemble_avg_top3,0.14299999999999988,0.5031317236433182,0.9955882352941177
ensemble_avg_top3,0.14399999999999988,0.5031317236433182,0.9955882352941177
ensemble_avg_top3,0.14499999999999988,0.5031317236433182,0.9955882352941177
ensemble_avg_top3,0.14599999999999988,0.5031317236433182,0.9955882352941177
ensemble_avg_top3,0.14699999999999988,0.5052593832177863,0.9941176470588236
ensemble_avg_top3,0.14799999999999988,0.5052593832177863,0.9941176470588236
ensemble_avg_top3,0.14899999999999988,0.5073870427922543,0.9926470588235294
ensemble_avg_top3,0.14999999999999988,0.5095147023667225,0.9911764705882353
ensemble_avg_top3,0.15099999999999988,0.5095147023667225,0.9911764705882353
ensemble_avg_top3,0.15199999999999989,0.5095147023667225,0.9911764705882353
ensemble_avg_top3,0.15299999999999989,0.5095147023667225,0.9911764705882353
ensemble_avg_top3,0.1539999999999999,0.5095147023667225,0.9911764705882353
ensemble_avg_top3,0.1549999999999999,0.5095147023667225,0.9911764705882353
ensemble_avg_top3,0.1559999999999999,0.5095147023667225,0.9911764705882353
ensemble_avg_top3,0.15699999999999986,0.5095147023667225,0.9911764705882353
ensemble_avg_top3,0.15799999999999986,0.5095147023667225,0.9911764705882353
ensemble_avg_top3,0.15899999999999986,0.5095147023667225,0.9911764705882353
ensemble_avg_top3,0.15999999999999986,0.5116423619411905,0.9897058823529412
ensemble_avg_top3,0.16099999999999987,0.5105187664355726,0.9882352941176471
ensemble_avg_top3,0.16199999999999987,0.5105187664355726,0.9882352941176471
ensemble_avg_top3,0.16299999999999987,0.5105187664355726,0.9882352941176471
ensemble_avg_top3,0.16399999999999987,0.5093951709299546,0.986764705882353
ensemble_avg_top3,0.16499999999999987,0.5093951709299546,0.986764705882353
ensemble_avg_top3,0.16599999999999987,0.5093951709299546,0.986764705882353
ensemble_avg_top3,0.16699999999999987,0.5093951709299546,0.986764705882353
ensemble_avg_top3,0.16799999999999987,0.5093951709299546,0.986764705882353
ensemble_avg_top3,0.16899999999999987,0.5093951709299546,0.986764705882353
ensemble_avg_top3,0.16999999999999987,0.5093951709299546,0.986764705882353
ensemble_avg_top3,0.17099999999999987,0.5093951709299546,0.986764705882353
ensemble_avg_top3,0.17199999999999988,0.5093951709299546,0.986764705882353
ensemble_avg_top3,0.17299999999999988,0.5115228305044227,0.9852941176470589
ensemble_avg_top3,0.17399999999999985,0.5136504900788907,0.9838235294117647
ensemble_avg_top3,0.17499999999999985,0.5136504900788907,0.9838235294117647
ensemble_avg_top3,0.17599999999999985,0.5157781496533589,0.9823529411764705
ensemble_avg_top3,0.17699999999999985,0.5146545541477409,0.9808823529411764
ensemble_avg_top3,0.17799999999999985,0.5146545541477409,0.9808823529411764
ensemble_avg_top3,0.17899999999999985,0.5146545541477409,0.9808823529411764
ensemble_avg_top3,0.17999999999999985,0.5146545541477409,0.9808823529411764
ensemble_avg_top3,0.18099999999999986,0.5146545541477409,0.9808823529411764
ensemble_avg_top3,0.18199999999999986,0.5146545541477409,0.9808823529411764
ensemble_avg_top3,0.18299999999999986,0.5146545541477409,0.9808823529411764
ensemble_avg_top3,0.18399999999999986,0.5135309586421228,0.9794117647058823
ensemble_avg_top3,0.18499999999999986,0.5135309586421228,0.9794117647058823
ensemble_avg_top3,0.18599999999999986,0.515658618216591,0.9779411764705882
ensemble_avg_top3,0.18699999999999986,0.515658618216591,0.9779411764705882
ensemble_avg_top3,0.18799999999999986,0.517786277791059,0.9764705882352941
ensemble_avg_top3,0.18899999999999983,0.517786277791059,0.9764705882352941
ensemble_avg_top3,0.18999999999999984,0.5199139373655272,0.975
ensemble_avg_top3,0.19099999999999984,0.5199139373655272,0.975
ensemble_avg_top3,0.19199999999999984,0.5199139373655272,0.975
ensemble_avg_top3,0.19299999999999984,0.5220415969399952,0.9735294117647059
ensemble_avg_top3,0.19399999999999984,0.5220415969399952,0.9735294117647059
ensemble_avg_top3,0.19499999999999984,0.5241692565144633,0.9720588235294118
ensemble_avg_top3,0.19599999999999984,0.5241692565144633,0.9720588235294118
ensemble_avg_top3,0.19699999999999984,0.5241692565144633,0.9720588235294118
ensemble_avg_top3,0.19799999999999984,0.5241692565144633,0.9720588235294118
ensemble_avg_top3,0.19899999999999984,0.5262969160889314,0.9705882352941176
ensemble_avg_top3,0.19999999999999984,0.5262969160889314,0.9705882352941176
ensemble_avg_top3,0.20099999999999985,0.5251733205833135,0.9691176470588235
ensemble_avg_top3,0.20199999999999985,0.5251733205833135,0.9691176470588235
ensemble_avg_top3,0.20299999999999985,0.5273009801577815,0.9676470588235294
ensemble_avg_top3,0.20399999999999985,0.5273009801577815,0.9676470588235294
ensemble_avg_top3,0.20499999999999985,0.5315562993067177,0.9647058823529412
ensemble_avg_top3,0.20599999999999982,0.5304327038010996,0.9632352941176471
ensemble_avg_top3,0.20699999999999982,0.5281855127898638,0.9602941176470589
ensemble_avg_top3,0.20799999999999982,0.5281855127898638,0.9602941176470589
ensemble_avg_top3,0.20899999999999982,0.5303131723643318,0.9588235294117647
ensemble_avg_top3,0.20999999999999983,0.5324408319387999,0.9573529411764706
ensemble_avg_top3,0.21099999999999983,0.5324408319387999,0.9573529411764706
ensemble_avg_top3,0.21199999999999983,0.536696151087736,0.9544117647058824
ensemble_avg_top3,0.21299999999999983,0.536696151087736,0.9544117647058824
ensemble_avg_top3,0.21399999999999983,0.5377002151565862,0.9514705882352941
ensemble_avg_top3,0.21499999999999983,0.5365766196509681,0.95
ensemble_avg_top3,0.21599999999999983,0.5418360028687544,0.9441176470588235
ensemble_avg_top3,0.21699999999999983,0.5418360028687544,0.9441176470588235
ensemble_avg_top3,0.21799999999999983,0.5418360028687544,0.9441176470588235
ensemble_avg_top3,0.21899999999999983,0.5439636624432226,0.9426470588235294
ensemble_avg_top3,0.21999999999999983,0.5460913220176906,0.9411764705882353
ensemble_avg_top3,0.2209999999999998,0.5460913220176906,0.9411764705882353
ensemble_avg_top3,0.2219999999999998,0.5459717905809228,0.9367647058823529
ensemble_avg_top3,0.2229999999999998,0.552354769304327,0.9323529411764706
ensemble_avg_top3,0.2239999999999998,0.5554864929476453,0.9279411764705883
ensemble_avg_top3,0.2249999999999998,0.5576141525221133,0.9264705882352942
ensemble_avg_top3,0.2259999999999998,0.5574946210853454,0.9220588235294118
ensemble_avg_top3,0.2269999999999998,0.5563710255797274,0.9205882352941176
ensemble_avg_top3,0.22799999999999981,0.5563710255797274,0.9205882352941176
ensemble_avg_top3,0.22899999999999981,0.5552474300741095,0.9191176470588235
ensemble_avg_top3,0.22999999999999982,0.5573750896485776,0.9176470588235294
ensemble_avg_top3,0.23099999999999982,0.5562514941429596,0.9161764705882353
ensemble_avg_top3,0.23199999999999982,0.5562514941429596,0.9161764705882353
ensemble_avg_top3,0.23299999999999982,0.5551278986373416,0.9147058823529411
ensemble_avg_top3,0.23399999999999982,0.5551278986373416,0.9147058823529411
ensemble_avg_top3,0.23499999999999982,0.5572555582118097,0.913235294117647
ensemble_avg_top3,0.23599999999999982,0.5571360267750418,0.9088235294117647
ensemble_avg_top3,0.23699999999999982,0.55926368634951,0.9073529411764706
ensemble_avg_top3,0.2379999999999998,0.5581400908438919,0.9058823529411765
ensemble_avg_top3,0.2389999999999998,0.5570164953382739,0.9044117647058824
ensemble_avg_top3,0.2399999999999998,0.554769304327038,0.9014705882352941
ensemble_avg_top3,0.2409999999999998,0.5568969639015061,0.9
ensemble_avg_top3,0.2419999999999998,0.5590246234759741,0.8985294117647059
ensemble_avg_top3,0.2429999999999998,0.5642840066937604,0.8926470588235295
ensemble_avg_top3,0.2439999999999998,0.5642840066937604,0.8926470588235295
ensemble_avg_top3,0.2449999999999998,0.5664116662682286,0.8911764705882353
ensemble_avg_top3,0.2459999999999998,0.5685393258426966,0.8897058823529411
ensemble_avg_top3,0.2469999999999998,0.5674157303370787,0.888235294117647
ensemble_avg_top3,0.2479999999999998,0.5674157303370787,0.888235294117647
ensemble_avg_top3,0.2489999999999998,0.5695433899115467,0.8867647058823529
ensemble_avg_top3,0.2499999999999998,0.5695433899115467,0.8867647058823529
ensemble_avg_top3,0.2509999999999998,0.5694238584747788,0.8823529411764706
ensemble_avg_top3,0.2519999999999998,0.5683002629691609,0.8808823529411764
ensemble_avg_top3,0.2529999999999998,0.5683002629691609,0.8808823529411764
ensemble_avg_top3,0.2539999999999998,0.570427922543629,0.8794117647058823
ensemble_avg_top3,0.2549999999999998,0.5725555821180971,0.8779411764705882
ensemble_avg_top3,0.2559999999999998,0.5756873057614152,0.8735294117647059
ensemble_avg_top3,0.2569999999999998,0.5799426249103514,0.8705882352941177
ensemble_avg_top3,0.2579999999999998,0.5820702844848196,0.8691176470588236
ensemble_avg_top3,0.2589999999999998,0.5841979440592876,0.8676470588235294
ensemble_avg_top3,0.2599999999999998,0.5841979440592876,0.8676470588235294
ensemble_avg_top3,0.2609999999999998,0.5894573272770739,0.861764705882353
ensemble_avg_top3,0.2619999999999998,0.5883337317714559,0.8602941176470589
ensemble_avg_top3,0.2629999999999998,0.5989720296437964,0.8529411764705882
ensemble_avg_top3,0.2639999999999998,0.5999760937126465,0.85
ensemble_avg_top3,0.2649999999999998,0.5999760937126465,0.85
ensemble_avg_top3,0.2659999999999998,0.6084867320105187,0.8441176470588235
ensemble_avg_top3,0.2669999999999998,0.6106143915849869,0.8426470588235294
ensemble_avg_top3,0.2679999999999998,0.6106143915849869,0.8426470588235294
ensemble_avg_top3,0.2689999999999998,0.612742051159455,0.8411764705882353
ensemble_avg_top3,0.2699999999999998,0.6169973703083911,0.8382352941176471
ensemble_avg_top3,0.2709999999999998,0.6158737748027732,0.836764705882353
ensemble_avg_top3,0.2719999999999998,0.6168778388716232,0.8338235294117647
ensemble_avg_top3,0.2729999999999998,0.6157542433660053,0.8323529411764706
ensemble_avg_top3,0.2739999999999998,0.6167583074348554,0.8294117647058824
ensemble_avg_top3,0.2749999999999998,0.6167583074348554,0.8294117647058824
ensemble_avg_top3,0.2759999999999998,0.6188859670093234,0.8279411764705882
ensemble_avg_top3,0.2769999999999998,0.6231412861582596,0.825
ensemble_avg_top3,0.27799999999999975,0.6220176906526417,0.8235294117647058
ensemble_avg_top3,0.27899999999999975,0.6230217547214918,0.8205882352941176
ensemble_avg_top3,0.27999999999999975,0.6230217547214918,0.8205882352941176
ensemble_avg_top3,0.28099999999999975,0.62615347836481,0.8161764705882353
ensemble_avg_top3,0.28199999999999975,0.62615347836481,0.8161764705882353
ensemble_avg_top3,0.28299999999999975,0.6304087975137461,0.8132352941176471
ensemble_avg_top3,0.28399999999999975,0.6346641166626823,0.8102941176470588
ensemble_avg_top3,0.28499999999999975,0.6356681807315323,0.8073529411764706
ensemble_avg_top3,0.28599999999999975,0.6334209897202965,0.8044117647058824
ensemble_avg_top3,0.28699999999999976,0.6334209897202965,0.8044117647058824
ensemble_avg_top3,0.28799999999999976,0.6355486492947645,0.8029411764705883
ensemble_avg_top3,0.28899999999999976,0.6354291178579967,0.7985294117647059
ensemble_avg_top3,0.28999999999999976,0.6343055223523787,0.7970588235294118
ensemble_avg_top3,0.29099999999999976,0.6343055223523787,0.7970588235294118
ensemble_avg_top3,0.29199999999999976,0.6385608415013149,0.7941176470588235
ensemble_avg_top3,0.29299999999999976,0.6385608415013149,0.7941176470588235
ensemble_avg_top3,0.29399999999999976,0.640688501075783,0.7926470588235294
ensemble_avg_top3,0.29499999999999976,0.6395649055701649,0.7911764705882353
ensemble_avg_top3,0.29599999999999976,0.6395649055701649,0.7911764705882353
ensemble_avg_top3,0.29699999999999976,0.641692565144633,0.7897058823529411
ensemble_avg_top3,0.29799999999999977,0.641692565144633,0.7897058823529411
ensemble_avg_top3,0.29899999999999977,0.6426966292134831,0.7867647058823529
ensemble_avg_top3,0.29999999999999977,0.6448242887879512,0.7852941176470588
ensemble_avg_top3,0.30099999999999977,0.6448242887879512,0.7852941176470588
ensemble_avg_top3,0.30199999999999977,0.6447047573511834,0.7808823529411765
ensemble_avg_top3,0.30299999999999977,0.6447047573511834,0.7808823529411765
ensemble_avg_top3,0.30399999999999977,0.6447047573511834,0.7808823529411765
ensemble_avg_top3,0.30499999999999977,0.6447047573511834,0.7808823529411765
ensemble_avg_top3,0.30599999999999977,0.6468324169256514,0.7794117647058824
ensemble_avg_top3,0.3069999999999998,0.6457088214200335,0.7779411764705882
ensemble_avg_top3,0.3079999999999998,0.6467128854888836,0.775
ensemble_avg_top3,0.3089999999999997,0.6488405450633516,0.7735294117647059
ensemble_avg_top3,0.3099999999999997,0.6465933540521157,0.7705882352941177
ensemble_avg_top3,0.3109999999999997,0.6464738226153478,0.7661764705882353
ensemble_avg_top3,0.3119999999999997,0.648601482189816,0.7647058823529411
ensemble_avg_top3,0.3129999999999997,0.648601482189816,0.7647058823529411
ensemble_avg_top3,0.3139999999999997,0.6528568013387521,0.7617647058823529
ensemble_avg_top3,0.3149999999999997,0.6517332058331341,0.7602941176470588
ensemble_avg_top3,0.3159999999999997,0.6538608654076021,0.7588235294117647
ensemble_avg_top3,0.3169999999999997,0.6558689935453024,0.7529411764705882
ensemble_avg_top3,0.3179999999999997,0.6579966531197705,0.7514705882352941
ensemble_avg_top3,0.31899999999999973,0.6622519722687067,0.7485294117647059
ensemble_avg_top3,0.31999999999999973,0.6622519722687067,0.7485294117647059
ensemble_avg_top3,0.32099999999999973,0.6632560363375568,0.7455882352941177
ensemble_avg_top3,0.32199999999999973,0.6632560363375568,0.7455882352941177
ensemble_avg_top3,0.32299999999999973,0.665383695912025,0.7441176470588236
ensemble_avg_top3,0.32399999999999973,0.665383695912025,0.7441176470588236
ensemble_avg_top3,0.32499999999999973,0.6642601004064068,0.7426470588235294
ensemble_avg_top3,0.32599999999999973,0.6642601004064068,0.7426470588235294
ensemble_avg_top3,0.32699999999999974,0.6695194836241931,0.736764705882353
ensemble_avg_top3,0.32799999999999974,0.6716471431986613,0.7352941176470589
ensemble_avg_top3,0.32899999999999974,0.6737748027731293,0.7338235294117647
ensemble_avg_top3,0.32999999999999974,0.6726512072675114,0.7323529411764705
ensemble_avg_top3,0.33099999999999974,0.6726512072675114,0.7323529411764705
ensemble_avg_top3,0.33199999999999974,0.6726512072675114,0.7323529411764705
ensemble_avg_top3,0.33299999999999974,0.6715276117618934,0.7308823529411764
ensemble_avg_top3,0.33399999999999974,0.6736552713363615,0.7294117647058823
ensemble_avg_top3,0.33499999999999974,0.6736552713363615,0.7294117647058823
ensemble_avg_top3,0.33599999999999974,0.6757829309108295,0.7279411764705882
ensemble_avg_top3,0.33699999999999974,0.6757829309108295,0.7279411764705882
ensemble_avg_top3,0.33799999999999975,0.6757829309108295,0.7279411764705882
ensemble_avg_top3,0.33899999999999975,0.6757829309108295,0.7279411764705882
ensemble_avg_top3,0.33999999999999975,0.6767869949796796,0.725
ensemble_avg_top3,0.34099999999999975,0.6767869949796796,0.725
ensemble_avg_top3,0.3419999999999997,0.6789146545541478,0.7235294117647059
ensemble_avg_top3,0.3429999999999997,0.6831699737030839,0.7205882352941176
ensemble_avg_top3,0.3439999999999997,0.685297633277552,0.7191176470588235
ensemble_avg_top3,0.3449999999999997,0.6916806120009562,0.7147058823529412
ensemble_avg_top3,0.3459999999999997,0.6926846760698064,0.711764705882353
ensemble_avg_top3,0.3469999999999997,0.6969399952187425,0.7088235294117647
ensemble_avg_top3,0.3479999999999997,0.6990676547932106,0.7073529411764706
ensemble_avg_top3,0.3489999999999997,0.6990676547932106,0.7073529411764706
ensemble_avg_top3,0.3499999999999997,0.6979440592875926,0.7058823529411765
ensemble_avg_top3,0.3509999999999997,0.6945732727707388,0.7014705882352941
ensemble_avg_top3,0.3519999999999997,0.6934496772651207,0.7
ensemble_avg_top3,0.3529999999999997,0.6934496772651207,0.7
ensemble_avg_top3,0.3539999999999997,0.6955773368395888,0.6985294117647058
ensemble_avg_top3,0.3549999999999997,0.6955773368395888,0.6985294117647058
ensemble_avg_top3,0.3559999999999997,0.6944537413339709,0.6970588235294117
ensemble_avg_top3,0.3569999999999997,0.693330145828353,0.6955882352941176
ensemble_avg_top3,0.3579999999999997,0.694334209897203,0.6926470588235294
ensemble_avg_top3,0.3589999999999997,0.694214678460435,0.6882352941176471
ensemble_avg_top3,0.3599999999999997,0.6919674874491992,0.6852941176470588
ensemble_avg_top3,0.3609999999999997,0.6908438919435812,0.6838235294117647
ensemble_avg_top3,0.3619999999999997,0.6950992110925174,0.6808823529411765
ensemble_avg_top3,0.3629999999999997,0.6950992110925174,0.6808823529411765
ensemble_avg_top3,0.3639999999999997,0.6950992110925174,0.6808823529411765
ensemble_avg_top3,0.3649999999999997,0.6950992110925174,0.6808823529411765
ensemble_avg_top3,0.3659999999999997,0.6993545302414534,0.6779411764705883
ensemble_avg_top3,0.3669999999999997,0.6993545302414534,0.6779411764705883
ensemble_avg_top3,0.3679999999999997,0.6993545302414534,0.6779411764705883
ensemble_avg_top3,0.3689999999999997,0.7014821898159216,0.6764705882352942
ensemble_avg_top3,0.3699999999999997,0.7036098493903897,0.675
ensemble_avg_top3,0.3709999999999997,0.7036098493903897,0.675
ensemble_avg_top3,0.3719999999999997,0.7046139134592397,0.6720588235294118
ensemble_avg_top3,0.37299999999999967,0.7044943820224718,0.6676470588235294
ensemble_avg_top3,0.37399999999999967,0.7044943820224718,0.6676470588235294
ensemble_avg_top3,0.37499999999999967,0.70662204159694,0.6661764705882353
ensemble_avg_top3,0.37599999999999967,0.70662204159694,0.6661764705882353
ensemble_avg_top3,0.37699999999999967,0.7076261056657901,0.663235294117647
ensemble_avg_top3,0.37799999999999967,0.7086301697346402,0.6602941176470588
ensemble_avg_top3,0.37899999999999967,0.7063829787234043,0.6573529411764706
ensemble_avg_top3,0.37999999999999967,0.7063829787234043,0.6573529411764706
ensemble_avg_top3,0.3809999999999997,0.7052593832177863,0.6558823529411765
ensemble_avg_top3,0.3819999999999997,0.7041357877121683,0.6544117647058824
ensemble_avg_top3,0.3829999999999997,0.7030121922065503,0.6529411764705882
ensemble_avg_top3,0.3839999999999997,0.7030121922065503,0.6529411764705882
ensemble_avg_top3,0.3849999999999997,0.7017690652641645,0.6470588235294118
ensemble_avg_top3,0.3859999999999997,0.7017690652641645,0.6470588235294118
ensemble_avg_top3,0.3869999999999997,0.7038967248386325,0.6455882352941177
ensemble_avg_top3,0.3879999999999997,0.7060243844131007,0.6441176470588236
ensemble_avg_top3,0.3889999999999997,0.7060243844131007,0.6441176470588236
ensemble_avg_top3,0.3899999999999997,0.7060243844131007,0.6441176470588236
ensemble_avg_top3,0.3909999999999997,0.7091561080564188,0.6397058823529411
ensemble_avg_top3,0.3919999999999997,0.7134114272053551,0.6367647058823529
ensemble_avg_top3,0.3929999999999997,0.7134114272053551,0.6367647058823529
ensemble_avg_top3,0.3939999999999997,0.7144154912742051,0.6338235294117647
ensemble_avg_top3,0.3949999999999997,0.7207984699976093,0.6294117647058823
ensemble_avg_top3,0.3959999999999997,0.7229261295720775,0.6279411764705882
ensemble_avg_top3,0.3969999999999997,0.7250537891465455,0.6264705882352941
ensemble_avg_top3,0.3979999999999997,0.7280659813530959,0.6176470588235294
ensemble_avg_top3,0.3989999999999997,0.7280659813530959,0.6176470588235294
ensemble_avg_top3,0.3999999999999997,0.7280659813530959,0.6176470588235294
ensemble_avg_top3,0.4009999999999997,0.732321300502032,0.6147058823529412
ensemble_avg_top3,0.4019999999999997,0.732321300502032,0.6147058823529412
ensemble_avg_top3,0.4029999999999997,0.731197704996414,0.6132352941176471
ensemble_avg_top3,0.4039999999999997,0.7300741094907961,0.611764705882353
ensemble_avg_top3,0.4049999999999997,0.7300741094907961,0.611764705882353
ensemble_avg_top3,0.40599999999999964,0.7343294286397323,0.6088235294117647
ensemble_avg_top3,0.40699999999999964,0.7343294286397323,0.6088235294117647
ensemble_avg_top3,0.40799999999999964,0.7343294286397323,0.6088235294117647
ensemble_avg_top3,0.40899999999999964,0.7332058331341142,0.6073529411764705
ensemble_avg_top3,0.40999999999999964,0.7332058331341142,0.6073529411764705
ensemble_avg_top3,0.41099999999999964,0.7374611522830504,0.6044117647058823
ensemble_avg_top3,0.41199999999999964,0.7363375567774324,0.6029411764705882
ensemble_avg_top3,0.41299999999999965,0.7394692804207507,0.5985294117647059
ensemble_avg_top3,0.41399999999999965,0.7383456849151326,0.5970588235294118
ensemble_avg_top3,0.41499999999999965,0.7383456849151326,0.5970588235294118
ensemble_avg_top3,0.41599999999999965,0.7382261534783648,0.5926470588235294
ensemble_avg_top3,0.41699999999999965,0.7382261534783648,0.5926470588235294
ensemble_avg_top3,0.41799999999999965,0.7382261534783648,0.5926470588235294
ensemble_avg_top3,0.41899999999999965,0.7371025579727468,0.5911764705882353
ensemble_avg_top3,0.41999999999999965,0.7371025579727468,0.5911764705882353
ensemble_avg_top3,0.42099999999999965,0.7381066220415969,0.5882352941176471
ensemble_avg_top3,0.42199999999999965,0.7369830265359789,0.586764705882353
ensemble_avg_top3,0.42299999999999965,0.7391106861104471,0.5852941176470589
ensemble_avg_top3,0.42399999999999965,0.7412383456849151,0.5838235294117647
ensemble_avg_top3,0.42499999999999966,0.7401147501792971,0.5823529411764706
ensemble_avg_top3,0.42599999999999966,0.7401147501792971,0.5823529411764706
ensemble_avg_top3,0.42699999999999966,0.7389911546736792,0.5808823529411765
ensemble_avg_top3,0.42799999999999966,0.7432464738226153,0.5779411764705882
ensemble_avg_top3,0.42899999999999966,0.7432464738226153,0.5779411764705882
ensemble_avg_top3,0.42999999999999966,0.7453741333970834,0.5764705882352941
ensemble_avg_top3,0.43099999999999966,0.7453741333970834,0.5764705882352941
ensemble_avg_top3,0.43199999999999966,0.7475017929715515,0.575
ensemble_avg_top3,0.43299999999999966,0.7475017929715515,0.575
ensemble_avg_top3,0.43399999999999966,0.7463781974659336,0.5735294117647058
ensemble_avg_top3,0.43499999999999966,0.7463781974659336,0.5735294117647058
ensemble_avg_top3,0.43599999999999967,0.7485058570404016,0.5720588235294117
ensemble_avg_top3,0.4369999999999996,0.7473822615347836,0.5705882352941176
ensemble_avg_top3,0.4379999999999996,0.7451350705235477,0.5676470588235294
ensemble_avg_top3,0.4389999999999996,0.7440114750179296,0.5661764705882353
ensemble_avg_top3,0.4399999999999996,0.7450155390867799,0.5632352941176471
ensemble_avg_top3,0.4409999999999996,0.7438919435811618,0.5617647058823529
ensemble_avg_top3,0.4419999999999996,0.7470236672244801,0.5573529411764706
ensemble_avg_top3,0.4429999999999996,0.7469041357877122,0.5529411764705883
ensemble_avg_top3,0.4439999999999996,0.7469041357877122,0.5529411764705883
ensemble_avg_top3,0.4449999999999996,0.7469041357877122,0.5529411764705883
ensemble_avg_top3,0.4459999999999996,0.7469041357877122,0.5529411764705883
ensemble_avg_top3,0.4469999999999996,0.7490317953621802,0.5514705882352942
ensemble_avg_top3,0.4479999999999996,0.7511594549366483,0.55
ensemble_avg_top3,0.4489999999999996,0.7510399234998805,0.5455882352941176
ensemble_avg_top3,0.4499999999999996,0.7499163279942624,0.5441176470588235
ensemble_avg_top3,0.4509999999999996,0.7509203920631127,0.5411764705882353
ensemble_avg_top3,0.4519999999999996,0.7530480516375807,0.5397058823529411
ensemble_avg_top3,0.4529999999999996,0.7530480516375807,0.5397058823529411
ensemble_avg_top3,0.4539999999999996,0.7519244561319627,0.538235294117647
ensemble_avg_top3,0.4549999999999996,0.7519244561319627,0.538235294117647
ensemble_avg_top3,0.45599999999999963,0.7519244561319627,0.538235294117647
ensemble_avg_top3,0.45699999999999963,0.7496772651207267,0.5352941176470588
ensemble_avg_top3,0.45799999999999963,0.7496772651207267,0.5352941176470588
ensemble_avg_top3,0.45899999999999963,0.7496772651207267,0.5352941176470588
ensemble_avg_top3,0.45999999999999963,0.7496772651207267,0.5352941176470588
ensemble_avg_top3,0.46099999999999963,0.7518049246951948,0.5338235294117647
ensemble_avg_top3,0.46199999999999963,0.7539325842696629,0.5323529411764706
ensemble_avg_top3,0.46299999999999963,0.7560602438441311,0.5308823529411765
ensemble_avg_top3,0.46399999999999963,0.758187903418599,0.5294117647058824
ensemble_avg_top3,0.46499999999999964,0.7603155629930671,0.5279411764705882
ensemble_avg_top3,0.46599999999999964,0.7603155629930671,0.5279411764705882
ensemble_avg_top3,0.46699999999999964,0.7591919674874492,0.5264705882352941
ensemble_avg_top3,0.46799999999999964,0.7569447764762132,0.5235294117647059
ensemble_avg_top3,0.46899999999999964,0.7546975854649773,0.5205882352941177
ensemble_avg_top3,0.4699999999999996,0.7546975854649773,0.5205882352941177
ensemble_avg_top3,0.4709999999999996,0.7546975854649773,0.5205882352941177
ensemble_avg_top3,0.4719999999999996,0.7535739899593593,0.5191176470588236
ensemble_avg_top3,0.4729999999999996,0.7557016495338273,0.5176470588235295
ensemble_avg_top3,0.4739999999999996,0.7534544585225914,0.5147058823529411
ensemble_avg_top3,0.4749999999999996,0.7523308630169734,0.513235294117647
ensemble_avg_top3,0.4759999999999996,0.7523308630169734,0.513235294117647
ensemble_avg_top3,0.4769999999999996,0.7512072675113555,0.5117647058823529
ensemble_avg_top3,0.4779999999999996,0.7533349270858236,0.5102941176470588
ensemble_avg_top3,0.4789999999999996,0.7522113315802056,0.5088235294117647
ensemble_avg_top3,0.4799999999999996,0.7532153956490557,0.5058823529411764
ensemble_avg_top3,0.4809999999999996,0.7532153956490557,0.5058823529411764
ensemble_avg_top3,0.4819999999999996,0.7532153956490557,0.5058823529411764
ensemble_avg_top3,0.4829999999999996,0.7532153956490557,0.5058823529411764
ensemble_avg_top3,0.4839999999999996,0.7532153956490557,0.5058823529411764
ensemble_avg_top3,0.4849999999999996,0.7532153956490557,0.5058823529411764
ensemble_avg_top3,0.4859999999999996,0.7532153956490557,0.5058823529411764
ensemble_avg_top3,0.4869999999999996,0.7520918001434377,0.5044117647058823
ensemble_avg_top3,0.4879999999999996,0.7542194597179057,0.5029411764705882
ensemble_avg_top3,0.4889999999999996,0.7563471192923739,0.5014705882352941
ensemble_avg_top3,0.4899999999999996,0.76060243844131,0.4985294117647059
ensemble_avg_top3,0.4909999999999996,0.759478842935692,0.4970588235294118
ensemble_avg_top3,0.4919999999999996,0.759478842935692,0.4970588235294118
ensemble_avg_top3,0.4929999999999996,0.7637341620846283,0.49411764705882355
ensemble_avg_top3,0.4939999999999996,0.7637341620846283,0.49411764705882355
ensemble_avg_top3,0.4949999999999996,0.7658618216590963,0.49264705882352944
ensemble_avg_top3,0.4959999999999996,0.7668658857279465,0.48970588235294116
ensemble_avg_top3,0.4969999999999996,0.7668658857279465,0.48970588235294116
ensemble_avg_top3,0.4979999999999996,0.7711212048768826,0.48676470588235293
ensemble_avg_top3,0.4989999999999996,0.7699976093712646,0.4852941176470588
ensemble_avg_top3,0.4999999999999996,0.7699976093712646,0.4852941176470588
ensemble_avg_top3,0.5009999999999996,0.7699976093712646,0.4852941176470588
ensemble_avg_top3,0.5019999999999996,0.7677504183600288,0.4823529411764706
ensemble_avg_top3,0.5029999999999996,0.7687544824288788,0.47941176470588237
ensemble_avg_top3,0.5039999999999996,0.7708821420033469,0.47794117647058826
ensemble_avg_top3,0.5049999999999996,0.7686349509921109,0.475
ensemble_avg_top3,0.5059999999999996,0.7686349509921109,0.475
ensemble_avg_top3,0.5069999999999996,0.7686349509921109,0.475
ensemble_avg_top3,0.5079999999999996,0.7686349509921109,0.475
ensemble_avg_top3,0.5089999999999996,0.770762610566579,0.47352941176470587
ensemble_avg_top3,0.5099999999999996,0.770762610566579,0.47352941176470587
ensemble_avg_top3,0.5109999999999996,0.770762610566579,0.47352941176470587
ensemble_avg_top3,0.5119999999999996,0.7696390150609611,0.47205882352941175
ensemble_avg_top3,0.5129999999999996,0.7696390150609611,0.47205882352941175
ensemble_avg_top3,0.5139999999999996,0.7696390150609611,0.47205882352941175
ensemble_avg_top3,0.5149999999999996,0.7685154195553431,0.47058823529411764
ensemble_avg_top3,0.5159999999999996,0.7685154195553431,0.47058823529411764
ensemble_avg_top3,0.5169999999999996,0.7685154195553431,0.47058823529411764
ensemble_avg_top3,0.5179999999999996,0.7685154195553431,0.47058823529411764
ensemble_avg_top3,0.5189999999999996,0.7685154195553431,0.47058823529411764
ensemble_avg_top3,0.5199999999999996,0.7685154195553431,0.47058823529411764
ensemble_avg_top3,0.5209999999999996,0.7685154195553431,0.47058823529411764
ensemble_avg_top3,0.5219999999999996,0.7685154195553431,0.47058823529411764
ensemble_avg_top3,0.5229999999999996,0.7685154195553431,0.47058823529411764
ensemble_avg_top3,0.5239999999999996,0.7685154195553431,0.47058823529411764
ensemble_avg_top3,0.5249999999999996,0.7673918240497251,0.46911764705882353
ensemble_avg_top3,0.5259999999999996,0.7673918240497251,0.46911764705882353
ensemble_avg_top3,0.5269999999999996,0.7695194836241932,0.4676470588235294
ensemble_avg_top3,0.5279999999999996,0.7695194836241932,0.4676470588235294
ensemble_avg_top3,0.5289999999999996,0.7716471431986612,0.4661764705882353
ensemble_avg_top3,0.5299999999999996,0.7716471431986612,0.4661764705882353
ensemble_avg_top3,0.5309999999999996,0.7716471431986612,0.4661764705882353
ensemble_avg_top3,0.5319999999999996,0.7705235476930432,0.4647058823529412
ensemble_avg_top3,0.5329999999999996,0.7705235476930432,0.4647058823529412
ensemble_avg_top3,0.5339999999999996,0.7693999521874253,0.4632352941176471
ensemble_avg_top3,0.5349999999999996,0.7693999521874253,0.4632352941176471
ensemble_avg_top3,0.5359999999999996,0.7682763566818073,0.46176470588235297
ensemble_avg_top3,0.5369999999999996,0.7704040162562753,0.4602941176470588
ensemble_avg_top3,0.5379999999999996,0.7704040162562753,0.4602941176470588
ensemble_avg_top3,0.5389999999999996,0.7704040162562753,0.4602941176470588
ensemble_avg_top3,0.5399999999999996,0.7725316758307434,0.4588235294117647
ensemble_avg_top3,0.5409999999999996,0.7725316758307434,0.4588235294117647
ensemble_avg_top3,0.5419999999999996,0.7714080803251255,0.4573529411764706
ensemble_avg_top3,0.5429999999999996,0.7691608893138895,0.45441176470588235
ensemble_avg_top3,0.5439999999999996,0.7691608893138895,0.45441176470588235
ensemble_avg_top3,0.5449999999999996,0.7691608893138895,0.45441176470588235
ensemble_avg_top3,0.5459999999999996,0.7691608893138895,0.45441176470588235
ensemble_avg_top3,0.5469999999999996,0.7691608893138895,0.45441176470588235
ensemble_avg_top3,0.5479999999999996,0.7712885488883576,0.45294117647058824
ensemble_avg_top3,0.5489999999999995,0.7712885488883576,0.45294117647058824
ensemble_avg_top3,0.5499999999999995,0.7712885488883576,0.45294117647058824
ensemble_avg_top3,0.5509999999999995,0.7712885488883576,0.45294117647058824
ensemble_avg_top3,0.5519999999999995,0.7712885488883576,0.45294117647058824
ensemble_avg_top3,0.5529999999999995,0.7712885488883576,0.45294117647058824
ensemble_avg_top3,0.5539999999999995,0.7701649533827397,0.4514705882352941
ensemble_avg_top3,0.5549999999999995,0.7722926129572077,0.45
ensemble_avg_top3,0.5559999999999995,0.7722926129572077,0.45
ensemble_avg_top3,0.5569999999999995,0.7711690174515897,0.4485294117647059
ensemble_avg_top3,0.5579999999999995,0.7711690174515897,0.4485294117647059
ensemble_avg_top3,0.5589999999999995,0.7711690174515897,0.4485294117647059
ensemble_avg_top3,0.5599999999999995,0.7711690174515897,0.4485294117647059
ensemble_avg_top3,0.5609999999999995,0.7732966770260579,0.4470588235294118
ensemble_avg_top3,0.5619999999999995,0.7743007410949079,0.4441176470588235
ensemble_avg_top3,0.5629999999999995,0.7743007410949079,0.4441176470588235
ensemble_avg_top3,0.5639999999999995,0.77317714558929,0.4426470588235294
ensemble_avg_top3,0.5649999999999995,0.772053550083672,0.4411764705882353
ensemble_avg_top3,0.5659999999999995,0.772053550083672,0.4411764705882353
ensemble_avg_top3,0.5669999999999995,0.772053550083672,0.4411764705882353
ensemble_avg_top3,0.5679999999999995,0.772053550083672,0.4411764705882353
ensemble_avg_top3,0.5689999999999995,0.772053550083672,0.4411764705882353
ensemble_avg_top3,0.5699999999999995,0.770929954578054,0.43970588235294117
ensemble_avg_top3,0.5709999999999995,0.7686827635668181,0.43676470588235294
ensemble_avg_top3,0.5719999999999995,0.7708104231412862,0.43529411764705883
ensemble_avg_top3,0.5729999999999995,0.7718144872101362,0.4323529411764706
ensemble_avg_top3,0.5739999999999995,0.7718144872101362,0.4323529411764706
ensemble_avg_top3,0.5749999999999995,0.7718144872101362,0.4323529411764706
ensemble_avg_top3,0.5759999999999995,0.7718144872101362,0.4323529411764706
ensemble_avg_top3,0.5769999999999995,0.7718144872101362,0.4323529411764706
ensemble_avg_top3,0.5779999999999995,0.7739421467846044,0.4308823529411765
ensemble_avg_top3,0.5789999999999995,0.7739421467846044,0.4308823529411765
ensemble_avg_top3,0.5799999999999995,0.7739421467846044,0.4308823529411765
ensemble_avg_top3,0.5809999999999995,0.7749462108534544,0.4279411764705882
ensemble_avg_top3,0.5819999999999995,0.7749462108534544,0.4279411764705882
ensemble_avg_top3,0.5829999999999995,0.7749462108534544,0.4279411764705882
ensemble_avg_top3,0.5839999999999995,0.7749462108534544,0.4279411764705882
ensemble_avg_top3,0.5849999999999995,0.7749462108534544,0.4279411764705882
ensemble_avg_top3,0.5859999999999995,0.7759502749223046,0.425
ensemble_avg_top3,0.5869999999999995,0.7759502749223046,0.425
ensemble_avg_top3,0.5879999999999995,0.7759502749223046,0.425
ensemble_avg_top3,0.5889999999999995,0.7759502749223046,0.425
ensemble_avg_top3,0.5899999999999995,0.7759502749223046,0.425
ensemble_avg_top3,0.5909999999999995,0.7759502749223046,0.425
ensemble_avg_top3,0.5919999999999995,0.7759502749223046,0.425
ensemble_avg_top3,0.5929999999999995,0.7748266794166866,0.4235294117647059
ensemble_avg_top3,0.5939999999999995,0.7748266794166866,0.4235294117647059
ensemble_avg_top3,0.5949999999999995,0.7769543389911546,0.42205882352941176
ensemble_avg_top3,0.5959999999999995,0.7769543389911546,0.42205882352941176
ensemble_avg_top3,0.5969999999999995,0.7769543389911546,0.42205882352941176
ensemble_avg_top3,0.5979999999999995,0.7758307434855367,0.42058823529411765
ensemble_avg_top3,0.5989999999999995,0.7758307434855367,0.42058823529411765
ensemble_avg_top3,0.5999999999999995,0.7758307434855367,0.42058823529411765
ensemble_avg_top3,0.6009999999999995,0.7758307434855367,0.42058823529411765
ensemble_avg_top3,0.6019999999999995,0.7758307434855367,0.42058823529411765
ensemble_avg_top3,0.6029999999999995,0.7747071479799188,0.41911764705882354
ensemble_avg_top3,0.6039999999999995,0.7747071479799188,0.41911764705882354
ensemble_avg_top3,0.6049999999999995,0.7747071479799188,0.41911764705882354
ensemble_avg_top3,0.6059999999999995,0.7747071479799188,0.41911764705882354
ensemble_avg_top3,0.6069999999999995,0.7747071479799188,0.41911764705882354
ensemble_avg_top3,0.6079999999999995,0.7747071479799188,0.41911764705882354
ensemble_avg_top3,0.6089999999999995,0.7768348075543868,0.4176470588235294
ensemble_avg_top3,0.6099999999999995,0.7768348075543868,0.4176470588235294
ensemble_avg_top3,0.6109999999999995,0.7789624671288549,0.4161764705882353
ensemble_avg_top3,0.6119999999999995,0.777838871623237,0.4147058823529412
ensemble_avg_top3,0.6129999999999995,0.777838871623237,0.4147058823529412
ensemble_avg_top3,0.6139999999999994,0.776715276117619,0.41323529411764703
ensemble_avg_top3,0.6149999999999994,0.7755916806120009,0.4117647058823529
ensemble_avg_top3,0.6159999999999994,0.7755916806120009,0.4117647058823529
ensemble_avg_top3,0.6169999999999994,0.7755916806120009,0.4117647058823529
ensemble_avg_top3,0.6179999999999994,0.774468085106383,0.4102941176470588
ensemble_avg_top3,0.6189999999999994,0.774468085106383,0.4102941176470588
ensemble_avg_top3,0.6199999999999994,0.774468085106383,0.4102941176470588
ensemble_avg_top3,0.6209999999999994,0.774468085106383,0.4102941176470588
ensemble_avg_top3,0.6219999999999994,0.774468085106383,0.4102941176470588
ensemble_avg_top3,0.6229999999999994,0.774468085106383,0.4102941176470588
ensemble_avg_top3,0.6239999999999994,0.7733444896007651,0.4088235294117647
ensemble_avg_top3,0.6249999999999994,0.772220894095147,0.4073529411764706
ensemble_avg_top3,0.6259999999999994,0.771097298589529,0.40588235294117647
ensemble_avg_top3,0.6269999999999994,0.771097298589529,0.40588235294117647
ensemble_avg_top3,0.6279999999999994,0.771097298589529,0.40588235294117647
ensemble_avg_top3,0.6289999999999994,0.771097298589529,0.40588235294117647
ensemble_avg_top3,0.6299999999999994,0.771097298589529,0.40588235294117647
ensemble_avg_top3,0.6309999999999995,0.771097298589529,0.40588235294117647
ensemble_avg_top3,0.6319999999999995,0.771097298589529,0.40588235294117647
ensemble_avg_top3,0.6329999999999995,0.7699737030839111,0.40441176470588236
ensemble_avg_top3,0.6339999999999995,0.7688501075782931,0.40294117647058825
ensemble_avg_top3,0.6349999999999995,0.7688501075782931,0.40294117647058825
ensemble_avg_top3,0.6359999999999995,0.7688501075782931,0.40294117647058825
ensemble_avg_top3,0.6369999999999995,0.7677265120726751,0.40147058823529413
ensemble_avg_top3,0.6379999999999995,0.7666029165670571,0.4
ensemble_avg_top3,0.6389999999999995,0.7666029165670571,0.4
ensemble_avg_top3,0.6399999999999995,0.7654793210614392,0.3985294117647059
ensemble_avg_top3,0.6409999999999995,0.7654793210614392,0.3985294117647059
ensemble_avg_top3,0.6419999999999995,0.7676069806359073,0.39705882352941174
ensemble_avg_top3,0.6429999999999995,0.7642361941190534,0.3926470588235294
ensemble_avg_top3,0.6439999999999995,0.7642361941190534,0.3926470588235294
ensemble_avg_top3,0.6449999999999995,0.7642361941190534,0.3926470588235294
ensemble_avg_top3,0.6459999999999995,0.7631125986134353,0.3911764705882353
ensemble_avg_top3,0.6469999999999995,0.7608654076021995,0.38823529411764707
ensemble_avg_top3,0.6479999999999995,0.7629930671766675,0.38676470588235295
ensemble_avg_top3,0.6489999999999995,0.7629930671766675,0.38676470588235295
ensemble_avg_top3,0.6499999999999995,0.7629930671766675,0.38676470588235295
ensemble_avg_top3,0.6509999999999995,0.7629930671766675,0.38676470588235295
ensemble_avg_top3,0.6519999999999995,0.7629930671766675,0.38676470588235295
ensemble_avg_top3,0.6529999999999995,0.7618694716710495,0.38529411764705884
ensemble_avg_top3,0.6539999999999995,0.7618694716710495,0.38529411764705884
ensemble_avg_top3,0.6549999999999995,0.7618694716710495,0.38529411764705884
ensemble_avg_top3,0.6559999999999995,0.7618694716710495,0.38529411764705884
ensemble_avg_top3,0.6569999999999995,0.7618694716710495,0.38529411764705884
ensemble_avg_top3,0.6579999999999995,0.7618694716710495,0.38529411764705884
ensemble_avg_top3,0.6589999999999995,0.7618694716710495,0.38529411764705884
ensemble_avg_top3,0.6599999999999995,0.7618694716710495,0.38529411764705884
ensemble_avg_top3,0.6609999999999995,0.7618694716710495,0.38529411764705884
ensemble_avg_top3,0.6619999999999995,0.7607458761654315,0.38382352941176473
ensemble_avg_top3,0.6629999999999995,0.7596222806598136,0.38235294117647056
ensemble_avg_top3,0.6639999999999995,0.7596222806598136,0.38235294117647056
ensemble_avg_top3,0.6649999999999995,0.7596222806598136,0.38235294117647056
ensemble_avg_top3,0.6659999999999995,0.7596222806598136,0.38235294117647056
ensemble_avg_top3,0.6669999999999995,0.7596222806598136,0.38235294117647056
ensemble_avg_top3,0.6679999999999995,0.7596222806598136,0.38235294117647056
ensemble_avg_top3,0.6689999999999995,0.7584986851541955,0.38088235294117645
ensemble_avg_top3,0.6699999999999995,0.7584986851541955,0.38088235294117645
ensemble_avg_top3,0.6709999999999995,0.7584986851541955,0.38088235294117645
ensemble_avg_top3,0.6719999999999995,0.7584986851541955,0.38088235294117645
ensemble_avg_top3,0.6729999999999995,0.7584986851541955,0.38088235294117645
ensemble_avg_top3,0.6739999999999995,0.7584986851541955,0.38088235294117645
ensemble_avg_top3,0.6749999999999995,0.7573750896485776,0.37941176470588234
ensemble_avg_top3,0.6759999999999995,0.7573750896485776,0.37941176470588234
ensemble_avg_top3,0.6769999999999994,0.7573750896485776,0.37941176470588234
ensemble_avg_top3,0.6779999999999994,0.7573750896485776,0.37941176470588234
ensemble_avg_top3,0.6789999999999994,0.7573750896485776,0.37941176470588234
ensemble_avg_top3,0.6799999999999994,0.7562514941429597,0.3779411764705882
ensemble_avg_top3,0.6809999999999994,0.7562514941429597,0.3779411764705882
ensemble_avg_top3,0.6819999999999994,0.7551278986373416,0.3764705882352941
ensemble_avg_top3,0.6829999999999994,0.7540043031317236,0.375
ensemble_avg_top3,0.6839999999999994,0.7540043031317236,0.375
ensemble_avg_top3,0.6849999999999994,0.7540043031317236,0.375
ensemble_avg_top3,0.6859999999999994,0.7550083672005737,0.3720588235294118
ensemble_avg_top3,0.6869999999999994,0.7538847716949557,0.37058823529411766
ensemble_avg_top3,0.6879999999999994,0.7538847716949557,0.37058823529411766
ensemble_avg_top3,0.6889999999999994,0.7538847716949557,0.37058823529411766
ensemble_avg_top3,0.6899999999999994,0.7538847716949557,0.37058823529411766
ensemble_avg_top3,0.6909999999999994,0.7527611761893378,0.36911764705882355
ensemble_avg_top3,0.6919999999999994,0.7527611761893378,0.36911764705882355
ensemble_avg_top3,0.6929999999999994,0.7527611761893378,0.36911764705882355
ensemble_avg_top3,0.6939999999999994,0.7527611761893378,0.36911764705882355
ensemble_avg_top3,0.6949999999999994,0.7527611761893378,0.36911764705882355
ensemble_avg_top3,0.6959999999999994,0.7527611761893378,0.36911764705882355
ensemble_avg_top3,0.6969999999999994,0.7527611761893378,0.36911764705882355
ensemble_avg_top3,0.6979999999999994,0.7527611761893378,0.36911764705882355
ensemble_avg_top3,0.6989999999999994,0.7548888357638058,0.36764705882352944
ensemble_avg_top3,0.6999999999999994,0.7548888357638058,0.36764705882352944
ensemble_avg_top3,0.7009999999999994,0.7537652402581878,0.36617647058823527
ensemble_avg_top3,0.7019999999999994,0.7537652402581878,0.36617647058823527
ensemble_avg_top3,0.7029999999999994,0.7537652402581878,0.36617647058823527
ensemble_avg_top3,0.7039999999999994,0.7537652402581878,0.36617647058823527
ensemble_avg_top3,0.7049999999999994,0.7537652402581878,0.36617647058823527
ensemble_avg_top3,0.7059999999999994,0.754769304327038,0.36323529411764705
ensemble_avg_top3,0.7069999999999994,0.754769304327038,0.36323529411764705
ensemble_avg_top3,0.7079999999999994,0.754769304327038,0.36323529411764705
ensemble_avg_top3,0.7089999999999994,0.754769304327038,0.36323529411764705
ensemble_avg_top3,0.7099999999999994,0.75364570882142,0.36176470588235293
ensemble_avg_top3,0.7109999999999994,0.752522113315802,0.3602941176470588
ensemble_avg_top3,0.7119999999999994,0.752522113315802,0.3602941176470588
ensemble_avg_top3,0.7129999999999994,0.7513985178101841,0.3588235294117647
ensemble_avg_top3,0.7139999999999994,0.7513985178101841,0.3588235294117647
ensemble_avg_top3,0.7149999999999994,0.7502749223045662,0.3573529411764706
ensemble_avg_top3,0.7159999999999994,0.7502749223045662,0.3573529411764706
ensemble_avg_top3,0.7169999999999994,0.7502749223045662,0.3573529411764706
ensemble_avg_top3,0.7179999999999994,0.7502749223045662,0.3573529411764706
ensemble_avg_top3,0.7189999999999994,0.7502749223045662,0.3573529411764706
ensemble_avg_top3,0.7199999999999994,0.7502749223045662,0.3573529411764706
ensemble_avg_top3,0.7209999999999994,0.7502749223045662,0.3573529411764706
ensemble_avg_top3,0.7219999999999994,0.7502749223045662,0.3573529411764706
ensemble_avg_top3,0.7229999999999994,0.7502749223045662,0.3573529411764706
ensemble_avg_top3,0.7239999999999994,0.7502749223045662,0.3573529411764706
ensemble_avg_top3,0.7249999999999994,0.7502749223045662,0.3573529411764706
ensemble_avg_top3,0.7259999999999994,0.7502749223045662,0.3573529411764706
ensemble_avg_top3,0.7269999999999994,0.7502749223045662,0.3573529411764706
ensemble_avg_top3,0.7279999999999994,0.7502749223045662,0.3573529411764706
ensemble_avg_top3,0.7289999999999994,0.7502749223045662,0.3573529411764706
ensemble_avg_top3,0.7299999999999994,0.7502749223045662,0.3573529411764706
ensemble_avg_top3,0.7309999999999994,0.7502749223045662,0.3573529411764706
ensemble_avg_top3,0.7319999999999994,0.749151326798948,0.3558823529411765
ensemble_avg_top3,0.7329999999999994,0.7480277312933301,0.35441176470588237
ensemble_avg_top3,0.7339999999999994,0.7469041357877122,0.35294117647058826
ensemble_avg_top3,0.7349999999999994,0.7469041357877122,0.35294117647058826
ensemble_avg_top3,0.7359999999999994,0.7469041357877122,0.35294117647058826
ensemble_avg_top3,0.7369999999999994,0.7469041357877122,0.35294117647058826
ensemble_avg_top3,0.7379999999999994,0.7469041357877122,0.35294117647058826
ensemble_avg_top3,0.7389999999999994,0.7469041357877122,0.35294117647058826
ensemble_avg_top3,0.7399999999999994,0.7469041357877122,0.35294117647058826
ensemble_avg_top3,0.7409999999999994,0.7469041357877122,0.35294117647058826
ensemble_avg_top3,0.7419999999999993,0.7457805402820942,0.3514705882352941
ensemble_avg_top3,0.7429999999999993,0.7457805402820942,0.3514705882352941
ensemble_avg_top3,0.7439999999999993,0.7457805402820942,0.3514705882352941
ensemble_avg_top3,0.7449999999999993,0.7457805402820942,0.3514705882352941
ensemble_avg_top3,0.7459999999999993,0.7457805402820942,0.3514705882352941
ensemble_avg_top3,0.7469999999999993,0.7457805402820942,0.3514705882352941
ensemble_avg_top3,0.7479999999999993,0.7457805402820942,0.3514705882352941
ensemble_avg_top3,0.7489999999999993,0.7457805402820942,0.3514705882352941
ensemble_avg_top3,0.7499999999999993,0.7457805402820942,0.3514705882352941
ensemble_avg_top3,0.7509999999999993,0.7457805402820942,0.3514705882352941
ensemble_avg_top3,0.7519999999999993,0.7457805402820942,0.3514705882352941
ensemble_avg_top3,0.7529999999999993,0.7457805402820942,0.3514705882352941
ensemble_avg_top3,0.7539999999999993,0.7457805402820942,0.3514705882352941
ensemble_avg_top3,0.7549999999999993,0.7457805402820942,0.3514705882352941
ensemble_avg_top3,0.7559999999999993,0.7457805402820942,0.3514705882352941
ensemble_avg_top3,0.7569999999999993,0.7446569447764761,0.35
ensemble_avg_top3,0.7579999999999993,0.7446569447764761,0.35
ensemble_avg_top3,0.7589999999999993,0.7446569447764761,0.35
ensemble_avg_top3,0.7599999999999993,0.7446569447764761,0.35
ensemble_avg_top3,0.7609999999999993,0.7446569447764761,0.35
ensemble_avg_top3,0.7619999999999993,0.7446569447764761,0.35
ensemble_avg_top3,0.7629999999999993,0.7446569447764761,0.35
ensemble_avg_top3,0.7639999999999993,0.7446569447764761,0.35
ensemble_avg_top3,0.7649999999999993,0.7446569447764761,0.35
ensemble_avg_top3,0.7659999999999993,0.7446569447764761,0.35
ensemble_avg_top3,0.7669999999999993,0.7446569447764761,0.35
ensemble_avg_top3,0.7679999999999993,0.7435333492708582,0.34852941176470587
ensemble_avg_top3,0.7689999999999994,0.7435333492708582,0.34852941176470587
ensemble_avg_top3,0.7699999999999994,0.7435333492708582,0.34852941176470587
ensemble_avg_top3,0.7709999999999994,0.7435333492708582,0.34852941176470587
ensemble_avg_top3,0.7719999999999994,0.7435333492708582,0.34852941176470587
ensemble_avg_top3,0.7729999999999994,0.7412861582596222,0.34558823529411764
ensemble_avg_top3,0.7739999999999994,0.7401625627540043,0.34411764705882353
ensemble_avg_top3,0.7749999999999994,0.7401625627540043,0.34411764705882353
ensemble_avg_top3,0.7759999999999994,0.7401625627540043,0.34411764705882353
ensemble_avg_top3,0.7769999999999994,0.7401625627540043,0.34411764705882353
ensemble_avg_top3,0.7779999999999994,0.7401625627540043,0.34411764705882353
ensemble_avg_top3,0.7789999999999994,0.7401625627540043,0.34411764705882353
ensemble_avg_top3,0.7799999999999994,0.7401625627540043,0.34411764705882353
ensemble_avg_top3,0.7809999999999994,0.7401625627540043,0.34411764705882353
ensemble_avg_top3,0.7819999999999994,0.7401625627540043,0.34411764705882353
ensemble_avg_top3,0.7829999999999994,0.7401625627540043,0.34411764705882353
ensemble_avg_top3,0.7839999999999994,0.7390389672483864,0.3426470588235294
ensemble_avg_top3,0.7849999999999994,0.7390389672483864,0.3426470588235294
ensemble_avg_top3,0.7859999999999994,0.7390389672483864,0.3426470588235294
ensemble_avg_top3,0.7869999999999994,0.7390389672483864,0.3426470588235294
ensemble_avg_top3,0.7879999999999994,0.7390389672483864,0.3426470588235294
ensemble_avg_top3,0.7889999999999994,0.7379153717427683,0.3411764705882353
ensemble_avg_top3,0.7899999999999994,0.7367917762371503,0.3397058823529412
ensemble_avg_top3,0.7909999999999994,0.7367917762371503,0.3397058823529412
ensemble_avg_top3,0.7919999999999994,0.7367917762371503,0.3397058823529412
ensemble_avg_top3,0.7929999999999994,0.7367917762371503,0.3397058823529412
ensemble_avg_top3,0.7939999999999994,0.7367917762371503,0.3397058823529412
ensemble_avg_top3,0.7949999999999994,0.7367917762371503,0.3397058823529412
ensemble_avg_top3,0.7959999999999994,0.7367917762371503,0.3397058823529412
ensemble_avg_top3,0.7969999999999994,0.7356681807315324,0.3382352941176471
ensemble_avg_top3,0.7979999999999994,0.7356681807315324,0.3382352941176471
ensemble_avg_top3,0.7989999999999994,0.7356681807315324,0.3382352941176471
ensemble_avg_top3,0.7999999999999994,0.7356681807315324,0.3382352941176471
ensemble_avg_top3,0.8009999999999994,0.7356681807315324,0.3382352941176471
ensemble_avg_top3,0.8019999999999994,0.7356681807315324,0.3382352941176471
ensemble_avg_top3,0.8029999999999994,0.7356681807315324,0.3382352941176471
ensemble_avg_top3,0.8039999999999994,0.7356681807315324,0.3382352941176471
ensemble_avg_top3,0.8049999999999993,0.7356681807315324,0.3382352941176471
ensemble_avg_top3,0.8059999999999993,0.7356681807315324,0.3382352941176471
ensemble_avg_top3,0.8069999999999993,0.7356681807315324,0.3382352941176471
ensemble_avg_top3,0.8079999999999993,0.7356681807315324,0.3382352941176471
ensemble_avg_top3,0.8089999999999993,0.7356681807315324,0.3382352941176471
ensemble_avg_top3,0.8099999999999993,0.7356681807315324,0.3382352941176471
ensemble_avg_top3,0.8109999999999993,0.7356681807315324,0.3382352941176471
ensemble_avg_top3,0.8119999999999993,0.7356681807315324,0.3382352941176471
ensemble_avg_top3,0.8129999999999993,0.7345445852259144,0.33676470588235297
ensemble_avg_top3,0.8139999999999993,0.7345445852259144,0.33676470588235297
ensemble_avg_top3,0.8149999999999993,0.7345445852259144,0.33676470588235297
ensemble_avg_top3,0.8159999999999993,0.7345445852259144,0.33676470588235297
ensemble_avg_top3,0.8169999999999993,0.7334209897202965,0.3352941176470588
ensemble_avg_top3,0.8179999999999993,0.7334209897202965,0.3352941176470588
ensemble_avg_top3,0.8189999999999993,0.7334209897202965,0.3352941176470588
ensemble_avg_top3,0.8199999999999993,0.7334209897202965,0.3352941176470588
ensemble_avg_top3,0.8209999999999993,0.7334209897202965,0.3352941176470588
ensemble_avg_top3,0.8219999999999993,0.7334209897202965,0.3352941176470588
ensemble_avg_top3,0.8229999999999993,0.7322973942146784,0.3338235294117647
ensemble_avg_top3,0.8239999999999993,0.7322973942146784,0.3338235294117647
ensemble_avg_top3,0.8249999999999993,0.7322973942146784,0.3338235294117647
ensemble_avg_top3,0.8259999999999993,0.7322973942146784,0.3338235294117647
ensemble_avg_top3,0.8269999999999993,0.7322973942146784,0.3338235294117647
ensemble_avg_top3,0.8279999999999993,0.7311737987090605,0.3323529411764706
ensemble_avg_top3,0.8289999999999993,0.7311737987090605,0.3323529411764706
ensemble_avg_top3,0.8299999999999993,0.7311737987090605,0.3323529411764706
ensemble_avg_top3,0.8309999999999993,0.7289266076978245,0.32941176470588235
ensemble_avg_top3,0.8319999999999993,0.7289266076978245,0.32941176470588235
ensemble_avg_top3,0.8329999999999993,0.7289266076978245,0.32941176470588235
ensemble_avg_top3,0.8339999999999993,0.7289266076978245,0.32941176470588235
ensemble_avg_top3,0.8349999999999993,0.7289266076978245,0.32941176470588235
ensemble_avg_top3,0.8359999999999993,0.7289266076978245,0.32941176470588235
ensemble_avg_top3,0.8369999999999993,0.7289266076978245,0.32941176470588235
ensemble_avg_top3,0.8379999999999993,0.7289266076978245,0.32941176470588235
ensemble_avg_top3,0.8389999999999993,0.7289266076978245,0.32941176470588235
ensemble_avg_top3,0.8399999999999993,0.7289266076978245,0.32941176470588235
ensemble_avg_top3,0.8409999999999993,0.7289266076978245,0.32941176470588235
ensemble_avg_top3,0.8419999999999993,0.7289266076978245,0.32941176470588235
ensemble_avg_top3,0.8429999999999993,0.7289266076978245,0.32941176470588235
ensemble_avg_top3,0.8439999999999993,0.7289266076978245,0.32941176470588235
ensemble_avg_top3,0.8449999999999993,0.7289266076978245,0.32941176470588235
ensemble_avg_top3,0.8459999999999993,0.7289266076978245,0.32941176470588235
ensemble_avg_top3,0.8469999999999993,0.7278030121922066,0.32794117647058824
ensemble_avg_top3,0.8479999999999993,0.7278030121922066,0.32794117647058824
ensemble_avg_top3,0.8489999999999993,0.7266794166865885,0.3264705882352941
ensemble_avg_top3,0.8499999999999993,0.7266794166865885,0.3264705882352941
ensemble_avg_top3,0.8509999999999993,0.7266794166865885,0.3264705882352941
ensemble_avg_top3,0.8519999999999993,0.7266794166865885,0.3264705882352941
ensemble_avg_top3,0.8529999999999993,0.7255558211809705,0.325
ensemble_avg_top3,0.8539999999999993,0.7255558211809705,0.325
ensemble_avg_top3,0.8549999999999993,0.7255558211809705,0.325
ensemble_avg_top3,0.8559999999999993,0.7244322256753526,0.3235294117647059
ensemble_avg_top3,0.8569999999999993,0.7244322256753526,0.3235294117647059
ensemble_avg_top3,0.8579999999999993,0.7244322256753526,0.3235294117647059
ensemble_avg_top3,0.8589999999999993,0.7244322256753526,0.3235294117647059
ensemble_avg_top3,0.8599999999999993,0.7244322256753526,0.3235294117647059
ensemble_avg_top3,0.8609999999999993,0.7221850346641167,0.3205882352941177
ensemble_avg_top3,0.8619999999999993,0.7210614391584986,0.3191176470588235
ensemble_avg_top3,0.8629999999999993,0.7210614391584986,0.3191176470588235
ensemble_avg_top3,0.8639999999999993,0.7210614391584986,0.3191176470588235
ensemble_avg_top3,0.8649999999999993,0.7188142481472627,0.3161764705882353
ensemble_avg_top3,0.8659999999999993,0.7176906526416447,0.31470588235294117
ensemble_avg_top3,0.8669999999999993,0.7176906526416447,0.31470588235294117
ensemble_avg_top3,0.8679999999999993,0.7176906526416447,0.31470588235294117
ensemble_avg_top3,0.8689999999999993,0.7176906526416447,0.31470588235294117
ensemble_avg_top3,0.8699999999999992,0.7176906526416447,0.31470588235294117
ensemble_avg_top3,0.8709999999999992,0.7176906526416447,0.31470588235294117
ensemble_avg_top3,0.8719999999999992,0.7176906526416447,0.31470588235294117
ensemble_avg_top3,0.8729999999999992,0.7165670571360268,0.31323529411764706
ensemble_avg_top3,0.8739999999999992,0.7165670571360268,0.31323529411764706
ensemble_avg_top3,0.8749999999999992,0.7165670571360268,0.31323529411764706
ensemble_avg_top3,0.8759999999999992,0.7165670571360268,0.31323529411764706
ensemble_avg_top3,0.8769999999999992,0.7165670571360268,0.31323529411764706
ensemble_avg_top3,0.8779999999999992,0.7165670571360268,0.31323529411764706
ensemble_avg_top3,0.8789999999999992,0.7165670571360268,0.31323529411764706
ensemble_avg_top3,0.8799999999999992,0.7154434616304088,0.31176470588235294
ensemble_avg_top3,0.8809999999999992,0.7143198661247908,0.31029411764705883
ensemble_avg_top3,0.8819999999999992,0.7131962706191728,0.3088235294117647
ensemble_avg_top3,0.8829999999999992,0.7131962706191728,0.3088235294117647
ensemble_avg_top3,0.8839999999999992,0.7120726751135549,0.3073529411764706
ensemble_avg_top3,0.8849999999999992,0.7120726751135549,0.3073529411764706
ensemble_avg_top3,0.8859999999999992,0.7098254841023188,0.3044117647058823
ensemble_avg_top3,0.8869999999999992,0.7098254841023188,0.3044117647058823
ensemble_avg_top3,0.8879999999999992,0.7087018885967009,0.3029411764705882
ensemble_avg_top3,0.8889999999999992,0.707578293091083,0.3014705882352941
ensemble_avg_top3,0.8899999999999992,0.707578293091083,0.3014705882352941
ensemble_avg_top3,0.8909999999999992,0.707578293091083,0.3014705882352941
ensemble_avg_top3,0.8919999999999992,0.707578293091083,0.3014705882352941
ensemble_avg_top3,0.8929999999999992,0.708582357159933,0.2985294117647059
ensemble_avg_top3,0.8939999999999992,0.7063351661486971,0.29558823529411765
ensemble_avg_top3,0.8949999999999992,0.7063351661486971,0.29558823529411765
ensemble_avg_top3,0.8959999999999992,0.7094668897920153,0.2911764705882353
ensemble_avg_top3,0.8969999999999992,0.7083432942863973,0.2897058823529412
ensemble_avg_top3,0.8979999999999992,0.7083432942863973,0.2897058823529412
ensemble_avg_top3,0.8989999999999992,0.7072196987807793,0.28823529411764703
ensemble_avg_top3,0.8999999999999992,0.7060961032751614,0.2867647058823529
ensemble_avg_top3,0.9009999999999992,0.7027253167583074,0.2823529411764706
ensemble_avg_top3,0.9019999999999992,0.7027253167583074,0.2823529411764706
ensemble_avg_top3,0.9029999999999992,0.6993545302414534,0.27794117647058825
ensemble_avg_top3,0.9039999999999992,0.6971073392302175,0.275
ensemble_avg_top3,0.9049999999999992,0.6971073392302175,0.275
ensemble_avg_top3,0.9059999999999993,0.6971073392302175,0.275
ensemble_avg_top3,0.9069999999999993,0.6971073392302175,0.275
ensemble_avg_top3,0.9079999999999993,0.6971073392302175,0.275
ensemble_avg_top3,0.9089999999999993,0.6971073392302175,0.275
ensemble_avg_top3,0.9099999999999993,0.6959837437245996,0.2735294117647059
ensemble_avg_top3,0.9109999999999993,0.6959837437245996,0.2735294117647059
ensemble_avg_top3,0.9119999999999993,0.6959837437245996,0.2735294117647059
ensemble_avg_top3,0.9129999999999993,0.6948601482189816,0.27205882352941174
ensemble_avg_top3,0.9139999999999993,0.6937365527133637,0.27058823529411763
ensemble_avg_top3,0.9149999999999993,0.6937365527133637,0.27058823529411763
ensemble_avg_top3,0.9159999999999993,0.6937365527133637,0.27058823529411763
ensemble_avg_top3,0.9169999999999993,0.6914893617021276,0.2676470588235294
ensemble_avg_top3,0.9179999999999993,0.6914893617021276,0.2676470588235294
ensemble_avg_top3,0.9189999999999993,0.6913698302653598,0.26323529411764707
ensemble_avg_top3,0.9199999999999993,0.6891226392541239,0.26029411764705884
ensemble_avg_top3,0.9209999999999993,0.689003107817356,0.25588235294117645
ensemble_avg_top3,0.9219999999999993,0.6878795123117379,0.25441176470588234
ensemble_avg_top3,0.9229999999999993,0.6845087257948841,0.25
ensemble_avg_top3,0.9239999999999993,0.6811379392780301,0.24558823529411763
ensemble_avg_top3,0.9249999999999993,0.6811379392780301,0.24558823529411763
ensemble_avg_top3,0.9259999999999993,0.6811379392780301,0.24558823529411763
ensemble_avg_top3,0.9269999999999993,0.6777671527611762,0.2411764705882353
ensemble_avg_top3,0.9279999999999993,0.6732727707387043,0.23529411764705882
ensemble_avg_top3,0.9289999999999993,0.6710255797274683,0.2323529411764706
ensemble_avg_top3,0.9299999999999993,0.6699019842218503,0.23088235294117648
ensemble_avg_top3,0.9309999999999993,0.6699019842218503,0.23088235294117648
ensemble_avg_top3,0.9319999999999993,0.6676547932106144,0.22794117647058823
ensemble_avg_top3,0.9329999999999992,0.6654076021993784,0.225
ensemble_avg_top3,0.9339999999999992,0.6631604111881425,0.22205882352941175
ensemble_avg_top3,0.9349999999999992,0.6620368156825245,0.22058823529411764
ensemble_avg_top3,0.9359999999999992,0.6541716471431986,0.21029411764705883
ensemble_avg_top3,0.9369999999999992,0.6530480516375807,0.2088235294117647
ensemble_avg_top3,0.9379999999999992,0.6529285202008128,0.20441176470588235
ensemble_avg_top3,0.9389999999999992,0.6506813291895769,0.20147058823529412
ensemble_avg_top3,0.9399999999999992,0.6461869471671049,0.19558823529411765
ensemble_avg_top3,0.9409999999999992,0.6383217786277791,0.18529411764705883
ensemble_avg_top3,0.9419999999999992,0.6349509921109252,0.18088235294117647
ensemble_avg_top3,0.9429999999999992,0.6282094190772173,0.17205882352941176
ensemble_avg_top3,0.9439999999999992,0.6248386325603634,0.1676470588235294
ensemble_avg_top3,0.9449999999999992,0.6225914415491274,0.16470588235294117
ensemble_avg_top3,0.9459999999999992,0.6203442505378914,0.16176470588235295
ensemble_avg_top3,0.9469999999999992,0.6192206550322735,0.16029411764705884
ensemble_avg_top3,0.9479999999999992,0.6180970595266555,0.1588235294117647
ensemble_avg_top3,0.9489999999999992,0.6147262730098015,0.15441176470588236
ensemble_avg_top3,0.9499999999999992,0.6078651685393258,0.1411764705882353
ensemble_avg_top3,0.9509999999999992,0.6078651685393258,0.1411764705882353
ensemble_avg_top3,0.9519999999999992,0.604494382022472,0.13676470588235295
ensemble_avg_top3,0.9529999999999992,0.6022471910112359,0.1338235294117647
ensemble_avg_top3,0.9539999999999992,0.597752808988764,0.12794117647058822
ensemble_avg_top3,0.9549999999999992,0.5943820224719101,0.12352941176470589
ensemble_avg_top3,0.9559999999999992,0.5898876404494382,0.11764705882352941
ensemble_avg_top3,0.9569999999999992,0.5853932584269663,0.11176470588235295
ensemble_avg_top3,0.9579999999999992,0.5808988764044943,0.10588235294117647
ensemble_avg_top3,0.9589999999999992,0.5741573033707865,0.09705882352941177
ensemble_avg_top3,0.9599999999999992,0.5674157303370786,0.08823529411764706
ensemble_avg_top3,0.9609999999999992,0.5640449438202247,0.0838235294117647
ensemble_avg_top3,0.9619999999999992,0.5629213483146067,0.08235294117647059
ensemble_avg_top3,0.9629999999999992,0.5561797752808989,0.07352941176470588
ensemble_avg_top3,0.9639999999999992,0.5550561797752809,0.07205882352941176
ensemble_avg_top3,0.9649999999999992,0.550561797752809,0.0661764705882353
ensemble_avg_top3,0.9659999999999992,0.547191011235955,0.061764705882352944
ensemble_avg_top3,0.9669999999999992,0.5438202247191011,0.057352941176470586
ensemble_avg_top3,0.9679999999999992,0.5382022471910113,0.05
ensemble_avg_top3,0.9689999999999992,0.5325842696629214,0.04264705882352941
ensemble_avg_top3,0.9699999999999992,0.5314606741573034,0.041176470588235294
ensemble_avg_top3,0.9709999999999992,0.5247191011235955,0.03235294117647059
ensemble_avg_top3,0.9719999999999992,0.5191011235955056,0.025
ensemble_avg_top3,0.9729999999999992,0.5179775280898876,0.023529411764705882
ensemble_avg_top3,0.9739999999999992,0.5157303370786517,0.020588235294117647
ensemble_avg_top3,0.9749999999999992,0.5146067415730337,0.01911764705882353
ensemble_avg_top3,0.9759999999999992,0.5134831460674157,0.01764705882352941
ensemble_avg_top3,0.9769999999999992,0.5134831460674157,0.01764705882352941
ensemble_avg_top3,0.9779999999999992,0.5112359550561798,0.014705882352941176
ensemble_avg_top3,0.9789999999999992,0.5112359550561798,0.014705882352941176
ensemble_avg_top3,0.9799999999999992,0.5078651685393258,0.010294117647058823
ensemble_avg_top3,0.9809999999999992,0.5067415730337078,0.008823529411764706
ensemble_avg_top3,0.9819999999999992,0.5056179775280899,0.007352941176470588
ensemble_avg_top3,0.9829999999999992,0.5056179775280899,0.007352941176470588
ensemble_avg_top3,0.9839999999999992,0.5044943820224719,0.0058823529411764705
ensemble_avg_top3,0.9849999999999992,0.5022471910112359,0.0029411764705882353
ensemble_avg_top3,0.9859999999999992,0.501123595505618,0.0014705882352941176
ensemble_avg_top3,0.9869999999999992,0.501123595505618,0.0014705882352941176
ensemble_avg_top3,0.9879999999999992,0.501123595505618,0.0014705882352941176
ensemble_avg_top3,0.9889999999999992,0.501123595505618,0.0014705882352941176
ensemble_avg_top3,0.9899999999999992,0.5,0.0
ensemble_stacking_lr,0.01,0.5,1.0
ensemble_stacking_lr,0.011,0.5,1.0
ensemble_stacking_lr,0.011999999999999999,0.5,1.0
ensemble_stacking_lr,0.012999999999999998,0.5,1.0
ensemble_stacking_lr,0.013999999999999997,0.5,1.0
ensemble_stacking_lr,0.014999999999999996,0.5,1.0
ensemble_stacking_lr,0.015999999999999993,0.5,1.0
ensemble_stacking_lr,0.016999999999999994,0.5,1.0
ensemble_stacking_lr,0.017999999999999995,0.5,1.0
ensemble_stacking_lr,0.018999999999999993,0.5,1.0
ensemble_stacking_lr,0.01999999999999999,0.5,1.0
ensemble_stacking_lr,0.02099999999999999,0.5,1.0
ensemble_stacking_lr,0.021999999999999992,0.5,1.0
ensemble_stacking_lr,0.02299999999999999,0.5,1.0
ensemble_stacking_lr,0.023999999999999987,0.5,1.0
ensemble_stacking_lr,0.024999999999999988,0.5,1.0
ensemble_stacking_lr,0.02599999999999999,0.5,1.0
ensemble_stacking_lr,0.026999999999999986,0.5,1.0
ensemble_stacking_lr,0.027999999999999983,0.5,1.0
ensemble_stacking_lr,0.028999999999999984,0.5,1.0
ensemble_stacking_lr,0.029999999999999985,0.5,1.0
ensemble_stacking_lr,0.030999999999999982,0.5,1.0
ensemble_stacking_lr,0.03199999999999998,0.5,1.0
ensemble_stacking_lr,0.03299999999999998,0.5,1.0
ensemble_stacking_lr,0.03399999999999998,0.5,1.0
ensemble_stacking_lr,0.034999999999999976,0.5,1.0
ensemble_stacking_lr,0.035999999999999976,0.5,1.0
ensemble_stacking_lr,0.03699999999999998,0.5,1.0
ensemble_stacking_lr,0.03799999999999998,0.5,1.0
ensemble_stacking_lr,0.03899999999999998,0.5,1.0
ensemble_stacking_lr,0.03999999999999997,0.5,1.0
ensemble_stacking_lr,0.040999999999999974,0.5,1.0
ensemble_stacking_lr,0.041999999999999975,0.5,1.0
ensemble_stacking_lr,0.04299999999999997,0.5,1.0
ensemble_stacking_lr,0.04399999999999997,0.5,1.0
ensemble_stacking_lr,0.04499999999999997,0.5,1.0
ensemble_stacking_lr,0.04599999999999997,0.5,1.0
ensemble_stacking_lr,0.04699999999999997,0.5,1.0
ensemble_stacking_lr,0.047999999999999966,0.5,1.0
ensemble_stacking_lr,0.04899999999999997,0.5,1.0
ensemble_stacking_lr,0.04999999999999997,0.5,1.0
ensemble_stacking_lr,0.05099999999999996,0.5,1.0
ensemble_stacking_lr,0.05199999999999996,0.5,1.0
ensemble_stacking_lr,0.052999999999999964,0.5,1.0
ensemble_stacking_lr,0.053999999999999965,0.5,1.0
ensemble_stacking_lr,0.054999999999999966,0.5,1.0
ensemble_stacking_lr,0.05599999999999996,0.5,1.0
ensemble_stacking_lr,0.05699999999999996,0.5,1.0
ensemble_stacking_lr,0.05799999999999996,0.5,1.0
ensemble_stacking_lr,0.058999999999999955,0.5,1.0
ensemble_stacking_lr,0.059999999999999956,0.5,1.0
ensemble_stacking_lr,0.06099999999999996,0.5,1.0
ensemble_stacking_lr,0.06199999999999996,0.5,1.0
ensemble_stacking_lr,0.06299999999999996,0.5,1.0
ensemble_stacking_lr,0.06399999999999996,0.5,1.0
ensemble_stacking_lr,0.06499999999999995,0.5,1.0
ensemble_stacking_lr,0.06599999999999995,0.5,1.0
ensemble_stacking_lr,0.06699999999999995,0.5,1.0
ensemble_stacking_lr,0.06799999999999995,0.5,1.0
ensemble_stacking_lr,0.06899999999999995,0.5,1.0
ensemble_stacking_lr,0.06999999999999995,0.5,1.0
ensemble_stacking_lr,0.07099999999999995,0.5,1.0
ensemble_stacking_lr,0.07199999999999995,0.5,1.0
ensemble_stacking_lr,0.07299999999999995,0.5,1.0
ensemble_stacking_lr,0.07399999999999994,0.5,1.0
ensemble_stacking_lr,0.07499999999999994,0.5,1.0
ensemble_stacking_lr,0.07599999999999994,0.5,1.0
ensemble_stacking_lr,0.07699999999999994,0.5,1.0
ensemble_stacking_lr,0.07799999999999994,0.5,1.0
ensemble_stacking_lr,0.07899999999999995,0.5,1.0
ensemble_stacking_lr,0.07999999999999995,0.502127659574468,0.9985294117647059
ensemble_stacking_lr,0.08099999999999993,0.502127659574468,0.9985294117647059
ensemble_stacking_lr,0.08199999999999993,0.502127659574468,0.9985294117647059
ensemble_stacking_lr,0.08299999999999993,0.502127659574468,0.9985294117647059
ensemble_stacking_lr,0.08399999999999994,0.502127659574468,0.9985294117647059
ensemble_stacking_lr,0.08499999999999994,0.502127659574468,0.9985294117647059
ensemble_stacking_lr,0.08599999999999994,0.502127659574468,0.9985294117647059
ensemble_stacking_lr,0.08699999999999994,0.502127659574468,0.9985294117647059
ensemble_stacking_lr,0.08799999999999994,0.502127659574468,0.9985294117647059
ensemble_stacking_lr,0.08899999999999994,0.502127659574468,0.9985294117647059
ensemble_stacking_lr,0.08999999999999993,0.502127659574468,0.9985294117647059
ensemble_stacking_lr,0.09099999999999993,0.502127659574468,0.9985294117647059
ensemble_stacking_lr,0.09199999999999993,0.502127659574468,0.9985294117647059
ensemble_stacking_lr,0.09299999999999993,0.502127659574468,0.9985294117647059
ensemble_stacking_lr,0.09399999999999993,0.502127659574468,0.9985294117647059
ensemble_stacking_lr,0.09499999999999993,0.502127659574468,0.9985294117647059
ensemble_stacking_lr,0.09599999999999993,0.502127659574468,0.9985294117647059
ensemble_stacking_lr,0.09699999999999992,0.502127659574468,0.9985294117647059
ensemble_stacking_lr,0.09799999999999992,0.502127659574468,0.9985294117647059
ensemble_stacking_lr,0.09899999999999992,0.502127659574468,0.9985294117647059
ensemble_stacking_lr,0.09999999999999992,0.5042553191489362,0.9970588235294118
ensemble_stacking_lr,0.10099999999999992,0.5042553191489362,0.9970588235294118
ensemble_stacking_lr,0.10199999999999992,0.5042553191489362,0.9970588235294118
ensemble_stacking_lr,0.10299999999999992,0.5042553191489362,0.9970588235294118
ensemble_stacking_lr,0.10399999999999993,0.5042553191489362,0.9970588235294118
ensemble_stacking_lr,0.10499999999999993,0.5042553191489362,0.9970588235294118
ensemble_stacking_lr,0.10599999999999991,0.5042553191489362,0.9970588235294118
ensemble_stacking_lr,0.10699999999999991,0.5031317236433182,0.9955882352941177
ensemble_stacking_lr,0.10799999999999992,0.5031317236433182,0.9955882352941177
ensemble_stacking_lr,0.10899999999999992,0.5031317236433182,0.9955882352941177
ensemble_stacking_lr,0.10999999999999992,0.5031317236433182,0.9955882352941177
ensemble_stacking_lr,0.11099999999999992,0.5031317236433182,0.9955882352941177
ensemble_stacking_lr,0.11199999999999992,0.5031317236433182,0.9955882352941177
ensemble_stacking_lr,0.1129999999999999,0.5031317236433182,0.9955882352941177
ensemble_stacking_lr,0.11399999999999991,0.5031317236433182,0.9955882352941177
ensemble_stacking_lr,0.11499999999999991,0.5031317236433182,0.9955882352941177
ensemble_stacking_lr,0.11599999999999991,0.5031317236433182,0.9955882352941177
ensemble_stacking_lr,0.11699999999999991,0.5031317236433182,0.9955882352941177
ensemble_stacking_lr,0.11799999999999991,0.5031317236433182,0.9955882352941177
ensemble_stacking_lr,0.11899999999999991,0.5031317236433182,0.9955882352941177
ensemble_stacking_lr,0.11999999999999991,0.5031317236433182,0.9955882352941177
ensemble_stacking_lr,0.12099999999999991,0.5031317236433182,0.9955882352941177
ensemble_stacking_lr,0.1219999999999999,0.5031317236433182,0.9955882352941177
ensemble_stacking_lr,0.1229999999999999,0.5031317236433182,0.9955882352941177
ensemble_stacking_lr,0.1239999999999999,0.5031317236433182,0.9955882352941177
ensemble_stacking_lr,0.1249999999999999,0.5031317236433182,0.9955882352941177
ensemble_stacking_lr,0.1259999999999999,0.5031317236433182,0.9955882352941177
ensemble_stacking_lr,0.1269999999999999,0.5031317236433182,0.9955882352941177
ensemble_stacking_lr,0.1279999999999999,0.5031317236433182,0.9955882352941177
ensemble_stacking_lr,0.1289999999999999,0.5031317236433182,0.9955882352941177
ensemble_stacking_lr,0.1299999999999999,0.5031317236433182,0.9955882352941177
ensemble_stacking_lr,0.1309999999999999,0.5031317236433182,0.9955882352941177
ensemble_stacking_lr,0.1319999999999999,0.5031317236433182,0.9955882352941177
ensemble_stacking_lr,0.1329999999999999,0.5031317236433182,0.9955882352941177
ensemble_stacking_lr,0.1339999999999999,0.5052593832177863,0.9941176470588236
ensemble_stacking_lr,0.1349999999999999,0.5062634472866364,0.9911764705882353
ensemble_stacking_lr,0.1359999999999999,0.5062634472866364,0.9911764705882353
ensemble_stacking_lr,0.1369999999999999,0.5062634472866364,0.9911764705882353
ensemble_stacking_lr,0.1379999999999999,0.5083911068611044,0.9897058823529412
ensemble_stacking_lr,0.1389999999999999,0.5083911068611044,0.9897058823529412
ensemble_stacking_lr,0.1399999999999999,0.5083911068611044,0.9897058823529412
ensemble_stacking_lr,0.1409999999999999,0.5083911068611044,0.9897058823529412
ensemble_stacking_lr,0.14199999999999988,0.5083911068611044,0.9897058823529412
ensemble_stacking_lr,0.14299999999999988,0.5083911068611044,0.9897058823529412
ensemble_stacking_lr,0.14399999999999988,0.5083911068611044,0.9897058823529412
ensemble_stacking_lr,0.14499999999999988,0.5072675113554865,0.9882352941176471
ensemble_stacking_lr,0.14599999999999988,0.5072675113554865,0.9882352941176471
ensemble_stacking_lr,0.14699999999999988,0.5072675113554865,0.9882352941176471
ensemble_stacking_lr,0.14799999999999988,0.5103992349988047,0.9838235294117647
ensemble_stacking_lr,0.14899999999999988,0.5103992349988047,0.9838235294117647
ensemble_stacking_lr,0.14999999999999988,0.5103992349988047,0.9838235294117647
ensemble_stacking_lr,0.15099999999999988,0.5103992349988047,0.9838235294117647
ensemble_stacking_lr,0.15199999999999989,0.5103992349988047,0.9838235294117647
ensemble_stacking_lr,0.15299999999999989,0.5114032990676548,0.9808823529411764
ensemble_stacking_lr,0.1539999999999999,0.5135309586421228,0.9794117647058823
ensemble_stacking_lr,0.1549999999999999,0.517786277791059,0.9764705882352941
ensemble_stacking_lr,0.1559999999999999,0.517786277791059,0.9764705882352941
ensemble_stacking_lr,0.15699999999999986,0.5199139373655272,0.975
ensemble_stacking_lr,0.15799999999999986,0.5220415969399952,0.9735294117647059
ensemble_stacking_lr,0.15899999999999986,0.5220415969399952,0.9735294117647059
ensemble_stacking_lr,0.15999999999999986,0.5241692565144633,0.9720588235294118
ensemble_stacking_lr,0.16099999999999987,0.5241692565144633,0.9720588235294118
ensemble_stacking_lr,0.16199999999999987,0.5241692565144633,0.9720588235294118
ensemble_stacking_lr,0.16299999999999987,0.5241692565144633,0.9720588235294118
ensemble_stacking_lr,0.16399999999999987,0.5262969160889314,0.9705882352941176
ensemble_stacking_lr,0.16499999999999987,0.5262969160889314,0.9705882352941176
ensemble_stacking_lr,0.16599999999999987,0.5305522352378675,0.9676470588235294
ensemble_stacking_lr,0.16699999999999987,0.5326798948123357,0.9661764705882353
ensemble_stacking_lr,0.16799999999999987,0.5348075543868037,0.9647058823529412
ensemble_stacking_lr,0.16899999999999987,0.5348075543868037,0.9647058823529412
ensemble_stacking_lr,0.16999999999999987,0.5348075543868037,0.9647058823529412
ensemble_stacking_lr,0.17099999999999987,0.5369352139612718,0.9632352941176471
ensemble_stacking_lr,0.17199999999999988,0.5390628735357399,0.961764705882353
ensemble_stacking_lr,0.17299999999999988,0.54006693760459,0.9588235294117647
ensemble_stacking_lr,0.17399999999999985,0.538943342098972,0.9573529411764706
ensemble_stacking_lr,0.17499999999999985,0.5410710016734401,0.9558823529411765
ensemble_stacking_lr,0.17599999999999985,0.5431986612479082,0.9544117647058824
ensemble_stacking_lr,0.17699999999999985,0.5431986612479082,0.9544117647058824
ensemble_stacking_lr,0.17799999999999985,0.5453263208223763,0.9529411764705882
ensemble_stacking_lr,0.17899999999999985,0.5453263208223763,0.9529411764705882
ensemble_stacking_lr,0.17999999999999985,0.5453263208223763,0.9529411764705882
ensemble_stacking_lr,0.18099999999999986,0.5453263208223763,0.9529411764705882
ensemble_stacking_lr,0.18199999999999986,0.5430791298111404,0.95
ensemble_stacking_lr,0.18299999999999986,0.5473344489600765,0.9470588235294117
ensemble_stacking_lr,0.18399999999999986,0.5462108534544585,0.9455882352941176
ensemble_stacking_lr,0.18499999999999986,0.5504661726033947,0.9426470588235294
ensemble_stacking_lr,0.18599999999999986,0.5525938321778627,0.9411764705882353
ensemble_stacking_lr,0.18699999999999986,0.5525938321778627,0.9411764705882353
ensemble_stacking_lr,0.18799999999999986,0.5547214917523309,0.9397058823529412
ensemble_stacking_lr,0.18899999999999983,0.5547214917523309,0.9397058823529412
ensemble_stacking_lr,0.18999999999999984,0.5568491513267989,0.9382352941176471
ensemble_stacking_lr,0.19099999999999984,0.5568491513267989,0.9382352941176471
ensemble_stacking_lr,0.19199999999999984,0.5568491513267989,0.9382352941176471
ensemble_stacking_lr,0.19299999999999984,0.555725555821181,0.9367647058823529
ensemble_stacking_lr,0.19399999999999984,0.5567296198900311,0.9338235294117647
ensemble_stacking_lr,0.19499999999999984,0.5556060243844131,0.9323529411764706
ensemble_stacking_lr,0.19599999999999984,0.5556060243844131,0.9323529411764706
ensemble_stacking_lr,0.19699999999999984,0.5577336839588811,0.9308823529411765
ensemble_stacking_lr,0.19799999999999984,0.5619890031078174,0.9279411764705883
ensemble_stacking_lr,0.19899999999999984,0.5651207267511356,0.9235294117647059
ensemble_stacking_lr,0.19999999999999984,0.5672483863256036,0.9220588235294118
ensemble_stacking_lr,0.20099999999999985,0.5693760459000717,0.9205882352941176
ensemble_stacking_lr,0.20199999999999985,0.5693760459000717,0.9205882352941176
ensemble_stacking_lr,0.20299999999999985,0.5715037054745398,0.9191176470588235
ensemble_stacking_lr,0.20399999999999985,0.5703801099689219,0.9176470588235294
ensemble_stacking_lr,0.20499999999999985,0.5681329189576858,0.9147058823529411
ensemble_stacking_lr,0.20599999999999982,0.572388238106622,0.9117647058823529
ensemble_stacking_lr,0.20699999999999982,0.572388238106622,0.9117647058823529
ensemble_stacking_lr,0.20799999999999982,0.5712646426010041,0.9102941176470588
ensemble_stacking_lr,0.20899999999999982,0.5733923021754721,0.9088235294117647
ensemble_stacking_lr,0.20999999999999983,0.5776476213244083,0.9058823529411765
ensemble_stacking_lr,0.21099999999999983,0.5786516853932584,0.9029411764705882
ensemble_stacking_lr,0.21199999999999983,0.5807793449677265,0.9014705882352941
ensemble_stacking_lr,0.21299999999999983,0.5871623236911307,0.8970588235294118
ensemble_stacking_lr,0.21399999999999983,0.5881663877599809,0.8941176470588236
ensemble_stacking_lr,0.21499999999999983,0.5966770260578532,0.888235294117647
ensemble_stacking_lr,0.21599999999999983,0.5955534305522352,0.8867647058823529
ensemble_stacking_lr,0.21699999999999983,0.5976810901267033,0.8852941176470588
ensemble_stacking_lr,0.21799999999999983,0.6008128137700215,0.8808823529411764
ensemble_stacking_lr,0.21899999999999983,0.6008128137700215,0.8808823529411764
ensemble_stacking_lr,0.21999999999999983,0.6050681329189577,0.8779411764705882
ensemble_stacking_lr,0.2209999999999998,0.6071957924934258,0.8764705882352941
ensemble_stacking_lr,0.2219999999999998,0.6071957924934258,0.8764705882352941
ensemble_stacking_lr,0.2229999999999998,0.610327516136744,0.8720588235294118
ensemble_stacking_lr,0.2239999999999998,0.610327516136744,0.8720588235294118
ensemble_stacking_lr,0.2249999999999998,0.610327516136744,0.8720588235294118
ensemble_stacking_lr,0.2259999999999998,0.6134592397800621,0.8676470588235294
ensemble_stacking_lr,0.2269999999999998,0.6155868993545303,0.8661764705882353
ensemble_stacking_lr,0.22799999999999981,0.6165909634233804,0.8632352941176471
ensemble_stacking_lr,0.22899999999999981,0.6165909634233804,0.8632352941176471
ensemble_stacking_lr,0.22999999999999982,0.6154673679177624,0.861764705882353
ensemble_stacking_lr,0.23099999999999982,0.6239780062156347,0.8558823529411764
ensemble_stacking_lr,0.23199999999999982,0.627109729858953,0.8514705882352941
ensemble_stacking_lr,0.23299999999999982,0.6291178579966532,0.8455882352941176
ensemble_stacking_lr,0.23399999999999982,0.6291178579966532,0.8455882352941176
ensemble_stacking_lr,0.23499999999999982,0.6333731771455893,0.8426470588235294
ensemble_stacking_lr,0.23599999999999982,0.6343772412144394,0.8397058823529412
ensemble_stacking_lr,0.23699999999999982,0.6353813052832895,0.836764705882353
ensemble_stacking_lr,0.2379999999999998,0.6320105187664355,0.8323529411764706
ensemble_stacking_lr,0.2389999999999998,0.6362658379153717,0.8294117647058824
ensemble_stacking_lr,0.2399999999999998,0.6383934974898399,0.8279411764705882
ensemble_stacking_lr,0.2409999999999998,0.6371503705474539,0.8220588235294117
ensemble_stacking_lr,0.2419999999999998,0.6392780301219221,0.8205882352941176
ensemble_stacking_lr,0.2429999999999998,0.6435333492708581,0.8176470588235294
ensemble_stacking_lr,0.2439999999999998,0.6435333492708581,0.8176470588235294
ensemble_stacking_lr,0.2449999999999998,0.6434138178340904,0.8132352941176471
ensemble_stacking_lr,0.2459999999999998,0.6455414774085584,0.8117647058823529
ensemble_stacking_lr,0.2469999999999998,0.6475496055462586,0.8058823529411765
ensemble_stacking_lr,0.2479999999999998,0.6464260100406407,0.8044117647058824
ensemble_stacking_lr,0.2489999999999998,0.6464260100406407,0.8044117647058824
ensemble_stacking_lr,0.2499999999999998,0.6474300741094908,0.8014705882352942
ensemble_stacking_lr,0.2509999999999998,0.6474300741094908,0.8014705882352942
ensemble_stacking_lr,0.2519999999999998,0.6463064786038728,0.8
ensemble_stacking_lr,0.2529999999999998,0.6451828830982549,0.7985294117647059
ensemble_stacking_lr,0.2539999999999998,0.6429356920870188,0.7955882352941176
ensemble_stacking_lr,0.2549999999999998,0.6429356920870188,0.7955882352941176
ensemble_stacking_lr,0.2559999999999998,0.645063351661487,0.7941176470588235
ensemble_stacking_lr,0.2569999999999998,0.6460674157303371,0.7911764705882353
ensemble_stacking_lr,0.2579999999999998,0.6460674157303371,0.7911764705882353
ensemble_stacking_lr,0.2589999999999998,0.6481950753048051,0.7897058823529411
ensemble_stacking_lr,0.2599999999999998,0.6480755438680372,0.7852941176470588
ensemble_stacking_lr,0.2609999999999998,0.6502032034425054,0.7838235294117647
ensemble_stacking_lr,0.2619999999999998,0.6490796079368873,0.7823529411764706
ensemble_stacking_lr,0.2629999999999998,0.6490796079368873,0.7823529411764706
ensemble_stacking_lr,0.2639999999999998,0.6512072675113555,0.7808823529411765
ensemble_stacking_lr,0.2649999999999998,0.6512072675113555,0.7808823529411765
ensemble_stacking_lr,0.2659999999999998,0.6554625866602917,0.7779411764705882
ensemble_stacking_lr,0.2669999999999998,0.6575902462347597,0.7764705882352941
ensemble_stacking_lr,0.2679999999999998,0.6618455653836959,0.7735294117647059
ensemble_stacking_lr,0.2689999999999998,0.660721969878078,0.7720588235294118
ensemble_stacking_lr,0.2699999999999998,0.6671049486014822,0.7676470588235295
ensemble_stacking_lr,0.2709999999999998,0.6669854171647143,0.763235294117647
ensemble_stacking_lr,0.2719999999999998,0.6733683958881186,0.7588235294117647
ensemble_stacking_lr,0.2729999999999998,0.6722448003825006,0.7573529411764706
ensemble_stacking_lr,0.2739999999999998,0.6722448003825006,0.7573529411764706
ensemble_stacking_lr,0.2749999999999998,0.6711212048768826,0.7558823529411764
ensemble_stacking_lr,0.2759999999999998,0.6711212048768826,0.7558823529411764
ensemble_stacking_lr,0.2769999999999998,0.6753765240258188,0.7529411764705882
ensemble_stacking_lr,0.27799999999999975,0.6753765240258188,0.7529411764705882
ensemble_stacking_lr,0.27899999999999975,0.6795123117379871,0.7455882352941177
ensemble_stacking_lr,0.27999999999999975,0.6858952904613913,0.7411764705882353
ensemble_stacking_lr,0.28099999999999975,0.6890270141047095,0.736764705882353
ensemble_stacking_lr,0.28199999999999975,0.6942863973224958,0.7308823529411764
ensemble_stacking_lr,0.28299999999999975,0.6931628018168778,0.7294117647058823
ensemble_stacking_lr,0.28399999999999975,0.699545780540282,0.725
ensemble_stacking_lr,0.28499999999999975,0.7004303131723644,0.7176470588235294
ensemble_stacking_lr,0.28599999999999975,0.7004303131723644,0.7176470588235294
ensemble_stacking_lr,0.28699999999999976,0.7014343772412144,0.7147058823529412
ensemble_stacking_lr,0.28799999999999976,0.7024384413100646,0.711764705882353
ensemble_stacking_lr,0.28899999999999976,0.7045661008845326,0.7102941176470589
ensemble_stacking_lr,0.28999999999999976,0.7066937604590007,0.7088235294117647
ensemble_stacking_lr,0.29099999999999976,0.7066937604590007,0.7088235294117647
ensemble_stacking_lr,0.29199999999999976,0.7066937604590007,0.7088235294117647
ensemble_stacking_lr,0.29299999999999976,0.7076978245278509,0.7058823529411765
ensemble_stacking_lr,0.29399999999999976,0.7098254841023189,0.7044117647058824
ensemble_stacking_lr,0.29499999999999976,0.7098254841023189,0.7044117647058824
ensemble_stacking_lr,0.29599999999999976,0.7098254841023189,0.7044117647058824
ensemble_stacking_lr,0.29699999999999976,0.7098254841023189,0.7044117647058824
ensemble_stacking_lr,0.29799999999999977,0.7129572077456371,0.7
ensemble_stacking_lr,0.29899999999999977,0.7129572077456371,0.7
ensemble_stacking_lr,0.29999999999999977,0.7160889313889554,0.6955882352941176
ensemble_stacking_lr,0.30099999999999977,0.7160889313889554,0.6955882352941176
ensemble_stacking_lr,0.30199999999999977,0.7170929954578054,0.6926470588235294
ensemble_stacking_lr,0.30299999999999977,0.7170929954578054,0.6926470588235294
ensemble_stacking_lr,0.30399999999999977,0.7192206550322735,0.6911764705882353
ensemble_stacking_lr,0.30499999999999977,0.7169734640210375,0.6882352941176471
ensemble_stacking_lr,0.30599999999999977,0.7158498685154195,0.6867647058823529
ensemble_stacking_lr,0.3069999999999998,0.7158498685154195,0.6867647058823529
ensemble_stacking_lr,0.3079999999999998,0.7179775280898877,0.6852941176470588
ensemble_stacking_lr,0.3089999999999997,0.7189815921587377,0.6823529411764706
ensemble_stacking_lr,0.3099999999999997,0.7178579966531198,0.6808823529411765
ensemble_stacking_lr,0.3109999999999997,0.7178579966531198,0.6808823529411765
ensemble_stacking_lr,0.3119999999999997,0.7178579966531198,0.6808823529411765
ensemble_stacking_lr,0.3129999999999997,0.7199856562275879,0.6794117647058824
ensemble_stacking_lr,0.3139999999999997,0.724240975376524,0.6764705882352942
ensemble_stacking_lr,0.3149999999999997,0.7263686349509921,0.675
ensemble_stacking_lr,0.3159999999999997,0.7263686349509921,0.675
ensemble_stacking_lr,0.3169999999999997,0.7306239540999283,0.6720588235294118
ensemble_stacking_lr,0.3179999999999997,0.7327516136743963,0.6705882352941176
ensemble_stacking_lr,0.31899999999999973,0.7327516136743963,0.6705882352941176
ensemble_stacking_lr,0.31999999999999973,0.7305044226631604,0.6676470588235294
ensemble_stacking_lr,0.32099999999999973,0.7347597418120966,0.6647058823529411
ensemble_stacking_lr,0.32199999999999973,0.7368874013865647,0.663235294117647
ensemble_stacking_lr,0.32299999999999973,0.7390150609610328,0.6617647058823529
ensemble_stacking_lr,0.32399999999999973,0.7390150609610328,0.6617647058823529
ensemble_stacking_lr,0.32499999999999973,0.7390150609610328,0.6617647058823529
ensemble_stacking_lr,0.32599999999999973,0.7390150609610328,0.6617647058823529
ensemble_stacking_lr,0.32699999999999974,0.7400191250298829,0.6588235294117647
ensemble_stacking_lr,0.32799999999999974,0.743150848673201,0.6544117647058824
ensemble_stacking_lr,0.32899999999999974,0.743150848673201,0.6544117647058824
ensemble_stacking_lr,0.32999999999999974,0.743150848673201,0.6544117647058824
ensemble_stacking_lr,0.33099999999999974,0.743150848673201,0.6544117647058824
ensemble_stacking_lr,0.33199999999999974,0.7462825723165192,0.65
ensemble_stacking_lr,0.33299999999999974,0.7462825723165192,0.65
ensemble_stacking_lr,0.33399999999999974,0.7484102318909873,0.6485294117647059
ensemble_stacking_lr,0.33499999999999974,0.7472866363853694,0.6470588235294118
ensemble_stacking_lr,0.33599999999999974,0.7482907004542194,0.6441176470588236
ensemble_stacking_lr,0.33699999999999974,0.7482907004542194,0.6441176470588236
ensemble_stacking_lr,0.33799999999999975,0.7482907004542194,0.6441176470588236
ensemble_stacking_lr,0.33899999999999975,0.7449199139373655,0.6397058823529411
ensemble_stacking_lr,0.33999999999999975,0.7459239780062157,0.6367647058823529
ensemble_stacking_lr,0.34099999999999975,0.7436767869949796,0.6338235294117647
ensemble_stacking_lr,0.3419999999999997,0.7446808510638299,0.6308823529411764
ensemble_stacking_lr,0.3429999999999997,0.7435572555582117,0.6294117647058823
ensemble_stacking_lr,0.3439999999999997,0.7424336600525938,0.6279411764705882
ensemble_stacking_lr,0.3449999999999997,0.7434377241214439,0.625
ensemble_stacking_lr,0.3459999999999997,0.744441788190294,0.6220588235294118
ensemble_stacking_lr,0.3469999999999997,0.744441788190294,0.6220588235294118
ensemble_stacking_lr,0.3479999999999997,0.744441788190294,0.6220588235294118
ensemble_stacking_lr,0.3489999999999997,0.744441788190294,0.6220588235294118
ensemble_stacking_lr,0.3499999999999997,0.744441788190294,0.6220588235294118
ensemble_stacking_lr,0.3509999999999997,0.744441788190294,0.6220588235294118
ensemble_stacking_lr,0.3519999999999997,0.7486971073392302,0.6191176470588236
ensemble_stacking_lr,0.3529999999999997,0.7508247669136983,0.6176470588235294
ensemble_stacking_lr,0.3539999999999997,0.7485775759024624,0.6147058823529412
ensemble_stacking_lr,0.3549999999999997,0.7474539803968444,0.6132352941176471
ensemble_stacking_lr,0.3559999999999997,0.7463303848912264,0.611764705882353
ensemble_stacking_lr,0.3569999999999997,0.7484580444656945,0.6102941176470589
ensemble_stacking_lr,0.3579999999999997,0.7505857040401626,0.6088235294117647
ensemble_stacking_lr,0.3589999999999997,0.7515897681090127,0.6058823529411764
ensemble_stacking_lr,0.3599999999999997,0.7504661726033948,0.6044117647058823
ensemble_stacking_lr,0.3609999999999997,0.7493425770977767,0.6029411764705882
ensemble_stacking_lr,0.3619999999999997,0.7535978962467129,0.6
ensemble_stacking_lr,0.3629999999999997,0.7546019603155629,0.5970588235294118
ensemble_stacking_lr,0.3639999999999997,0.753478364809945,0.5955882352941176
ensemble_stacking_lr,0.3649999999999997,0.752354769304327,0.5941176470588235
ensemble_stacking_lr,0.3659999999999997,0.751231173798709,0.5926470588235294
ensemble_stacking_lr,0.3669999999999997,0.751231173798709,0.5926470588235294
ensemble_stacking_lr,0.3679999999999997,0.751231173798709,0.5926470588235294
ensemble_stacking_lr,0.3689999999999997,0.751231173798709,0.5926470588235294
ensemble_stacking_lr,0.3699999999999997,0.751231173798709,0.5926470588235294
ensemble_stacking_lr,0.3709999999999997,0.751231173798709,0.5926470588235294
ensemble_stacking_lr,0.3719999999999997,0.751231173798709,0.5926470588235294
ensemble_stacking_lr,0.37299999999999967,0.7489839827874731,0.5897058823529412
ensemble_stacking_lr,0.37399999999999967,0.7511116423619412,0.5882352941176471
ensemble_stacking_lr,0.37499999999999967,0.7532393019364092,0.586764705882353
ensemble_stacking_lr,0.37599999999999967,0.7563710255797275,0.5823529411764706
ensemble_stacking_lr,0.37699999999999967,0.7563710255797275,0.5823529411764706
ensemble_stacking_lr,0.37799999999999967,0.7552474300741094,0.5808823529411765
ensemble_stacking_lr,0.37899999999999967,0.7552474300741094,0.5808823529411765
ensemble_stacking_lr,0.37999999999999967,0.7552474300741094,0.5808823529411765
ensemble_stacking_lr,0.3809999999999997,0.7541238345684915,0.5794117647058824
ensemble_stacking_lr,0.3819999999999997,0.7541238345684915,0.5794117647058824
ensemble_stacking_lr,0.3829999999999997,0.7551278986373415,0.5764705882352941
ensemble_stacking_lr,0.3839999999999997,0.7540043031317236,0.575
ensemble_stacking_lr,0.3849999999999997,0.7528807076261057,0.5735294117647058
ensemble_stacking_lr,0.3859999999999997,0.7528807076261057,0.5735294117647058
ensemble_stacking_lr,0.3869999999999997,0.7528807076261057,0.5735294117647058
ensemble_stacking_lr,0.3879999999999997,0.7538847716949557,0.5705882352941176
ensemble_stacking_lr,0.3889999999999997,0.7538847716949557,0.5705882352941176
ensemble_stacking_lr,0.3899999999999997,0.755892899832656,0.5647058823529412
ensemble_stacking_lr,0.3909999999999997,0.755892899832656,0.5647058823529412
ensemble_stacking_lr,0.3919999999999997,0.755892899832656,0.5647058823529412
ensemble_stacking_lr,0.3929999999999997,0.754769304327038,0.5632352941176471
ensemble_stacking_lr,0.3939999999999997,0.754769304327038,0.5632352941176471
ensemble_stacking_lr,0.3949999999999997,0.754769304327038,0.5632352941176471
ensemble_stacking_lr,0.3959999999999997,0.754769304327038,0.5632352941176471
ensemble_stacking_lr,0.3969999999999997,0.754769304327038,0.5632352941176471
ensemble_stacking_lr,0.3979999999999997,0.75364570882142,0.5617647058823529
ensemble_stacking_lr,0.3989999999999997,0.755773368395888,0.5602941176470588
ensemble_stacking_lr,0.3999999999999997,0.755773368395888,0.5602941176470588
ensemble_stacking_lr,0.4009999999999997,0.7535261773846522,0.5573529411764706
ensemble_stacking_lr,0.4019999999999997,0.7535261773846522,0.5573529411764706
ensemble_stacking_lr,0.4029999999999997,0.7524025818790342,0.5558823529411765
ensemble_stacking_lr,0.4039999999999997,0.7524025818790342,0.5558823529411765
ensemble_stacking_lr,0.4049999999999997,0.7524025818790342,0.5558823529411765
ensemble_stacking_lr,0.40599999999999964,0.7524025818790342,0.5558823529411765
ensemble_stacking_lr,0.40699999999999964,0.7524025818790342,0.5558823529411765
ensemble_stacking_lr,0.40799999999999964,0.7545302414535022,0.5544117647058824
ensemble_stacking_lr,0.40899999999999964,0.7545302414535022,0.5544117647058824
ensemble_stacking_lr,0.40999999999999964,0.7545302414535022,0.5544117647058824
ensemble_stacking_lr,0.41099999999999964,0.7545302414535022,0.5544117647058824
ensemble_stacking_lr,0.41199999999999964,0.7534066459478843,0.5529411764705883
ensemble_stacking_lr,0.41299999999999965,0.7555343055223525,0.5514705882352942
ensemble_stacking_lr,0.41399999999999965,0.7576619650968205,0.55
ensemble_stacking_lr,0.41499999999999965,0.7597896246712885,0.5485294117647059
ensemble_stacking_lr,0.41599999999999965,0.7586660291656706,0.5470588235294118
ensemble_stacking_lr,0.41699999999999965,0.7586660291656706,0.5470588235294118
ensemble_stacking_lr,0.41799999999999965,0.7629213483146068,0.5441176470588235
ensemble_stacking_lr,0.41899999999999965,0.7639254123834569,0.5411764705882353
ensemble_stacking_lr,0.41999999999999965,0.7649294764523069,0.538235294117647
ensemble_stacking_lr,0.42099999999999965,0.7649294764523069,0.538235294117647
ensemble_stacking_lr,0.42199999999999965,0.767057136026775,0.5367647058823529
ensemble_stacking_lr,0.42299999999999965,0.7691847956012431,0.5352941176470588
ensemble_stacking_lr,0.42399999999999965,0.7669376045900071,0.5323529411764706
ensemble_stacking_lr,0.42499999999999966,0.7646904135787712,0.5294117647058824
ensemble_stacking_lr,0.42599999999999966,0.7668180731532392,0.5279411764705882
ensemble_stacking_lr,0.42699999999999966,0.7668180731532392,0.5279411764705882
ensemble_stacking_lr,0.42799999999999966,0.7668180731532392,0.5279411764705882
ensemble_stacking_lr,0.42899999999999966,0.7668180731532392,0.5279411764705882
ensemble_stacking_lr,0.42999999999999966,0.7656944776476213,0.5264705882352941
ensemble_stacking_lr,0.43099999999999966,0.7656944776476213,0.5264705882352941
ensemble_stacking_lr,0.43199999999999966,0.7656944776476213,0.5264705882352941
ensemble_stacking_lr,0.43299999999999966,0.7656944776476213,0.5264705882352941
ensemble_stacking_lr,0.43399999999999966,0.7656944776476213,0.5264705882352941
ensemble_stacking_lr,0.43499999999999966,0.7645708821420033,0.525
ensemble_stacking_lr,0.43599999999999967,0.7645708821420033,0.525
ensemble_stacking_lr,0.4369999999999996,0.7634472866363853,0.5235294117647059
ensemble_stacking_lr,0.4379999999999996,0.7623236911307674,0.5220588235294118
ensemble_stacking_lr,0.4389999999999996,0.7623236911307674,0.5220588235294118
ensemble_stacking_lr,0.4399999999999996,0.7644513507052355,0.5205882352941177
ensemble_stacking_lr,0.4409999999999996,0.7633277551996175,0.5191176470588236
ensemble_stacking_lr,0.4419999999999996,0.7622041596939995,0.5176470588235295
ensemble_stacking_lr,0.4429999999999996,0.7622041596939995,0.5176470588235295
ensemble_stacking_lr,0.4439999999999996,0.7622041596939995,0.5176470588235295
ensemble_stacking_lr,0.4449999999999996,0.7610805641883815,0.5161764705882353
ensemble_stacking_lr,0.4459999999999996,0.7620846282572317,0.513235294117647
ensemble_stacking_lr,0.4469999999999996,0.7620846282572317,0.513235294117647
ensemble_stacking_lr,0.4479999999999996,0.7620846282572317,0.513235294117647
ensemble_stacking_lr,0.4489999999999996,0.7620846282572317,0.513235294117647
ensemble_stacking_lr,0.4499999999999996,0.7620846282572317,0.513235294117647
ensemble_stacking_lr,0.4509999999999996,0.7642122878316997,0.5117647058823529
ensemble_stacking_lr,0.4519999999999996,0.7630886923260818,0.5102941176470588
ensemble_stacking_lr,0.4529999999999996,0.7640927563949318,0.5073529411764706
ensemble_stacking_lr,0.4539999999999996,0.7683480755438681,0.5044117647058823
ensemble_stacking_lr,0.4549999999999996,0.7672244800382501,0.5029411764705882
ensemble_stacking_lr,0.45599999999999963,0.7672244800382501,0.5029411764705882
ensemble_stacking_lr,0.45699999999999963,0.766100884532632,0.5014705882352941
ensemble_stacking_lr,0.45799999999999963,0.7638536935213962,0.4985294117647059
ensemble_stacking_lr,0.45899999999999963,0.7638536935213962,0.4985294117647059
ensemble_stacking_lr,0.45999999999999963,0.7659813530958642,0.4970588235294118
ensemble_stacking_lr,0.46099999999999963,0.7659813530958642,0.4970588235294118
ensemble_stacking_lr,0.46199999999999963,0.7691130767391824,0.49264705882352944
ensemble_stacking_lr,0.46299999999999963,0.7691130767391824,0.49264705882352944
ensemble_stacking_lr,0.46399999999999963,0.7691130767391824,0.49264705882352944
ensemble_stacking_lr,0.46499999999999964,0.7691130767391824,0.49264705882352944
ensemble_stacking_lr,0.46599999999999964,0.7679894812335644,0.49117647058823527
ensemble_stacking_lr,0.46699999999999964,0.7679894812335644,0.49117647058823527
ensemble_stacking_lr,0.46799999999999964,0.7668658857279465,0.48970588235294116
ensemble_stacking_lr,0.46899999999999964,0.7668658857279465,0.48970588235294116
ensemble_stacking_lr,0.4699999999999996,0.7668658857279465,0.48970588235294116
ensemble_stacking_lr,0.4709999999999996,0.7668658857279465,0.48970588235294116
ensemble_stacking_lr,0.4719999999999996,0.7689935453024146,0.48823529411764705
ensemble_stacking_lr,0.4729999999999996,0.7699976093712646,0.4852941176470588
ensemble_stacking_lr,0.4739999999999996,0.7699976093712646,0.4852941176470588
ensemble_stacking_lr,0.4749999999999996,0.7699976093712646,0.4852941176470588
ensemble_stacking_lr,0.4759999999999996,0.7721252689457327,0.4838235294117647
ensemble_stacking_lr,0.4769999999999996,0.7721252689457327,0.4838235294117647
ensemble_stacking_lr,0.4779999999999996,0.7731293330145829,0.4808823529411765
ensemble_stacking_lr,0.4789999999999996,0.7720057375089648,0.47941176470588237
ensemble_stacking_lr,0.4799999999999996,0.7720057375089648,0.47941176470588237
ensemble_stacking_lr,0.4809999999999996,0.7720057375089648,0.47941176470588237
ensemble_stacking_lr,0.4819999999999996,0.7720057375089648,0.47941176470588237
ensemble_stacking_lr,0.4829999999999996,0.7720057375089648,0.47941176470588237
ensemble_stacking_lr,0.4839999999999996,0.7708821420033469,0.47794117647058826
ensemble_stacking_lr,0.4849999999999996,0.7708821420033469,0.47794117647058826
ensemble_stacking_lr,0.4859999999999996,0.7708821420033469,0.47794117647058826
ensemble_stacking_lr,0.4869999999999996,0.7708821420033469,0.47794117647058826
ensemble_stacking_lr,0.4879999999999996,0.7730098015778151,0.4764705882352941
ensemble_stacking_lr,0.4889999999999996,0.7730098015778151,0.4764705882352941
ensemble_stacking_lr,0.4899999999999996,0.775137461152283,0.475
ensemble_stacking_lr,0.4909999999999996,0.7740138656466651,0.47352941176470587
ensemble_stacking_lr,0.4919999999999996,0.7740138656466651,0.47352941176470587
ensemble_stacking_lr,0.4929999999999996,0.7740138656466651,0.47352941176470587
ensemble_stacking_lr,0.4939999999999996,0.772890270141047,0.47205882352941175
ensemble_stacking_lr,0.4949999999999996,0.772890270141047,0.47205882352941175
ensemble_stacking_lr,0.4959999999999996,0.772890270141047,0.47205882352941175
ensemble_stacking_lr,0.4969999999999996,0.772890270141047,0.47205882352941175
ensemble_stacking_lr,0.4979999999999996,0.772890270141047,0.47205882352941175
ensemble_stacking_lr,0.4989999999999996,0.772890270141047,0.47205882352941175
ensemble_stacking_lr,0.4999999999999996,0.771766674635429,0.47058823529411764
ensemble_stacking_lr,0.5009999999999996,0.771766674635429,0.47058823529411764
ensemble_stacking_lr,0.5019999999999996,0.771766674635429,0.47058823529411764
ensemble_stacking_lr,0.5029999999999996,0.771766674635429,0.47058823529411764
ensemble_stacking_lr,0.5039999999999996,0.771766674635429,0.47058823529411764
ensemble_stacking_lr,0.5049999999999996,0.771766674635429,0.47058823529411764
ensemble_stacking_lr,0.5059999999999996,0.771766674635429,0.47058823529411764
ensemble_stacking_lr,0.5069999999999996,0.7706430791298111,0.46911764705882353
ensemble_stacking_lr,0.5079999999999996,0.7706430791298111,0.46911764705882353
ensemble_stacking_lr,0.5089999999999996,0.7695194836241932,0.4676470588235294
ensemble_stacking_lr,0.5099999999999996,0.7695194836241932,0.4676470588235294
ensemble_stacking_lr,0.5109999999999996,0.7695194836241932,0.4676470588235294
ensemble_stacking_lr,0.5119999999999996,0.7683958881185752,0.4661764705882353
ensemble_stacking_lr,0.5129999999999996,0.7683958881185752,0.4661764705882353
ensemble_stacking_lr,0.5139999999999996,0.7683958881185752,0.4661764705882353
ensemble_stacking_lr,0.5149999999999996,0.7672722926129572,0.4647058823529412
ensemble_stacking_lr,0.5159999999999996,0.7672722926129572,0.4647058823529412
ensemble_stacking_lr,0.5169999999999996,0.7661486971073392,0.4632352941176471
ensemble_stacking_lr,0.5179999999999996,0.7650251016017212,0.46176470588235297
ensemble_stacking_lr,0.5189999999999996,0.7650251016017212,0.46176470588235297
ensemble_stacking_lr,0.5199999999999996,0.7650251016017212,0.46176470588235297
ensemble_stacking_lr,0.5209999999999996,0.7627779105904853,0.4588235294117647
ensemble_stacking_lr,0.5219999999999996,0.7670332297394215,0.45588235294117646
ensemble_stacking_lr,0.5229999999999996,0.7670332297394215,0.45588235294117646
ensemble_stacking_lr,0.5239999999999996,0.7670332297394215,0.45588235294117646
ensemble_stacking_lr,0.5249999999999996,0.7659096342338034,0.45441176470588235
ensemble_stacking_lr,0.5259999999999996,0.7659096342338034,0.45441176470588235
ensemble_stacking_lr,0.5269999999999996,0.7659096342338034,0.45441176470588235
ensemble_stacking_lr,0.5279999999999996,0.7659096342338034,0.45441176470588235
ensemble_stacking_lr,0.5289999999999996,0.7659096342338034,0.45441176470588235
ensemble_stacking_lr,0.5299999999999996,0.7659096342338034,0.45441176470588235
ensemble_stacking_lr,0.5309999999999996,0.7659096342338034,0.45441176470588235
ensemble_stacking_lr,0.5319999999999996,0.7659096342338034,0.45441176470588235
ensemble_stacking_lr,0.5329999999999996,0.7659096342338034,0.45441176470588235
ensemble_stacking_lr,0.5339999999999996,0.7659096342338034,0.45441176470588235
ensemble_stacking_lr,0.5349999999999996,0.7659096342338034,0.45441176470588235
ensemble_stacking_lr,0.5359999999999996,0.7680372938082716,0.45294117647058824
ensemble_stacking_lr,0.5369999999999996,0.7680372938082716,0.45294117647058824
ensemble_stacking_lr,0.5379999999999996,0.7680372938082716,0.45294117647058824
ensemble_stacking_lr,0.5389999999999996,0.7701649533827397,0.4514705882352941
ensemble_stacking_lr,0.5399999999999996,0.7701649533827397,0.4514705882352941
ensemble_stacking_lr,0.5409999999999996,0.7701649533827397,0.4514705882352941
ensemble_stacking_lr,0.5419999999999996,0.7701649533827397,0.4514705882352941
ensemble_stacking_lr,0.5429999999999996,0.7701649533827397,0.4514705882352941
ensemble_stacking_lr,0.5439999999999996,0.7701649533827397,0.4514705882352941
ensemble_stacking_lr,0.5449999999999996,0.7701649533827397,0.4514705882352941
ensemble_stacking_lr,0.5459999999999996,0.7701649533827397,0.4514705882352941
ensemble_stacking_lr,0.5469999999999996,0.7701649533827397,0.4514705882352941
ensemble_stacking_lr,0.5479999999999996,0.7690413578771217,0.45
ensemble_stacking_lr,0.5489999999999995,0.7690413578771217,0.45
ensemble_stacking_lr,0.5499999999999995,0.7711690174515897,0.4485294117647059
ensemble_stacking_lr,0.5509999999999995,0.7711690174515897,0.4485294117647059
ensemble_stacking_lr,0.5519999999999995,0.775424336600526,0.4455882352941177
ensemble_stacking_lr,0.5529999999999995,0.775424336600526,0.4455882352941177
ensemble_stacking_lr,0.5539999999999995,0.7743007410949079,0.4441176470588235
ensemble_stacking_lr,0.5549999999999995,0.7743007410949079,0.4441176470588235
ensemble_stacking_lr,0.5559999999999995,0.7743007410949079,0.4441176470588235
ensemble_stacking_lr,0.5569999999999995,0.77317714558929,0.4426470588235294
ensemble_stacking_lr,0.5579999999999995,0.77317714558929,0.4426470588235294
ensemble_stacking_lr,0.5589999999999995,0.77317714558929,0.4426470588235294
ensemble_stacking_lr,0.5599999999999995,0.77317714558929,0.4426470588235294
ensemble_stacking_lr,0.5609999999999995,0.77317714558929,0.4426470588235294
ensemble_stacking_lr,0.5619999999999995,0.77317714558929,0.4426470588235294
ensemble_stacking_lr,0.5629999999999995,0.77317714558929,0.4426470588235294
ensemble_stacking_lr,0.5639999999999995,0.7753048051637581,0.4411764705882353
ensemble_stacking_lr,0.5649999999999995,0.7753048051637581,0.4411764705882353
ensemble_stacking_lr,0.5659999999999995,0.7753048051637581,0.4411764705882353
ensemble_stacking_lr,0.5669999999999995,0.7753048051637581,0.4411764705882353
ensemble_stacking_lr,0.5679999999999995,0.7753048051637581,0.4411764705882353
ensemble_stacking_lr,0.5689999999999995,0.7753048051637581,0.4411764705882353
ensemble_stacking_lr,0.5699999999999995,0.7753048051637581,0.4411764705882353
ensemble_stacking_lr,0.5709999999999995,0.7741812096581401,0.43970588235294117
ensemble_stacking_lr,0.5719999999999995,0.7763088692326081,0.43823529411764706
ensemble_stacking_lr,0.5729999999999995,0.7763088692326081,0.43823529411764706
ensemble_stacking_lr,0.5739999999999995,0.7763088692326081,0.43823529411764706
ensemble_stacking_lr,0.5749999999999995,0.7751852737269902,0.43676470588235294
ensemble_stacking_lr,0.5759999999999995,0.7751852737269902,0.43676470588235294
ensemble_stacking_lr,0.5769999999999995,0.7751852737269902,0.43676470588235294
ensemble_stacking_lr,0.5779999999999995,0.7773129333014583,0.43529411764705883
ensemble_stacking_lr,0.5789999999999995,0.7761893377958403,0.4338235294117647
ensemble_stacking_lr,0.5799999999999995,0.7783169973703083,0.4323529411764706
ensemble_stacking_lr,0.5809999999999995,0.7783169973703083,0.4323529411764706
ensemble_stacking_lr,0.5819999999999995,0.7783169973703083,0.4323529411764706
ensemble_stacking_lr,0.5829999999999995,0.7783169973703083,0.4323529411764706
ensemble_stacking_lr,0.5839999999999995,0.7783169973703083,0.4323529411764706
ensemble_stacking_lr,0.5849999999999995,0.7783169973703083,0.4323529411764706
ensemble_stacking_lr,0.5859999999999995,0.7771934018646904,0.4308823529411765
ensemble_stacking_lr,0.5869999999999995,0.7760698063590725,0.4294117647058823
ensemble_stacking_lr,0.5879999999999995,0.7760698063590725,0.4294117647058823
ensemble_stacking_lr,0.5889999999999995,0.7749462108534544,0.4279411764705882
ensemble_stacking_lr,0.5899999999999995,0.7749462108534544,0.4279411764705882
ensemble_stacking_lr,0.5909999999999995,0.7738226153478365,0.4264705882352941
ensemble_stacking_lr,0.5919999999999995,0.7748266794166866,0.4235294117647059
ensemble_stacking_lr,0.5929999999999995,0.7748266794166866,0.4235294117647059
ensemble_stacking_lr,0.5939999999999995,0.7737030839110686,0.42205882352941176
ensemble_stacking_lr,0.5949999999999995,0.7737030839110686,0.42205882352941176
ensemble_stacking_lr,0.5959999999999995,0.7737030839110686,0.42205882352941176
ensemble_stacking_lr,0.5969999999999995,0.7737030839110686,0.42205882352941176
ensemble_stacking_lr,0.5979999999999995,0.7737030839110686,0.42205882352941176
ensemble_stacking_lr,0.5989999999999995,0.7737030839110686,0.42205882352941176
ensemble_stacking_lr,0.5999999999999995,0.7737030839110686,0.42205882352941176
ensemble_stacking_lr,0.6009999999999995,0.7725794884054507,0.42058823529411765
ensemble_stacking_lr,0.6019999999999995,0.7725794884054507,0.42058823529411765
ensemble_stacking_lr,0.6029999999999995,0.7725794884054507,0.42058823529411765
ensemble_stacking_lr,0.6039999999999995,0.7725794884054507,0.42058823529411765
ensemble_stacking_lr,0.6049999999999995,0.7714558928998327,0.41911764705882354
ensemble_stacking_lr,0.6059999999999995,0.7714558928998327,0.41911764705882354
ensemble_stacking_lr,0.6069999999999995,0.7735835524743008,0.4176470588235294
ensemble_stacking_lr,0.6079999999999995,0.7735835524743008,0.4176470588235294
ensemble_stacking_lr,0.6089999999999995,0.7735835524743008,0.4176470588235294
ensemble_stacking_lr,0.6099999999999995,0.7724599569686827,0.4161764705882353
ensemble_stacking_lr,0.6109999999999995,0.7745876165431509,0.4147058823529412
ensemble_stacking_lr,0.6119999999999995,0.7723404255319148,0.4117647058823529
ensemble_stacking_lr,0.6129999999999995,0.7712168300262969,0.4102941176470588
ensemble_stacking_lr,0.6139999999999994,0.7712168300262969,0.4102941176470588
ensemble_stacking_lr,0.6149999999999994,0.7712168300262969,0.4102941176470588
ensemble_stacking_lr,0.6159999999999994,0.7712168300262969,0.4102941176470588
ensemble_stacking_lr,0.6169999999999994,0.770093234520679,0.4088235294117647
ensemble_stacking_lr,0.6179999999999994,0.770093234520679,0.4088235294117647
ensemble_stacking_lr,0.6189999999999994,0.770093234520679,0.4088235294117647
ensemble_stacking_lr,0.6199999999999994,0.770093234520679,0.4088235294117647
ensemble_stacking_lr,0.6209999999999994,0.770093234520679,0.4088235294117647
ensemble_stacking_lr,0.6219999999999994,0.772220894095147,0.4073529411764706
ensemble_stacking_lr,0.6229999999999994,0.772220894095147,0.4073529411764706
ensemble_stacking_lr,0.6239999999999994,0.772220894095147,0.4073529411764706
ensemble_stacking_lr,0.6249999999999994,0.771097298589529,0.40588235294117647
ensemble_stacking_lr,0.6259999999999994,0.771097298589529,0.40588235294117647
ensemble_stacking_lr,0.6269999999999994,0.771097298589529,0.40588235294117647
ensemble_stacking_lr,0.6279999999999994,0.7732249581639972,0.40441176470588236
ensemble_stacking_lr,0.6289999999999994,0.7721013626583793,0.40294117647058825
ensemble_stacking_lr,0.6299999999999994,0.7721013626583793,0.40294117647058825
ensemble_stacking_lr,0.6309999999999995,0.7721013626583793,0.40294117647058825
ensemble_stacking_lr,0.6319999999999995,0.7721013626583793,0.40294117647058825
ensemble_stacking_lr,0.6329999999999995,0.7721013626583793,0.40294117647058825
ensemble_stacking_lr,0.6339999999999995,0.7721013626583793,0.40294117647058825
ensemble_stacking_lr,0.6349999999999995,0.7731054267272293,0.4
ensemble_stacking_lr,0.6359999999999995,0.7719818312216113,0.3985294117647059
ensemble_stacking_lr,0.6369999999999995,0.7719818312216113,0.3985294117647059
ensemble_stacking_lr,0.6379999999999995,0.7719818312216113,0.3985294117647059
ensemble_stacking_lr,0.6389999999999995,0.7719818312216113,0.3985294117647059
ensemble_stacking_lr,0.6399999999999995,0.7719818312216113,0.3985294117647059
ensemble_stacking_lr,0.6409999999999995,0.7719818312216113,0.3985294117647059
ensemble_stacking_lr,0.6419999999999995,0.7708582357159933,0.39705882352941174
ensemble_stacking_lr,0.6429999999999995,0.7708582357159933,0.39705882352941174
ensemble_stacking_lr,0.6439999999999995,0.7708582357159933,0.39705882352941174
ensemble_stacking_lr,0.6449999999999995,0.7708582357159933,0.39705882352941174
ensemble_stacking_lr,0.6459999999999995,0.7708582357159933,0.39705882352941174
ensemble_stacking_lr,0.6469999999999995,0.7708582357159933,0.39705882352941174
ensemble_stacking_lr,0.6479999999999995,0.7708582357159933,0.39705882352941174
ensemble_stacking_lr,0.6489999999999995,0.7708582357159933,0.39705882352941174
ensemble_stacking_lr,0.6499999999999995,0.7708582357159933,0.39705882352941174
ensemble_stacking_lr,0.6509999999999995,0.7697346402103753,0.39558823529411763
ensemble_stacking_lr,0.6519999999999995,0.7697346402103753,0.39558823529411763
ensemble_stacking_lr,0.6529999999999995,0.7686110447047574,0.3941176470588235
ensemble_stacking_lr,0.6539999999999995,0.7686110447047574,0.3941176470588235
ensemble_stacking_lr,0.6549999999999995,0.7674874491991395,0.3926470588235294
ensemble_stacking_lr,0.6559999999999995,0.7674874491991395,0.3926470588235294
ensemble_stacking_lr,0.6569999999999995,0.7674874491991395,0.3926470588235294
ensemble_stacking_lr,0.6579999999999995,0.7674874491991395,0.3926470588235294
ensemble_stacking_lr,0.6589999999999995,0.7652402581879034,0.3897058823529412
ensemble_stacking_lr,0.6599999999999995,0.7629930671766675,0.38676470588235295
ensemble_stacking_lr,0.6609999999999995,0.7629930671766675,0.38676470588235295
ensemble_stacking_lr,0.6619999999999995,0.7629930671766675,0.38676470588235295
ensemble_stacking_lr,0.6629999999999995,0.7651207267511355,0.38529411764705884
ensemble_stacking_lr,0.6639999999999995,0.7651207267511355,0.38529411764705884
ensemble_stacking_lr,0.6649999999999995,0.7651207267511355,0.38529411764705884
ensemble_stacking_lr,0.6659999999999995,0.7639971312455176,0.38382352941176473
ensemble_stacking_lr,0.6669999999999995,0.7639971312455176,0.38382352941176473
ensemble_stacking_lr,0.6679999999999995,0.7639971312455176,0.38382352941176473
ensemble_stacking_lr,0.6689999999999995,0.7639971312455176,0.38382352941176473
ensemble_stacking_lr,0.6699999999999995,0.7628735357398996,0.38235294117647056
ensemble_stacking_lr,0.6709999999999995,0.7628735357398996,0.38235294117647056
ensemble_stacking_lr,0.6719999999999995,0.7628735357398996,0.38235294117647056
ensemble_stacking_lr,0.6729999999999995,0.7617499402342816,0.38088235294117645
ensemble_stacking_lr,0.6739999999999995,0.7617499402342816,0.38088235294117645
ensemble_stacking_lr,0.6749999999999995,0.7617499402342816,0.38088235294117645
ensemble_stacking_lr,0.6759999999999995,0.7617499402342816,0.38088235294117645
ensemble_stacking_lr,0.6769999999999994,0.7617499402342816,0.38088235294117645
ensemble_stacking_lr,0.6779999999999994,0.7606263447286636,0.37941176470588234
ensemble_stacking_lr,0.6789999999999994,0.7606263447286636,0.37941176470588234
ensemble_stacking_lr,0.6799999999999994,0.7595027492230456,0.3779411764705882
ensemble_stacking_lr,0.6809999999999994,0.7583791537174276,0.3764705882352941
ensemble_stacking_lr,0.6819999999999994,0.7583791537174276,0.3764705882352941
ensemble_stacking_lr,0.6829999999999994,0.7583791537174276,0.3764705882352941
ensemble_stacking_lr,0.6839999999999994,0.7572555582118097,0.375
ensemble_stacking_lr,0.6849999999999994,0.7572555582118097,0.375
ensemble_stacking_lr,0.6859999999999994,0.7561319627061918,0.3735294117647059
ensemble_stacking_lr,0.6869999999999994,0.7550083672005737,0.3720588235294118
ensemble_stacking_lr,0.6879999999999994,0.7550083672005737,0.3720588235294118
ensemble_stacking_lr,0.6889999999999994,0.7550083672005737,0.3720588235294118
ensemble_stacking_lr,0.6899999999999994,0.7550083672005737,0.3720588235294118
ensemble_stacking_lr,0.6909999999999994,0.7550083672005737,0.3720588235294118
ensemble_stacking_lr,0.6919999999999994,0.7550083672005737,0.3720588235294118
ensemble_stacking_lr,0.6929999999999994,0.7550083672005737,0.3720588235294118
ensemble_stacking_lr,0.6939999999999994,0.7550083672005737,0.3720588235294118
ensemble_stacking_lr,0.6949999999999994,0.7550083672005737,0.3720588235294118
ensemble_stacking_lr,0.6959999999999994,0.7550083672005737,0.3720588235294118
ensemble_stacking_lr,0.6969999999999994,0.7538847716949557,0.37058823529411766
ensemble_stacking_lr,0.6979999999999994,0.7560124312694239,0.36911764705882355
ensemble_stacking_lr,0.6989999999999994,0.7560124312694239,0.36911764705882355
ensemble_stacking_lr,0.6999999999999994,0.7560124312694239,0.36911764705882355
ensemble_stacking_lr,0.7009999999999994,0.7560124312694239,0.36911764705882355
ensemble_stacking_lr,0.7019999999999994,0.7560124312694239,0.36911764705882355
ensemble_stacking_lr,0.7029999999999994,0.7560124312694239,0.36911764705882355
ensemble_stacking_lr,0.7039999999999994,0.7560124312694239,0.36911764705882355
ensemble_stacking_lr,0.7049999999999994,0.7560124312694239,0.36911764705882355
ensemble_stacking_lr,0.7059999999999994,0.7560124312694239,0.36911764705882355
ensemble_stacking_lr,0.7069999999999994,0.7560124312694239,0.36911764705882355
ensemble_stacking_lr,0.7079999999999994,0.7560124312694239,0.36911764705882355
ensemble_stacking_lr,0.7089999999999994,0.7560124312694239,0.36911764705882355
ensemble_stacking_lr,0.7099999999999994,0.7560124312694239,0.36911764705882355
ensemble_stacking_lr,0.7109999999999994,0.7560124312694239,0.36911764705882355
ensemble_stacking_lr,0.7119999999999994,0.7560124312694239,0.36911764705882355
ensemble_stacking_lr,0.7129999999999994,0.7560124312694239,0.36911764705882355
ensemble_stacking_lr,0.7139999999999994,0.7548888357638058,0.36764705882352944
ensemble_stacking_lr,0.7149999999999994,0.7548888357638058,0.36764705882352944
ensemble_stacking_lr,0.7159999999999994,0.7548888357638058,0.36764705882352944
ensemble_stacking_lr,0.7169999999999994,0.7548888357638058,0.36764705882352944
ensemble_stacking_lr,0.7179999999999994,0.7548888357638058,0.36764705882352944
ensemble_stacking_lr,0.7189999999999994,0.7537652402581878,0.36617647058823527
ensemble_stacking_lr,0.7199999999999994,0.7526416447525699,0.36470588235294116
ensemble_stacking_lr,0.7209999999999994,0.7526416447525699,0.36470588235294116
ensemble_stacking_lr,0.7219999999999994,0.7526416447525699,0.36470588235294116
ensemble_stacking_lr,0.7229999999999994,0.7526416447525699,0.36470588235294116
ensemble_stacking_lr,0.7239999999999994,0.7526416447525699,0.36470588235294116
ensemble_stacking_lr,0.7249999999999994,0.7526416447525699,0.36470588235294116
ensemble_stacking_lr,0.7259999999999994,0.751518049246952,0.36323529411764705
ensemble_stacking_lr,0.7269999999999994,0.751518049246952,0.36323529411764705
ensemble_stacking_lr,0.7279999999999994,0.751518049246952,0.36323529411764705
ensemble_stacking_lr,0.7289999999999994,0.751518049246952,0.36323529411764705
ensemble_stacking_lr,0.7299999999999994,0.750394453741334,0.36176470588235293
ensemble_stacking_lr,0.7309999999999994,0.750394453741334,0.36176470588235293
ensemble_stacking_lr,0.7319999999999994,0.750394453741334,0.36176470588235293
ensemble_stacking_lr,0.7329999999999994,0.750394453741334,0.36176470588235293
ensemble_stacking_lr,0.7339999999999994,0.750394453741334,0.36176470588235293
ensemble_stacking_lr,0.7349999999999994,0.750394453741334,0.36176470588235293
ensemble_stacking_lr,0.7359999999999994,0.750394453741334,0.36176470588235293
ensemble_stacking_lr,0.7369999999999994,0.750394453741334,0.36176470588235293
ensemble_stacking_lr,0.7379999999999994,0.750394453741334,0.36176470588235293
ensemble_stacking_lr,0.7389999999999994,0.750394453741334,0.36176470588235293
ensemble_stacking_lr,0.7399999999999994,0.750394453741334,0.36176470588235293
ensemble_stacking_lr,0.7409999999999994,0.750394453741334,0.36176470588235293
ensemble_stacking_lr,0.7419999999999993,0.750394453741334,0.36176470588235293
ensemble_stacking_lr,0.7429999999999993,0.750394453741334,0.36176470588235293
ensemble_stacking_lr,0.7439999999999993,0.750394453741334,0.36176470588235293
ensemble_stacking_lr,0.7449999999999993,0.7492708582357159,0.3602941176470588
ensemble_stacking_lr,0.7459999999999993,0.7492708582357159,0.3602941176470588
ensemble_stacking_lr,0.7469999999999993,0.7492708582357159,0.3602941176470588
ensemble_stacking_lr,0.7479999999999993,0.748147262730098,0.3588235294117647
ensemble_stacking_lr,0.7489999999999993,0.748147262730098,0.3588235294117647
ensemble_stacking_lr,0.7499999999999993,0.748147262730098,0.3588235294117647
ensemble_stacking_lr,0.7509999999999993,0.748147262730098,0.3588235294117647
ensemble_stacking_lr,0.7519999999999993,0.748147262730098,0.3588235294117647
ensemble_stacking_lr,0.7529999999999993,0.748147262730098,0.3588235294117647
ensemble_stacking_lr,0.7539999999999993,0.748147262730098,0.3588235294117647
ensemble_stacking_lr,0.7549999999999993,0.748147262730098,0.3588235294117647
ensemble_stacking_lr,0.7559999999999993,0.748147262730098,0.3588235294117647
ensemble_stacking_lr,0.7569999999999993,0.74702366722448,0.3573529411764706
ensemble_stacking_lr,0.7579999999999993,0.74702366722448,0.3573529411764706
ensemble_stacking_lr,0.7589999999999993,0.74702366722448,0.3573529411764706
ensemble_stacking_lr,0.7599999999999993,0.74702366722448,0.3573529411764706
ensemble_stacking_lr,0.7609999999999993,0.74702366722448,0.3573529411764706
ensemble_stacking_lr,0.7619999999999993,0.74702366722448,0.3573529411764706
ensemble_stacking_lr,0.7629999999999993,0.7480277312933301,0.35441176470588237
ensemble_stacking_lr,0.7639999999999993,0.7480277312933301,0.35441176470588237
ensemble_stacking_lr,0.7649999999999993,0.7480277312933301,0.35441176470588237
ensemble_stacking_lr,0.7659999999999993,0.7480277312933301,0.35441176470588237
ensemble_stacking_lr,0.7669999999999993,0.7480277312933301,0.35441176470588237
ensemble_stacking_lr,0.7679999999999993,0.7480277312933301,0.35441176470588237
ensemble_stacking_lr,0.7689999999999994,0.7480277312933301,0.35441176470588237
ensemble_stacking_lr,0.7699999999999994,0.7480277312933301,0.35441176470588237
ensemble_stacking_lr,0.7709999999999994,0.7480277312933301,0.35441176470588237
ensemble_stacking_lr,0.7719999999999994,0.7480277312933301,0.35441176470588237
ensemble_stacking_lr,0.7729999999999994,0.7480277312933301,0.35441176470588237
ensemble_stacking_lr,0.7739999999999994,0.7480277312933301,0.35441176470588237
ensemble_stacking_lr,0.7749999999999994,0.7480277312933301,0.35441176470588237
ensemble_stacking_lr,0.7759999999999994,0.7480277312933301,0.35441176470588237
ensemble_stacking_lr,0.7769999999999994,0.7480277312933301,0.35441176470588237
ensemble_stacking_lr,0.7779999999999994,0.7480277312933301,0.35441176470588237
ensemble_stacking_lr,0.7789999999999994,0.7480277312933301,0.35441176470588237
ensemble_stacking_lr,0.7799999999999994,0.7480277312933301,0.35441176470588237
ensemble_stacking_lr,0.7809999999999994,0.7480277312933301,0.35441176470588237
ensemble_stacking_lr,0.7819999999999994,0.7480277312933301,0.35441176470588237
ensemble_stacking_lr,0.7829999999999994,0.7480277312933301,0.35441176470588237
ensemble_stacking_lr,0.7839999999999994,0.7480277312933301,0.35441176470588237
ensemble_stacking_lr,0.7849999999999994,0.7480277312933301,0.35441176470588237
ensemble_stacking_lr,0.7859999999999994,0.7480277312933301,0.35441176470588237
ensemble_stacking_lr,0.7869999999999994,0.7480277312933301,0.35441176470588237
ensemble_stacking_lr,0.7879999999999994,0.7480277312933301,0.35441176470588237
ensemble_stacking_lr,0.7889999999999994,0.7480277312933301,0.35441176470588237
ensemble_stacking_lr,0.7899999999999994,0.7480277312933301,0.35441176470588237
ensemble_stacking_lr,0.7909999999999994,0.7469041357877122,0.35294117647058826
ensemble_stacking_lr,0.7919999999999994,0.7469041357877122,0.35294117647058826
ensemble_stacking_lr,0.7929999999999994,0.7469041357877122,0.35294117647058826
ensemble_stacking_lr,0.7939999999999994,0.7469041357877122,0.35294117647058826
ensemble_stacking_lr,0.7949999999999994,0.7469041357877122,0.35294117647058826
ensemble_stacking_lr,0.7959999999999994,0.7469041357877122,0.35294117647058826
ensemble_stacking_lr,0.7969999999999994,0.7469041357877122,0.35294117647058826
ensemble_stacking_lr,0.7979999999999994,0.7469041357877122,0.35294117647058826
ensemble_stacking_lr,0.7989999999999994,0.7457805402820942,0.3514705882352941
ensemble_stacking_lr,0.7999999999999994,0.7457805402820942,0.3514705882352941
ensemble_stacking_lr,0.8009999999999994,0.7457805402820942,0.3514705882352941
ensemble_stacking_lr,0.8019999999999994,0.7457805402820942,0.3514705882352941
ensemble_stacking_lr,0.8029999999999994,0.7457805402820942,0.3514705882352941
ensemble_stacking_lr,0.8039999999999994,0.7457805402820942,0.3514705882352941
ensemble_stacking_lr,0.8049999999999993,0.7446569447764761,0.35
ensemble_stacking_lr,0.8059999999999993,0.7446569447764761,0.35
ensemble_stacking_lr,0.8069999999999993,0.7446569447764761,0.35
ensemble_stacking_lr,0.8079999999999993,0.7446569447764761,0.35
ensemble_stacking_lr,0.8089999999999993,0.7446569447764761,0.35
ensemble_stacking_lr,0.8099999999999993,0.7446569447764761,0.35
ensemble_stacking_lr,0.8109999999999993,0.7446569447764761,0.35
ensemble_stacking_lr,0.8119999999999993,0.7446569447764761,0.35
ensemble_stacking_lr,0.8129999999999993,0.7446569447764761,0.35
ensemble_stacking_lr,0.8139999999999993,0.7446569447764761,0.35
ensemble_stacking_lr,0.8149999999999993,0.7446569447764761,0.35
ensemble_stacking_lr,0.8159999999999993,0.7446569447764761,0.35
ensemble_stacking_lr,0.8169999999999993,0.7446569447764761,0.35
ensemble_stacking_lr,0.8179999999999993,0.7446569447764761,0.35
ensemble_stacking_lr,0.8189999999999993,0.7446569447764761,0.35
ensemble_stacking_lr,0.8199999999999993,0.7446569447764761,0.35
ensemble_stacking_lr,0.8209999999999993,0.7446569447764761,0.35
ensemble_stacking_lr,0.8219999999999993,0.7446569447764761,0.35
ensemble_stacking_lr,0.8229999999999993,0.7446569447764761,0.35
ensemble_stacking_lr,0.8239999999999993,0.7446569447764761,0.35
ensemble_stacking_lr,0.8249999999999993,0.7446569447764761,0.35
ensemble_stacking_lr,0.8259999999999993,0.7435333492708582,0.34852941176470587
ensemble_stacking_lr,0.8269999999999993,0.7435333492708582,0.34852941176470587
ensemble_stacking_lr,0.8279999999999993,0.7435333492708582,0.34852941176470587
ensemble_stacking_lr,0.8289999999999993,0.7435333492708582,0.34852941176470587
ensemble_stacking_lr,0.8299999999999993,0.7435333492708582,0.34852941176470587
ensemble_stacking_lr,0.8309999999999993,0.7435333492708582,0.34852941176470587
ensemble_stacking_lr,0.8319999999999993,0.7435333492708582,0.34852941176470587
ensemble_stacking_lr,0.8329999999999993,0.7424097537652402,0.34705882352941175
ensemble_stacking_lr,0.8339999999999993,0.7424097537652402,0.34705882352941175
ensemble_stacking_lr,0.8349999999999993,0.7424097537652402,0.34705882352941175
ensemble_stacking_lr,0.8359999999999993,0.7424097537652402,0.34705882352941175
ensemble_stacking_lr,0.8369999999999993,0.7424097537652402,0.34705882352941175
ensemble_stacking_lr,0.8379999999999993,0.7424097537652402,0.34705882352941175
ensemble_stacking_lr,0.8389999999999993,0.7424097537652402,0.34705882352941175
ensemble_stacking_lr,0.8399999999999993,0.7412861582596222,0.34558823529411764
ensemble_stacking_lr,0.8409999999999993,0.7412861582596222,0.34558823529411764
ensemble_stacking_lr,0.8419999999999993,0.7412861582596222,0.34558823529411764
ensemble_stacking_lr,0.8429999999999993,0.7412861582596222,0.34558823529411764
ensemble_stacking_lr,0.8439999999999993,0.7412861582596222,0.34558823529411764
ensemble_stacking_lr,0.8449999999999993,0.7412861582596222,0.34558823529411764
ensemble_stacking_lr,0.8459999999999993,0.7412861582596222,0.34558823529411764
ensemble_stacking_lr,0.8469999999999993,0.7412861582596222,0.34558823529411764
ensemble_stacking_lr,0.8479999999999993,0.7412861582596222,0.34558823529411764
ensemble_stacking_lr,0.8489999999999993,0.7412861582596222,0.34558823529411764
ensemble_stacking_lr,0.8499999999999993,0.7412861582596222,0.34558823529411764
ensemble_stacking_lr,0.8509999999999993,0.7412861582596222,0.34558823529411764
ensemble_stacking_lr,0.8519999999999993,0.7412861582596222,0.34558823529411764
ensemble_stacking_lr,0.8529999999999993,0.7412861582596222,0.34558823529411764
ensemble_stacking_lr,0.8539999999999993,0.7412861582596222,0.34558823529411764
ensemble_stacking_lr,0.8549999999999993,0.7412861582596222,0.34558823529411764
ensemble_stacking_lr,0.8559999999999993,0.7412861582596222,0.34558823529411764
ensemble_stacking_lr,0.8569999999999993,0.7412861582596222,0.34558823529411764
ensemble_stacking_lr,0.8579999999999993,0.7412861582596222,0.34558823529411764
ensemble_stacking_lr,0.8589999999999993,0.7412861582596222,0.34558823529411764
ensemble_stacking_lr,0.8599999999999993,0.7412861582596222,0.34558823529411764
ensemble_stacking_lr,0.8609999999999993,0.7412861582596222,0.34558823529411764
ensemble_stacking_lr,0.8619999999999993,0.7401625627540043,0.34411764705882353
ensemble_stacking_lr,0.8629999999999993,0.7401625627540043,0.34411764705882353
ensemble_stacking_lr,0.8639999999999993,0.7401625627540043,0.34411764705882353
ensemble_stacking_lr,0.8649999999999993,0.7401625627540043,0.34411764705882353
ensemble_stacking_lr,0.8659999999999993,0.7401625627540043,0.34411764705882353
ensemble_stacking_lr,0.8669999999999993,0.7401625627540043,0.34411764705882353
ensemble_stacking_lr,0.8679999999999993,0.7390389672483864,0.3426470588235294
ensemble_stacking_lr,0.8689999999999993,0.7390389672483864,0.3426470588235294
ensemble_stacking_lr,0.8699999999999992,0.7390389672483864,0.3426470588235294
ensemble_stacking_lr,0.8709999999999992,0.7390389672483864,0.3426470588235294
ensemble_stacking_lr,0.8719999999999992,0.7390389672483864,0.3426470588235294
ensemble_stacking_lr,0.8729999999999992,0.7390389672483864,0.3426470588235294
ensemble_stacking_lr,0.8739999999999992,0.7379153717427683,0.3411764705882353
ensemble_stacking_lr,0.8749999999999992,0.7379153717427683,0.3411764705882353
ensemble_stacking_lr,0.8759999999999992,0.7379153717427683,0.3411764705882353
ensemble_stacking_lr,0.8769999999999992,0.7367917762371503,0.3397058823529412
ensemble_stacking_lr,0.8779999999999992,0.7367917762371503,0.3397058823529412
ensemble_stacking_lr,0.8789999999999992,0.7356681807315324,0.3382352941176471
ensemble_stacking_lr,0.8799999999999992,0.7356681807315324,0.3382352941176471
ensemble_stacking_lr,0.8809999999999992,0.7356681807315324,0.3382352941176471
ensemble_stacking_lr,0.8819999999999992,0.7345445852259144,0.33676470588235297
ensemble_stacking_lr,0.8829999999999992,0.7345445852259144,0.33676470588235297
ensemble_stacking_lr,0.8839999999999992,0.7345445852259144,0.33676470588235297
ensemble_stacking_lr,0.8849999999999992,0.7334209897202965,0.3352941176470588
ensemble_stacking_lr,0.8859999999999992,0.7334209897202965,0.3352941176470588
ensemble_stacking_lr,0.8869999999999992,0.7334209897202965,0.3352941176470588
ensemble_stacking_lr,0.8879999999999992,0.7334209897202965,0.3352941176470588
ensemble_stacking_lr,0.8889999999999992,0.7322973942146784,0.3338235294117647
ensemble_stacking_lr,0.8899999999999992,0.7311737987090605,0.3323529411764706
ensemble_stacking_lr,0.8909999999999992,0.7300502032034425,0.33088235294117646
ensemble_stacking_lr,0.8919999999999992,0.7300502032034425,0.33088235294117646
ensemble_stacking_lr,0.8929999999999992,0.7300502032034425,0.33088235294117646
ensemble_stacking_lr,0.8939999999999992,0.7278030121922066,0.32794117647058824
ensemble_stacking_lr,0.8949999999999992,0.7266794166865885,0.3264705882352941
ensemble_stacking_lr,0.8959999999999992,0.7255558211809705,0.325
ensemble_stacking_lr,0.8969999999999992,0.7244322256753526,0.3235294117647059
ensemble_stacking_lr,0.8979999999999992,0.7233086301697347,0.3220588235294118
ensemble_stacking_lr,0.8989999999999992,0.7233086301697347,0.3220588235294118
ensemble_stacking_lr,0.8999999999999992,0.7221850346641167,0.3205882352941177
ensemble_stacking_lr,0.9009999999999992,0.7210614391584986,0.3191176470588235
ensemble_stacking_lr,0.9019999999999992,0.7210614391584986,0.3191176470588235
ensemble_stacking_lr,0.9029999999999992,0.7199378436528807,0.3176470588235294
ensemble_stacking_lr,0.9039999999999992,0.7199378436528807,0.3176470588235294
ensemble_stacking_lr,0.9049999999999992,0.7199378436528807,0.3176470588235294
ensemble_stacking_lr,0.9059999999999993,0.7209419077217308,0.31470588235294117
ensemble_stacking_lr,0.9069999999999993,0.7208223762849629,0.31029411764705883
ensemble_stacking_lr,0.9079999999999993,0.7208223762849629,0.31029411764705883
ensemble_stacking_lr,0.9089999999999993,0.718575185273727,0.3073529411764706
ensemble_stacking_lr,0.9099999999999993,0.7195792493425771,0.3044117647058823
ensemble_stacking_lr,0.9109999999999993,0.7162084628257231,0.3
ensemble_stacking_lr,0.9119999999999993,0.7139612718144872,0.29705882352941176
ensemble_stacking_lr,0.9129999999999993,0.7128376763088692,0.29558823529411765
ensemble_stacking_lr,0.9139999999999993,0.7094668897920153,0.2911764705882353
ensemble_stacking_lr,0.9149999999999993,0.7115945493664834,0.2897058823529412
ensemble_stacking_lr,0.9159999999999993,0.7093473583552474,0.2867647058823529
ensemble_stacking_lr,0.9169999999999993,0.7082237628496295,0.2852941176470588
ensemble_stacking_lr,0.9179999999999993,0.7071001673440115,0.2838235294117647
ensemble_stacking_lr,0.9189999999999993,0.7059765718383935,0.2823529411764706
ensemble_stacking_lr,0.9199999999999993,0.7037293808271575,0.27941176470588236
ensemble_stacking_lr,0.9209999999999993,0.7026057853215395,0.27794117647058825
ensemble_stacking_lr,0.9219999999999993,0.7014821898159216,0.27647058823529413
ensemble_stacking_lr,0.9229999999999993,0.6969878077934497,0.27058823529411763
ensemble_stacking_lr,0.9239999999999993,0.6913698302653598,0.26323529411764707
ensemble_stacking_lr,0.9249999999999993,0.6879990437485058,0.25882352941176473
ensemble_stacking_lr,0.9259999999999993,0.6833851302892661,0.2485294117647059
ensemble_stacking_lr,0.9269999999999993,0.6800143437724121,0.24411764705882352
ensemble_stacking_lr,0.9279999999999993,0.6755199617499402,0.23823529411764705
ensemble_stacking_lr,0.9289999999999993,0.6687783887162324,0.22941176470588234
ensemble_stacking_lr,0.9299999999999993,0.6654076021993784,0.225
ensemble_stacking_lr,0.9309999999999993,0.6597896246712885,0.21764705882352942
ensemble_stacking_lr,0.9319999999999993,0.6541716471431986,0.21029411764705883
ensemble_stacking_lr,0.9329999999999992,0.645063351661487,0.19411764705882353
ensemble_stacking_lr,0.9339999999999992,0.641692565144633,0.18970588235294117
ensemble_stacking_lr,0.9349999999999992,0.6349509921109252,0.18088235294117647
ensemble_stacking_lr,0.9359999999999992,0.6259622280659813,0.16911764705882354
ensemble_stacking_lr,0.9369999999999992,0.6180970595266555,0.1588235294117647
ensemble_stacking_lr,0.9379999999999992,0.6091082954817117,0.14705882352941177
ensemble_stacking_lr,0.9389999999999992,0.6034903179536218,0.13970588235294118
ensemble_stacking_lr,0.9399999999999992,0.59337795840306,0.1264705882352941
ensemble_stacking_lr,0.9409999999999992,0.5855127898637341,0.1161764705882353
ensemble_stacking_lr,0.9419999999999992,0.5810184078412622,0.11029411764705882
ensemble_stacking_lr,0.9429999999999992,0.5742768348075544,0.10147058823529412
ensemble_stacking_lr,0.9439999999999992,0.5730337078651685,0.09558823529411764
ensemble_stacking_lr,0.9449999999999992,0.5617977528089888,0.08088235294117647
ensemble_stacking_lr,0.9459999999999992,0.553932584269663,0.07058823529411765
ensemble_stacking_lr,0.9469999999999992,0.549438202247191,0.06470588235294118
ensemble_stacking_lr,0.9479999999999992,0.5370786516853933,0.04852941176470588
ensemble_stacking_lr,0.9489999999999992,0.5314606741573034,0.041176470588235294
ensemble_stacking_lr,0.9499999999999992,0.5269662921348315,0.03529411764705882
ensemble_stacking_lr,0.9509999999999992,0.5191011235955056,0.025
ensemble_stacking_lr,0.9519999999999992,0.5168539325842697,0.022058823529411766
ensemble_stacking_lr,0.9529999999999992,0.5157303370786517,0.020588235294117647
ensemble_stacking_lr,0.9539999999999992,0.5134831460674157,0.01764705882352941
ensemble_stacking_lr,0.9549999999999992,0.5101123595505618,0.013235294117647059
ensemble_stacking_lr,0.9559999999999992,0.5089887640449439,0.011764705882352941
ensemble_stacking_lr,0.9569999999999992,0.5056179775280899,0.007352941176470588
ensemble_stacking_lr,0.9579999999999992,0.503370786516854,0.004411764705882353
ensemble_stacking_lr,0.9589999999999992,0.501123595505618,0.0014705882352941176
ensemble_stacking_lr,0.9599999999999992,0.5,0.0
ensemble_stacking_lr,0.9609999999999992,0.5,0.0
ensemble_stacking_lr,0.9619999999999992,0.5,0.0
ensemble_stacking_lr,0.9629999999999992,0.5,0.0
ensemble_stacking_lr,0.9639999999999992,0.5,0.0
ensemble_stacking_lr,0.9649999999999992,0.5,0.0
ensemble_stacking_lr,0.9659999999999992,0.5,0.0
ensemble_stacking_lr,0.9669999999999992,0.5,0.0
ensemble_stacking_lr,0.9679999999999992,0.5,0.0
ensemble_stacking_lr,0.9689999999999992,0.5,0.0
ensemble_stacking_lr,0.9699999999999992,0.5,0.0
ensemble_stacking_lr,0.9709999999999992,0.5,0.0
ensemble_stacking_lr,0.9719999999999992,0.5,0.0
ensemble_stacking_lr,0.9729999999999992,0.5,0.0
ensemble_stacking_lr,0.9739999999999992,0.5,0.0
ensemble_stacking_lr,0.9749999999999992,0.5,0.0
ensemble_stacking_lr,0.9759999999999992,0.5,0.0
ensemble_stacking_lr,0.9769999999999992,0.5,0.0
ensemble_stacking_lr,0.9779999999999992,0.5,0.0
ensemble_stacking_lr,0.9789999999999992,0.5,0.0
ensemble_stacking_lr,0.9799999999999992,0.5,0.0
ensemble_stacking_lr,0.9809999999999992,0.5,0.0
ensemble_stacking_lr,0.9819999999999992,0.5,0.0
ensemble_stacking_lr,0.9829999999999992,0.5,0.0
ensemble_stacking_lr,0.9839999999999992,0.5,0.0
ensemble_stacking_lr,0.9849999999999992,0.5,0.0
ensemble_stacking_lr,0.9859999999999992,0.5,0.0
ensemble_stacking_lr,0.9869999999999992,0.5,0.0
ensemble_stacking_lr,0.9879999999999992,0.5,0.0
ensemble_stacking_lr,0.9889999999999992,0.5,0.0
ensemble_stacking_lr,0.9899999999999992,0.5,0.0
ensemble_avg_top5,0.01,0.5,1.0
ensemble_avg_top5,0.011,0.5,1.0
ensemble_avg_top5,0.011999999999999999,0.5,1.0
ensemble_avg_top5,0.012999999999999998,0.5,1.0
ensemble_avg_top5,0.013999999999999997,0.5,1.0
ensemble_avg_top5,0.014999999999999996,0.5,1.0
ensemble_avg_top5,0.015999999999999993,0.5,1.0
ensemble_avg_top5,0.016999999999999994,0.5,1.0
ensemble_avg_top5,0.017999999999999995,0.5,1.0
ensemble_avg_top5,0.018999999999999993,0.5,1.0
ensemble_avg_top5,0.01999999999999999,0.5,1.0
ensemble_avg_top5,0.02099999999999999,0.5,1.0
ensemble_avg_top5,0.021999999999999992,0.5,1.0
ensemble_avg_top5,0.02299999999999999,0.5,1.0
ensemble_avg_top5,0.023999999999999987,0.5,1.0
ensemble_avg_top5,0.024999999999999988,0.5,1.0
ensemble_avg_top5,0.02599999999999999,0.5,1.0
ensemble_avg_top5,0.026999999999999986,0.5,1.0
ensemble_avg_top5,0.027999999999999983,0.5,1.0
ensemble_avg_top5,0.028999999999999984,0.5,1.0
ensemble_avg_top5,0.029999999999999985,0.5,1.0
ensemble_avg_top5,0.030999999999999982,0.5,1.0
ensemble_avg_top5,0.03199999999999998,0.5,1.0
ensemble_avg_top5,0.03299999999999998,0.5,1.0
ensemble_avg_top5,0.03399999999999998,0.5,1.0
ensemble_avg_top5,0.034999999999999976,0.5,1.0
ensemble_avg_top5,0.035999999999999976,0.5,1.0
ensemble_avg_top5,0.03699999999999998,0.5,1.0
ensemble_avg_top5,0.03799999999999998,0.5,1.0
ensemble_avg_top5,0.03899999999999998,0.5,1.0
ensemble_avg_top5,0.03999999999999997,0.5,1.0
ensemble_avg_top5,0.040999999999999974,0.5,1.0
ensemble_avg_top5,0.041999999999999975,0.5,1.0
ensemble_avg_top5,0.04299999999999997,0.5,1.0
ensemble_avg_top5,0.04399999999999997,0.5,1.0
ensemble_avg_top5,0.04499999999999997,0.5,1.0
ensemble_avg_top5,0.04599999999999997,0.5,1.0
ensemble_avg_top5,0.04699999999999997,0.5,1.0
ensemble_avg_top5,0.047999999999999966,0.5,1.0
ensemble_avg_top5,0.04899999999999997,0.5,1.0
ensemble_avg_top5,0.04999999999999997,0.5,1.0
ensemble_avg_top5,0.05099999999999996,0.5,1.0
ensemble_avg_top5,0.05199999999999996,0.5,1.0
ensemble_avg_top5,0.052999999999999964,0.5,1.0
ensemble_avg_top5,0.053999999999999965,0.5,1.0
ensemble_avg_top5,0.054999999999999966,0.5,1.0
ensemble_avg_top5,0.05599999999999996,0.5,1.0
ensemble_avg_top5,0.05699999999999996,0.5,1.0
ensemble_avg_top5,0.05799999999999996,0.5,1.0
ensemble_avg_top5,0.058999999999999955,0.5,1.0
ensemble_avg_top5,0.059999999999999956,0.5,1.0
ensemble_avg_top5,0.06099999999999996,0.5,1.0
ensemble_avg_top5,0.06199999999999996,0.5,1.0
ensemble_avg_top5,0.06299999999999996,0.5,1.0
ensemble_avg_top5,0.06399999999999996,0.5,1.0
ensemble_avg_top5,0.06499999999999995,0.5,1.0
ensemble_avg_top5,0.06599999999999995,0.5,1.0
ensemble_avg_top5,0.06699999999999995,0.5,1.0
ensemble_avg_top5,0.06799999999999995,0.5,1.0
ensemble_avg_top5,0.06899999999999995,0.5,1.0
ensemble_avg_top5,0.06999999999999995,0.5,1.0
ensemble_avg_top5,0.07099999999999995,0.5,1.0
ensemble_avg_top5,0.07199999999999995,0.5,1.0
ensemble_avg_top5,0.07299999999999995,0.5,1.0
ensemble_avg_top5,0.07399999999999994,0.5,1.0
ensemble_avg_top5,0.07499999999999994,0.5,1.0
ensemble_avg_top5,0.07599999999999994,0.5,1.0
ensemble_avg_top5,0.07699999999999994,0.5,1.0
ensemble_avg_top5,0.07799999999999994,0.5,1.0
ensemble_avg_top5,0.07899999999999995,0.5,1.0
ensemble_avg_top5,0.07999999999999995,0.5,1.0
ensemble_avg_top5,0.08099999999999993,0.5,1.0
ensemble_avg_top5,0.08199999999999993,0.5,1.0
ensemble_avg_top5,0.08299999999999993,0.5,1.0
ensemble_avg_top5,0.08399999999999994,0.5,1.0
ensemble_avg_top5,0.08499999999999994,0.5,1.0
ensemble_avg_top5,0.08599999999999994,0.5,1.0
ensemble_avg_top5,0.08699999999999994,0.5,1.0
ensemble_avg_top5,0.08799999999999994,0.5,1.0
ensemble_avg_top5,0.08899999999999994,0.5,1.0
ensemble_avg_top5,0.08999999999999993,0.5,1.0
ensemble_avg_top5,0.09099999999999993,0.5,1.0
ensemble_avg_top5,0.09199999999999993,0.5,1.0
ensemble_avg_top5,0.09299999999999993,0.5,1.0
ensemble_avg_top5,0.09399999999999993,0.5,1.0
ensemble_avg_top5,0.09499999999999993,0.5,1.0
ensemble_avg_top5,0.09599999999999993,0.5,1.0
ensemble_avg_top5,0.09699999999999992,0.5,1.0
ensemble_avg_top5,0.09799999999999992,0.5,1.0
ensemble_avg_top5,0.09899999999999992,0.5,1.0
ensemble_avg_top5,0.09999999999999992,0.5,1.0
ensemble_avg_top5,0.10099999999999992,0.5,1.0
ensemble_avg_top5,0.10199999999999992,0.5,1.0
ensemble_avg_top5,0.10299999999999992,0.5,1.0
ensemble_avg_top5,0.10399999999999993,0.5,1.0
ensemble_avg_top5,0.10499999999999993,0.5,1.0
ensemble_avg_top5,0.10599999999999991,0.5,1.0
ensemble_avg_top5,0.10699999999999991,0.5,1.0
ensemble_avg_top5,0.10799999999999992,0.5,1.0
ensemble_avg_top5,0.10899999999999992,0.5,1.0
ensemble_avg_top5,0.10999999999999992,0.5,1.0
ensemble_avg_top5,0.11099999999999992,0.5,1.0
ensemble_avg_top5,0.11199999999999992,0.5,1.0
ensemble_avg_top5,0.1129999999999999,0.5,1.0
ensemble_avg_top5,0.11399999999999991,0.5,1.0
ensemble_avg_top5,0.11499999999999991,0.502127659574468,0.9985294117647059
ensemble_avg_top5,0.11599999999999991,0.502127659574468,0.9985294117647059
ensemble_avg_top5,0.11699999999999991,0.502127659574468,0.9985294117647059
ensemble_avg_top5,0.11799999999999991,0.502127659574468,0.9985294117647059
ensemble_avg_top5,0.11899999999999991,0.502127659574468,0.9985294117647059
ensemble_avg_top5,0.11999999999999991,0.502127659574468,0.9985294117647059
ensemble_avg_top5,0.12099999999999991,0.502127659574468,0.9985294117647059
ensemble_avg_top5,0.1219999999999999,0.502127659574468,0.9985294117647059
ensemble_avg_top5,0.1229999999999999,0.502127659574468,0.9985294117647059
ensemble_avg_top5,0.1239999999999999,0.502127659574468,0.9985294117647059
ensemble_avg_top5,0.1249999999999999,0.5010040640688501,0.9970588235294118
ensemble_avg_top5,0.1259999999999999,0.5010040640688501,0.9970588235294118
ensemble_avg_top5,0.1269999999999999,0.5010040640688501,0.9970588235294118
ensemble_avg_top5,0.1279999999999999,0.5010040640688501,0.9970588235294118
ensemble_avg_top5,0.1289999999999999,0.5010040640688501,0.9970588235294118
ensemble_avg_top5,0.1299999999999999,0.5010040640688501,0.9970588235294118
ensemble_avg_top5,0.1309999999999999,0.5010040640688501,0.9970588235294118
ensemble_avg_top5,0.1319999999999999,0.5010040640688501,0.9970588235294118
ensemble_avg_top5,0.1329999999999999,0.5010040640688501,0.9970588235294118
ensemble_avg_top5,0.1339999999999999,0.5010040640688501,0.9970588235294118
ensemble_avg_top5,0.1349999999999999,0.5010040640688501,0.9970588235294118
ensemble_avg_top5,0.1359999999999999,0.5010040640688501,0.9970588235294118
ensemble_avg_top5,0.1369999999999999,0.5010040640688501,0.9970588235294118
ensemble_avg_top5,0.1379999999999999,0.5010040640688501,0.9970588235294118
ensemble_avg_top5,0.1389999999999999,0.5010040640688501,0.9970588235294118
ensemble_avg_top5,0.1399999999999999,0.5010040640688501,0.9970588235294118
ensemble_avg_top5,0.1409999999999999,0.5031317236433182,0.9955882352941177
ensemble_avg_top5,0.14199999999999988,0.5031317236433182,0.9955882352941177
ensemble_avg_top5,0.14299999999999988,0.5031317236433182,0.9955882352941177
ensemble_avg_top5,0.14399999999999988,0.5031317236433182,0.9955882352941177
ensemble_avg_top5,0.14499999999999988,0.5031317236433182,0.9955882352941177
ensemble_avg_top5,0.14599999999999988,0.5031317236433182,0.9955882352941177
ensemble_avg_top5,0.14699999999999988,0.5031317236433182,0.9955882352941177
ensemble_avg_top5,0.14799999999999988,0.5031317236433182,0.9955882352941177
ensemble_avg_top5,0.14899999999999988,0.5031317236433182,0.9955882352941177
ensemble_avg_top5,0.14999999999999988,0.5052593832177863,0.9941176470588236
ensemble_avg_top5,0.15099999999999988,0.5052593832177863,0.9941176470588236
ensemble_avg_top5,0.15199999999999989,0.5052593832177863,0.9941176470588236
ensemble_avg_top5,0.15299999999999989,0.5073870427922543,0.9926470588235294
ensemble_avg_top5,0.1539999999999999,0.5073870427922543,0.9926470588235294
ensemble_avg_top5,0.1549999999999999,0.5073870427922543,0.9926470588235294
ensemble_avg_top5,0.1559999999999999,0.5083911068611044,0.9897058823529412
ensemble_avg_top5,0.15699999999999986,0.5083911068611044,0.9897058823529412
ensemble_avg_top5,0.15799999999999986,0.5083911068611044,0.9897058823529412
ensemble_avg_top5,0.15899999999999986,0.5083911068611044,0.9897058823529412
ensemble_avg_top5,0.15999999999999986,0.5105187664355726,0.9882352941176471
ensemble_avg_top5,0.16099999999999987,0.5105187664355726,0.9882352941176471
ensemble_avg_top5,0.16199999999999987,0.5105187664355726,0.9882352941176471
ensemble_avg_top5,0.16299999999999987,0.5105187664355726,0.9882352941176471
ensemble_avg_top5,0.16399999999999987,0.5105187664355726,0.9882352941176471
ensemble_avg_top5,0.16499999999999987,0.5105187664355726,0.9882352941176471
ensemble_avg_top5,0.16599999999999987,0.5105187664355726,0.9882352941176471
ensemble_avg_top5,0.16699999999999987,0.5126464260100406,0.986764705882353
ensemble_avg_top5,0.16799999999999987,0.5115228305044227,0.9852941176470589
ensemble_avg_top5,0.16899999999999987,0.5115228305044227,0.9852941176470589
ensemble_avg_top5,0.16999999999999987,0.5125268945732727,0.9823529411764705
ensemble_avg_top5,0.17099999999999987,0.5125268945732727,0.9823529411764705
ensemble_avg_top5,0.17199999999999988,0.5146545541477409,0.9808823529411764
ensemble_avg_top5,0.17299999999999988,0.5146545541477409,0.9808823529411764
ensemble_avg_top5,0.17399999999999985,0.5167822137222089,0.9794117647058823
ensemble_avg_top5,0.17499999999999985,0.5167822137222089,0.9794117647058823
ensemble_avg_top5,0.17599999999999985,0.5167822137222089,0.9794117647058823
ensemble_avg_top5,0.17699999999999985,0.5167822137222089,0.9794117647058823
ensemble_avg_top5,0.17799999999999985,0.5167822137222089,0.9794117647058823
ensemble_avg_top5,0.17899999999999985,0.518909873296677,0.9779411764705882
ensemble_avg_top5,0.17999999999999985,0.518909873296677,0.9779411764705882
ensemble_avg_top5,0.18099999999999986,0.518909873296677,0.9779411764705882
ensemble_avg_top5,0.18199999999999986,0.518909873296677,0.9779411764705882
ensemble_avg_top5,0.18299999999999986,0.5210375328711451,0.9764705882352941
ensemble_avg_top5,0.18399999999999986,0.5210375328711451,0.9764705882352941
ensemble_avg_top5,0.18499999999999986,0.5231651924456132,0.975
ensemble_avg_top5,0.18599999999999986,0.5220415969399952,0.9735294117647059
ensemble_avg_top5,0.18699999999999986,0.5241692565144633,0.9720588235294118
ensemble_avg_top5,0.18799999999999986,0.5241692565144633,0.9720588235294118
ensemble_avg_top5,0.18899999999999983,0.5241692565144633,0.9720588235294118
ensemble_avg_top5,0.18999999999999984,0.5230456610088453,0.9705882352941176
ensemble_avg_top5,0.19099999999999984,0.5230456610088453,0.9705882352941176
ensemble_avg_top5,0.19199999999999984,0.5230456610088453,0.9705882352941176
ensemble_avg_top5,0.19299999999999984,0.5230456610088453,0.9705882352941176
ensemble_avg_top5,0.19399999999999984,0.5230456610088453,0.9705882352941176
ensemble_avg_top5,0.19499999999999984,0.5230456610088453,0.9705882352941176
ensemble_avg_top5,0.19599999999999984,0.5230456610088453,0.9705882352941176
ensemble_avg_top5,0.19699999999999984,0.5229261295720775,0.9661764705882353
ensemble_avg_top5,0.19799999999999984,0.5229261295720775,0.9661764705882353
ensemble_avg_top5,0.19899999999999984,0.5229261295720775,0.9661764705882353
ensemble_avg_top5,0.19999999999999984,0.5250537891465455,0.9647058823529412
ensemble_avg_top5,0.20099999999999985,0.5250537891465455,0.9647058823529412
ensemble_avg_top5,0.20199999999999985,0.5271814487210136,0.9632352941176471
ensemble_avg_top5,0.20299999999999985,0.5281855127898638,0.9602941176470589
ensemble_avg_top5,0.20399999999999985,0.5281855127898638,0.9602941176470589
ensemble_avg_top5,0.20499999999999985,0.5270619172842457,0.9588235294117647
ensemble_avg_top5,0.20599999999999982,0.5291895768587138,0.9573529411764706
ensemble_avg_top5,0.20699999999999982,0.5280659813530959,0.9558823529411765
ensemble_avg_top5,0.20799999999999982,0.5280659813530959,0.9558823529411765
ensemble_avg_top5,0.20899999999999982,0.5301936409275639,0.9544117647058824
ensemble_avg_top5,0.20999999999999983,0.532321300502032,0.9529411764705882
ensemble_avg_top5,0.21099999999999983,0.5344489600765001,0.9514705882352941
ensemble_avg_top5,0.21199999999999983,0.5439636624432226,0.9426470588235294
ensemble_avg_top5,0.21299999999999983,0.5439636624432226,0.9426470588235294
ensemble_avg_top5,0.21399999999999983,0.5482189815921588,0.9397058823529412
ensemble_avg_top5,0.21499999999999983,0.5482189815921588,0.9397058823529412
ensemble_avg_top5,0.21599999999999983,0.5513507052354769,0.9352941176470588
ensemble_avg_top5,0.21699999999999983,0.5513507052354769,0.9352941176470588
ensemble_avg_top5,0.21799999999999983,0.5513507052354769,0.9352941176470588
ensemble_avg_top5,0.21899999999999983,0.5513507052354769,0.9352941176470588
ensemble_avg_top5,0.21999999999999983,0.5513507052354769,0.9352941176470588
ensemble_avg_top5,0.2209999999999998,0.5534783648099451,0.9338235294117647
ensemble_avg_top5,0.2219999999999998,0.5554864929476453,0.9279411764705883
ensemble_avg_top5,0.2229999999999998,0.5576141525221133,0.9264705882352942
ensemble_avg_top5,0.2239999999999998,0.5574946210853454,0.9220588235294118
ensemble_avg_top5,0.2249999999999998,0.5584986851541955,0.9191176470588235
ensemble_avg_top5,0.2259999999999998,0.5606263447286637,0.9176470588235294
ensemble_avg_top5,0.2269999999999998,0.5616304087975137,0.9147058823529411
ensemble_avg_top5,0.22799999999999981,0.5593832177862778,0.9117647058823529
ensemble_avg_top5,0.22899999999999981,0.562514941429596,0.9073529411764706
ensemble_avg_top5,0.22999999999999982,0.561391345923978,0.9058823529411765
ensemble_avg_top5,0.23099999999999982,0.5635190054984461,0.9044117647058824
ensemble_avg_top5,0.23199999999999982,0.5623954099928281,0.9029411764705882
ensemble_avg_top5,0.23299999999999982,0.5666507291417643,0.9
ensemble_avg_top5,0.23399999999999982,0.5687783887162323,0.8985294117647059
ensemble_avg_top5,0.23499999999999982,0.5687783887162323,0.8985294117647059
ensemble_avg_top5,0.23599999999999982,0.5709060482907005,0.8970588235294118
ensemble_avg_top5,0.23699999999999982,0.5772890270141047,0.8926470588235295
ensemble_avg_top5,0.2379999999999998,0.5761654315084868,0.8911764705882353
ensemble_avg_top5,0.2389999999999998,0.5761654315084868,0.8911764705882353
ensemble_avg_top5,0.2399999999999998,0.5761654315084868,0.8911764705882353
ensemble_avg_top5,0.2409999999999998,0.5761654315084868,0.8911764705882353
ensemble_avg_top5,0.2419999999999998,0.5761654315084868,0.8911764705882353
ensemble_avg_top5,0.2429999999999998,0.5782930910829548,0.8897058823529411
ensemble_avg_top5,0.2439999999999998,0.5835524743007411,0.8838235294117647
ensemble_avg_top5,0.2449999999999998,0.5845565383695912,0.8808823529411764
ensemble_avg_top5,0.2459999999999998,0.5855606024384413,0.8779411764705882
ensemble_avg_top5,0.2469999999999998,0.5844370069328233,0.8764705882352941
ensemble_avg_top5,0.2479999999999998,0.5865646665072914,0.875
ensemble_avg_top5,0.2489999999999998,0.5875687305761415,0.8720588235294118
ensemble_avg_top5,0.2499999999999998,0.5885727946449916,0.8691176470588236
ensemble_avg_top5,0.2509999999999998,0.5895768587138417,0.8661764705882353
ensemble_avg_top5,0.2519999999999998,0.5884532632082238,0.8647058823529412
ensemble_avg_top5,0.2529999999999998,0.5873296677026058,0.8632352941176471
ensemble_avg_top5,0.2539999999999998,0.5873296677026058,0.8632352941176471
ensemble_avg_top5,0.2549999999999998,0.5873296677026058,0.8632352941176471
ensemble_avg_top5,0.2559999999999998,0.5862060721969878,0.861764705882353
ensemble_avg_top5,0.2569999999999998,0.5850824766913698,0.8602941176470589
ensemble_avg_top5,0.2579999999999998,0.587210136265838,0.8588235294117647
ensemble_avg_top5,0.2589999999999998,0.5860865407602199,0.8573529411764705
ensemble_avg_top5,0.2599999999999998,0.58709060482907,0.8544117647058823
ensemble_avg_top5,0.2609999999999998,0.5892182644035381,0.8529411764705882
ensemble_avg_top5,0.2619999999999998,0.5934735835524743,0.85
ensemble_avg_top5,0.2629999999999998,0.5923499880468563,0.8485294117647059
ensemble_avg_top5,0.2639999999999998,0.6008606263447287,0.8426470588235294
ensemble_avg_top5,0.2649999999999998,0.6029882859191967,0.8411764705882353
ensemble_avg_top5,0.2659999999999998,0.6072436050681329,0.8382352941176471
ensemble_avg_top5,0.2669999999999998,0.609371264642601,0.836764705882353
ensemble_avg_top5,0.2679999999999998,0.608247669136983,0.8352941176470589
ensemble_avg_top5,0.2689999999999998,0.608247669136983,0.8352941176470589
ensemble_avg_top5,0.2699999999999998,0.607124073631365,0.8338235294117647
ensemble_avg_top5,0.2709999999999998,0.6092517332058331,0.8323529411764706
ensemble_avg_top5,0.2719999999999998,0.6113793927803013,0.8308823529411765
ensemble_avg_top5,0.2729999999999998,0.6113793927803013,0.8308823529411765
ensemble_avg_top5,0.2739999999999998,0.6156347119292374,0.8279411764705882
ensemble_avg_top5,0.2749999999999998,0.6198900310781735,0.825
ensemble_avg_top5,0.2759999999999998,0.6198900310781735,0.825
ensemble_avg_top5,0.2769999999999998,0.6241453502271097,0.8220588235294117
ensemble_avg_top5,0.27799999999999975,0.6230217547214918,0.8205882352941176
ensemble_avg_top5,0.27899999999999975,0.62615347836481,0.8161764705882353
ensemble_avg_top5,0.27999999999999975,0.6250298828591919,0.8147058823529412
ensemble_avg_top5,0.28099999999999975,0.623906287353574,0.8132352941176471
ensemble_avg_top5,0.28199999999999975,0.626033946928042,0.8117647058823529
ensemble_avg_top5,0.28299999999999975,0.6270380109968922,0.8088235294117647
ensemble_avg_top5,0.28399999999999975,0.6334209897202965,0.8044117647058824
ensemble_avg_top5,0.28499999999999975,0.6334209897202965,0.8044117647058824
ensemble_avg_top5,0.28599999999999975,0.6355486492947645,0.8029411764705883
ensemble_avg_top5,0.28699999999999976,0.6376763088692325,0.8014705882352942
ensemble_avg_top5,0.28799999999999976,0.6398039684437007,0.8
ensemble_avg_top5,0.28899999999999976,0.6398039684437007,0.8
ensemble_avg_top5,0.28999999999999976,0.6386803729380828,0.7985294117647059
ensemble_avg_top5,0.29099999999999976,0.6408080325125508,0.7970588235294118
ensemble_avg_top5,0.29199999999999976,0.6429356920870188,0.7955882352941176
ensemble_avg_top5,0.29299999999999976,0.6493186708104232,0.7911764705882353
ensemble_avg_top5,0.29399999999999976,0.6514463303848912,0.7897058823529411
ensemble_avg_top5,0.29499999999999976,0.6514463303848912,0.7897058823529411
ensemble_avg_top5,0.29599999999999976,0.6513267989481234,0.7852941176470588
ensemble_avg_top5,0.29699999999999976,0.6513267989481234,0.7852941176470588
ensemble_avg_top5,0.29799999999999977,0.6502032034425054,0.7838235294117647
ensemble_avg_top5,0.29899999999999977,0.6512072675113555,0.7808823529411765
ensemble_avg_top5,0.29999999999999977,0.6533349270858235,0.7794117647058824
ensemble_avg_top5,0.30099999999999977,0.6522113315802056,0.7779411764705882
ensemble_avg_top5,0.30199999999999977,0.6510877360745876,0.7764705882352941
ensemble_avg_top5,0.30299999999999977,0.6532153956490557,0.775
ensemble_avg_top5,0.30399999999999977,0.6563471192923739,0.7705882352941177
ensemble_avg_top5,0.30499999999999977,0.658474778866842,0.7691176470588236
ensemble_avg_top5,0.30599999999999977,0.6562275878556061,0.7661764705882353
ensemble_avg_top5,0.3069999999999998,0.6583552474300741,0.7647058823529411
ensemble_avg_top5,0.3079999999999998,0.6572316519244561,0.763235294117647
ensemble_avg_top5,0.3089999999999997,0.6549844609132202,0.7602941176470588
ensemble_avg_top5,0.3099999999999997,0.6538608654076021,0.7588235294117647
ensemble_avg_top5,0.3109999999999997,0.6527372699019842,0.7573529411764706
ensemble_avg_top5,0.3119999999999997,0.6569925890509204,0.7544117647058823
ensemble_avg_top5,0.3129999999999997,0.6569925890509204,0.7544117647058823
ensemble_avg_top5,0.3139999999999997,0.6558689935453024,0.7529411764705882
ensemble_avg_top5,0.3149999999999997,0.6536218025340664,0.75
ensemble_avg_top5,0.3159999999999997,0.6557494621085345,0.7485294117647059
ensemble_avg_top5,0.3169999999999997,0.6546258666029166,0.7470588235294118
ensemble_avg_top5,0.3179999999999997,0.6567535261773847,0.7455882352941177
ensemble_avg_top5,0.31899999999999973,0.6556299306717667,0.7441176470588236
ensemble_avg_top5,0.31999999999999973,0.6566339947406168,0.7411764705882353
ensemble_avg_top5,0.32099999999999973,0.6555103992349989,0.7397058823529412
ensemble_avg_top5,0.32199999999999973,0.6555103992349989,0.7397058823529412
ensemble_avg_top5,0.32299999999999973,0.6576380588094669,0.7382352941176471
ensemble_avg_top5,0.32399999999999973,0.6618933779584031,0.7352941176470589
ensemble_avg_top5,0.32499999999999973,0.6618933779584031,0.7352941176470589
ensemble_avg_top5,0.32599999999999973,0.6618933779584031,0.7352941176470589
ensemble_avg_top5,0.32699999999999974,0.6628974420272532,0.7323529411764705
ensemble_avg_top5,0.32799999999999974,0.6628974420272532,0.7323529411764705
ensemble_avg_top5,0.32899999999999974,0.6628974420272532,0.7323529411764705
ensemble_avg_top5,0.32999999999999974,0.6650251016017212,0.7308823529411764
ensemble_avg_top5,0.33099999999999974,0.6671527611761894,0.7294117647058823
ensemble_avg_top5,0.33199999999999974,0.6681568252450394,0.7264705882352941
ensemble_avg_top5,0.33299999999999974,0.6702844848195075,0.725
ensemble_avg_top5,0.33399999999999974,0.6724121443939756,0.7235294117647059
ensemble_avg_top5,0.33499999999999974,0.6724121443939756,0.7235294117647059
ensemble_avg_top5,0.33599999999999974,0.6745398039684436,0.7220588235294118
ensemble_avg_top5,0.33699999999999974,0.6809227826918479,0.7176470588235294
ensemble_avg_top5,0.33799999999999975,0.681926846760698,0.7147058823529412
ensemble_avg_top5,0.33899999999999975,0.6861821659096342,0.711764705882353
ensemble_avg_top5,0.33999999999999975,0.6861821659096342,0.711764705882353
ensemble_avg_top5,0.34099999999999975,0.6850585704040162,0.7102941176470589
ensemble_avg_top5,0.3419999999999997,0.6839349748983983,0.7088235294117647
ensemble_avg_top5,0.3429999999999997,0.6839349748983983,0.7088235294117647
ensemble_avg_top5,0.3439999999999997,0.6860626344728664,0.7073529411764706
ensemble_avg_top5,0.3449999999999997,0.6903179536218025,0.7044117647058824
ensemble_avg_top5,0.3459999999999997,0.6903179536218025,0.7044117647058824
ensemble_avg_top5,0.3469999999999997,0.6913220176906527,0.7014705882352941
ensemble_avg_top5,0.3479999999999997,0.6901984221850347,0.7
ensemble_avg_top5,0.3489999999999997,0.6901984221850347,0.7
ensemble_avg_top5,0.3499999999999997,0.6923260817595027,0.6985294117647058
ensemble_avg_top5,0.3509999999999997,0.6923260817595027,0.6985294117647058
ensemble_avg_top5,0.3519999999999997,0.6912024862538848,0.6970588235294117
ensemble_avg_top5,0.3529999999999997,0.6912024862538848,0.6970588235294117
ensemble_avg_top5,0.3539999999999997,0.6910829548171169,0.6926470588235294
ensemble_avg_top5,0.3549999999999997,0.6910829548171169,0.6926470588235294
ensemble_avg_top5,0.3559999999999997,0.6930910829548171,0.6867647058823529
ensemble_avg_top5,0.3569999999999997,0.6919674874491992,0.6852941176470588
ensemble_avg_top5,0.3579999999999997,0.6929715515180492,0.6823529411764706
ensemble_avg_top5,0.3589999999999997,0.6950992110925174,0.6808823529411765
ensemble_avg_top5,0.3599999999999997,0.6939756155868995,0.6794117647058824
ensemble_avg_top5,0.3609999999999997,0.6938560841501314,0.675
ensemble_avg_top5,0.3619999999999997,0.6959837437245995,0.6735294117647059
ensemble_avg_top5,0.3629999999999997,0.6937365527133637,0.6705882352941176
ensemble_avg_top5,0.3639999999999997,0.6979918718622997,0.6676470588235294
ensemble_avg_top5,0.3649999999999997,0.702247191011236,0.6647058823529411
ensemble_avg_top5,0.3659999999999997,0.701123595505618,0.663235294117647
ensemble_avg_top5,0.3669999999999997,0.7053789146545542,0.6602941176470588
ensemble_avg_top5,0.3679999999999997,0.7041357877121683,0.6544117647058824
ensemble_avg_top5,0.3689999999999997,0.7062634472866364,0.6529411764705882
ensemble_avg_top5,0.3699999999999997,0.7093951709299546,0.6485294117647059
ensemble_avg_top5,0.3709999999999997,0.7125268945732728,0.6441176470588236
ensemble_avg_top5,0.3719999999999997,0.7114032990676549,0.6426470588235295
ensemble_avg_top5,0.37299999999999967,0.7114032990676549,0.6426470588235295
ensemble_avg_top5,0.37399999999999967,0.7135309586421229,0.6411764705882353
ensemble_avg_top5,0.37499999999999967,0.7135309586421229,0.6411764705882353
ensemble_avg_top5,0.37599999999999967,0.7135309586421229,0.6411764705882353
ensemble_avg_top5,0.37699999999999967,0.7156586182165909,0.6397058823529411
ensemble_avg_top5,0.37799999999999967,0.714535022710973,0.638235294117647
ensemble_avg_top5,0.37899999999999967,0.714535022710973,0.638235294117647
ensemble_avg_top5,0.37999999999999967,0.714535022710973,0.638235294117647
ensemble_avg_top5,0.3809999999999997,0.7166626822854412,0.6367647058823529
ensemble_avg_top5,0.3819999999999997,0.7166626822854412,0.6367647058823529
ensemble_avg_top5,0.3829999999999997,0.7166626822854412,0.6367647058823529
ensemble_avg_top5,0.3839999999999997,0.7166626822854412,0.6367647058823529
ensemble_avg_top5,0.3849999999999997,0.7165431508486733,0.6323529411764706
ensemble_avg_top5,0.3859999999999997,0.7165431508486733,0.6323529411764706
ensemble_avg_top5,0.3869999999999997,0.7218025340664594,0.6264705882352941
ensemble_avg_top5,0.3879999999999997,0.7206789385608414,0.625
ensemble_avg_top5,0.3889999999999997,0.7206789385608414,0.625
ensemble_avg_top5,0.3899999999999997,0.7228065981353096,0.6235294117647059
ensemble_avg_top5,0.3909999999999997,0.7216830026296917,0.6220588235294118
ensemble_avg_top5,0.3919999999999997,0.7205594071240736,0.6205882352941177
ensemble_avg_top5,0.3929999999999997,0.7205594071240736,0.6205882352941177
ensemble_avg_top5,0.3939999999999997,0.7226870666985417,0.6191176470588236
ensemble_avg_top5,0.3949999999999997,0.7248147262730098,0.6176470588235294
ensemble_avg_top5,0.3959999999999997,0.7236911307673919,0.6161764705882353
ensemble_avg_top5,0.3969999999999997,0.7225675352617738,0.6147058823529412
ensemble_avg_top5,0.3979999999999997,0.7225675352617738,0.6147058823529412
ensemble_avg_top5,0.3989999999999997,0.7225675352617738,0.6147058823529412
ensemble_avg_top5,0.3999999999999997,0.7246951948362419,0.6132352941176471
ensemble_avg_top5,0.4009999999999997,0.725699258905092,0.6102941176470589
ensemble_avg_top5,0.4019999999999997,0.72782691847956,0.6088235294117647
ensemble_avg_top5,0.4029999999999997,0.7299545780540282,0.6073529411764705
ensemble_avg_top5,0.4039999999999997,0.7320822376284963,0.6058823529411764
ensemble_avg_top5,0.4049999999999997,0.7342098972029644,0.6044117647058823
ensemble_avg_top5,0.40599999999999964,0.7330863016973463,0.6029411764705882
ensemble_avg_top5,0.40699999999999964,0.7319627061917284,0.6014705882352941
ensemble_avg_top5,0.40799999999999964,0.7297155151804925,0.5985294117647059
ensemble_avg_top5,0.40899999999999964,0.7318431747549605,0.5970588235294118
ensemble_avg_top5,0.40999999999999964,0.7318431747549605,0.5970588235294118
ensemble_avg_top5,0.41099999999999964,0.7328472388238108,0.5941176470588235
ensemble_avg_top5,0.41199999999999964,0.7317236433181926,0.5926470588235294
ensemble_avg_top5,0.41299999999999965,0.7317236433181926,0.5926470588235294
ensemble_avg_top5,0.41399999999999965,0.7317236433181926,0.5926470588235294
ensemble_avg_top5,0.41499999999999965,0.7338513028926608,0.5911764705882353
ensemble_avg_top5,0.41599999999999965,0.7338513028926608,0.5911764705882353
ensemble_avg_top5,0.41699999999999965,0.7348553669615109,0.5882352941176471
ensemble_avg_top5,0.41799999999999965,0.7337317714558929,0.586764705882353
ensemble_avg_top5,0.41899999999999965,0.7368634950992111,0.5823529411764706
ensemble_avg_top5,0.41999999999999965,0.7368634950992111,0.5823529411764706
ensemble_avg_top5,0.42099999999999965,0.7357398995935931,0.5808823529411765
ensemble_avg_top5,0.42199999999999965,0.7378675591680612,0.5794117647058824
ensemble_avg_top5,0.42299999999999965,0.7399952187425293,0.5779411764705882
ensemble_avg_top5,0.42399999999999965,0.7409992828113794,0.575
ensemble_avg_top5,0.42499999999999966,0.7409992828113794,0.575
ensemble_avg_top5,0.42599999999999966,0.7452546019603156,0.5720588235294117
ensemble_avg_top5,0.42699999999999966,0.7462586660291657,0.5691176470588235
ensemble_avg_top5,0.42799999999999966,0.7462586660291657,0.5691176470588235
ensemble_avg_top5,0.42899999999999966,0.7462586660291657,0.5691176470588235
ensemble_avg_top5,0.42999999999999966,0.7451350705235477,0.5676470588235294
ensemble_avg_top5,0.43099999999999966,0.7451350705235477,0.5676470588235294
ensemble_avg_top5,0.43199999999999966,0.7451350705235477,0.5676470588235294
ensemble_avg_top5,0.43299999999999966,0.7440114750179296,0.5661764705882353
ensemble_avg_top5,0.43399999999999966,0.7428878795123117,0.5647058823529412
ensemble_avg_top5,0.43499999999999966,0.7450155390867799,0.5632352941176471
ensemble_avg_top5,0.43599999999999967,0.7471431986612479,0.5617647058823529
ensemble_avg_top5,0.4369999999999996,0.7460196031556299,0.5602941176470588
ensemble_avg_top5,0.4379999999999996,0.748147262730098,0.5588235294117647
ensemble_avg_top5,0.4389999999999996,0.748147262730098,0.5588235294117647
ensemble_avg_top5,0.4399999999999996,0.748147262730098,0.5588235294117647
ensemble_avg_top5,0.4409999999999996,0.748147262730098,0.5588235294117647
ensemble_avg_top5,0.4419999999999996,0.748147262730098,0.5588235294117647
ensemble_avg_top5,0.4429999999999996,0.7512789863734162,0.5544117647058824
ensemble_avg_top5,0.4439999999999996,0.7512789863734162,0.5544117647058824
ensemble_avg_top5,0.4449999999999996,0.7555343055223525,0.5514705882352942
ensemble_avg_top5,0.4459999999999996,0.7542911785799665,0.5455882352941176
ensemble_avg_top5,0.4469999999999996,0.7552952426488166,0.5426470588235294
ensemble_avg_top5,0.4479999999999996,0.7552952426488166,0.5426470588235294
ensemble_avg_top5,0.4489999999999996,0.7541716471431987,0.5411764705882353
ensemble_avg_top5,0.4499999999999996,0.7530480516375807,0.5397058823529411
ensemble_avg_top5,0.4509999999999996,0.7519244561319627,0.538235294117647
ensemble_avg_top5,0.4519999999999996,0.7496772651207267,0.5352941176470588
ensemble_avg_top5,0.4529999999999996,0.7506813291895769,0.5323529411764706
ensemble_avg_top5,0.4539999999999996,0.7506813291895769,0.5323529411764706
ensemble_avg_top5,0.4549999999999996,0.752808988764045,0.5308823529411765
ensemble_avg_top5,0.45599999999999963,0.752808988764045,0.5308823529411765
ensemble_avg_top5,0.45699999999999963,0.750561797752809,0.5279411764705882
ensemble_avg_top5,0.45799999999999963,0.7526894573272771,0.5264705882352941
ensemble_avg_top5,0.45899999999999963,0.7536935213961271,0.5235294117647059
ensemble_avg_top5,0.45999999999999963,0.7535739899593593,0.5191176470588236
ensemble_avg_top5,0.46099999999999963,0.7557016495338273,0.5176470588235295
ensemble_avg_top5,0.46199999999999963,0.7557016495338273,0.5176470588235295
ensemble_avg_top5,0.46299999999999963,0.7534544585225914,0.5147058823529411
ensemble_avg_top5,0.46399999999999963,0.7523308630169734,0.513235294117647
ensemble_avg_top5,0.46499999999999964,0.7512072675113555,0.5117647058823529
ensemble_avg_top5,0.46599999999999964,0.7500836720057376,0.5102941176470588
ensemble_avg_top5,0.46699999999999964,0.7500836720057376,0.5102941176470588
ensemble_avg_top5,0.46799999999999964,0.7489600765001195,0.5088235294117647
ensemble_avg_top5,0.46899999999999964,0.7489600765001195,0.5088235294117647
ensemble_avg_top5,0.4699999999999996,0.7489600765001195,0.5088235294117647
ensemble_avg_top5,0.4709999999999996,0.7520918001434377,0.5044117647058823
ensemble_avg_top5,0.4719999999999996,0.7520918001434377,0.5044117647058823
ensemble_avg_top5,0.4729999999999996,0.7520918001434377,0.5044117647058823
ensemble_avg_top5,0.4739999999999996,0.7563471192923739,0.5014705882352941
ensemble_avg_top5,0.4749999999999996,0.755223523786756,0.5
ensemble_avg_top5,0.4759999999999996,0.755223523786756,0.5
ensemble_avg_top5,0.4769999999999996,0.757351183361224,0.4985294117647059
ensemble_avg_top5,0.4779999999999996,0.755103992349988,0.49558823529411766
ensemble_avg_top5,0.4789999999999996,0.7572316519244562,0.49411764705882355
ensemble_avg_top5,0.4799999999999996,0.7549844609132201,0.49117647058823527
ensemble_avg_top5,0.4809999999999996,0.7559885249820704,0.48823529411764705
ensemble_avg_top5,0.4819999999999996,0.7559885249820704,0.48823529411764705
ensemble_avg_top5,0.4829999999999996,0.7559885249820704,0.48823529411764705
ensemble_avg_top5,0.4839999999999996,0.7559885249820704,0.48823529411764705
ensemble_avg_top5,0.4849999999999996,0.7559885249820704,0.48823529411764705
ensemble_avg_top5,0.4859999999999996,0.7559885249820704,0.48823529411764705
ensemble_avg_top5,0.4869999999999996,0.7559885249820704,0.48823529411764705
ensemble_avg_top5,0.4879999999999996,0.7559885249820704,0.48823529411764705
ensemble_avg_top5,0.4889999999999996,0.7581161845565384,0.48676470588235293
ensemble_avg_top5,0.4899999999999996,0.7581161845565384,0.48676470588235293
ensemble_avg_top5,0.4909999999999996,0.7602438441310064,0.4852941176470588
ensemble_avg_top5,0.4919999999999996,0.7602438441310064,0.4852941176470588
ensemble_avg_top5,0.4929999999999996,0.7623715037054746,0.4838235294117647
ensemble_avg_top5,0.4939999999999996,0.7623715037054746,0.4838235294117647
ensemble_avg_top5,0.4949999999999996,0.7623715037054746,0.4838235294117647
ensemble_avg_top5,0.4959999999999996,0.7623715037054746,0.4838235294117647
ensemble_avg_top5,0.4969999999999996,0.7623715037054746,0.4838235294117647
ensemble_avg_top5,0.4979999999999996,0.7633755677743246,0.4808823529411765
ensemble_avg_top5,0.4989999999999996,0.7633755677743246,0.4808823529411765
ensemble_avg_top5,0.4999999999999996,0.7655032273487927,0.47941176470588237
ensemble_avg_top5,0.5009999999999996,0.7655032273487927,0.47941176470588237
ensemble_avg_top5,0.5019999999999996,0.7676308869232609,0.47794117647058826
ensemble_avg_top5,0.5029999999999996,0.7697585464977289,0.4764705882352941
ensemble_avg_top5,0.5039999999999996,0.7697585464977289,0.4764705882352941
ensemble_avg_top5,0.5049999999999996,0.7697585464977289,0.4764705882352941
ensemble_avg_top5,0.5059999999999996,0.7697585464977289,0.4764705882352941
ensemble_avg_top5,0.5069999999999996,0.7697585464977289,0.4764705882352941
ensemble_avg_top5,0.5079999999999996,0.7686349509921109,0.475
ensemble_avg_top5,0.5089999999999996,0.7686349509921109,0.475
ensemble_avg_top5,0.5099999999999996,0.7686349509921109,0.475
ensemble_avg_top5,0.5109999999999996,0.771766674635429,0.47058823529411764
ensemble_avg_top5,0.5119999999999996,0.771766674635429,0.47058823529411764
ensemble_avg_top5,0.5129999999999996,0.771766674635429,0.47058823529411764
ensemble_avg_top5,0.5139999999999996,0.7760219937843653,0.4676470588235294
ensemble_avg_top5,0.5149999999999996,0.7760219937843653,0.4676470588235294
ensemble_avg_top5,0.5159999999999996,0.7781496533588333,0.4661764705882353
ensemble_avg_top5,0.5169999999999996,0.7770260578532153,0.4647058823529412
ensemble_avg_top5,0.5179999999999996,0.7770260578532153,0.4647058823529412
ensemble_avg_top5,0.5189999999999996,0.7759024623475974,0.4632352941176471
ensemble_avg_top5,0.5199999999999996,0.7759024623475974,0.4632352941176471
ensemble_avg_top5,0.5209999999999996,0.7759024623475974,0.4632352941176471
ensemble_avg_top5,0.5219999999999996,0.7747788668419795,0.46176470588235297
ensemble_avg_top5,0.5229999999999996,0.7747788668419795,0.46176470588235297
ensemble_avg_top5,0.5239999999999996,0.7747788668419795,0.46176470588235297
ensemble_avg_top5,0.5249999999999996,0.7747788668419795,0.46176470588235297
ensemble_avg_top5,0.5259999999999996,0.7736552713363615,0.4602941176470588
ensemble_avg_top5,0.5269999999999996,0.7702844848195075,0.45588235294117646
ensemble_avg_top5,0.5279999999999996,0.7724121443939755,0.45441176470588235
ensemble_avg_top5,0.5289999999999996,0.7745398039684437,0.45294117647058824
ensemble_avg_top5,0.5299999999999996,0.7745398039684437,0.45294117647058824
ensemble_avg_top5,0.5309999999999996,0.7734162084628258,0.4514705882352941
ensemble_avg_top5,0.5319999999999996,0.7734162084628258,0.4514705882352941
ensemble_avg_top5,0.5329999999999996,0.7734162084628258,0.4514705882352941
ensemble_avg_top5,0.5339999999999996,0.7722926129572077,0.45
ensemble_avg_top5,0.5349999999999996,0.7722926129572077,0.45
ensemble_avg_top5,0.5359999999999996,0.7722926129572077,0.45
ensemble_avg_top5,0.5369999999999996,0.7722926129572077,0.45
ensemble_avg_top5,0.5379999999999996,0.7722926129572077,0.45
ensemble_avg_top5,0.5389999999999996,0.7711690174515897,0.4485294117647059
ensemble_avg_top5,0.5399999999999996,0.7711690174515897,0.4485294117647059
ensemble_avg_top5,0.5409999999999996,0.7711690174515897,0.4485294117647059
ensemble_avg_top5,0.5419999999999996,0.7711690174515897,0.4485294117647059
ensemble_avg_top5,0.5429999999999996,0.7732966770260579,0.4470588235294118
ensemble_avg_top5,0.5439999999999996,0.7732966770260579,0.4470588235294118
ensemble_avg_top5,0.5449999999999996,0.7732966770260579,0.4470588235294118
ensemble_avg_top5,0.5459999999999996,0.7732966770260579,0.4470588235294118
ensemble_avg_top5,0.5469999999999996,0.7732966770260579,0.4470588235294118
ensemble_avg_top5,0.5479999999999996,0.7732966770260579,0.4470588235294118
ensemble_avg_top5,0.5489999999999995,0.7732966770260579,0.4470588235294118
ensemble_avg_top5,0.5499999999999995,0.7721730815204398,0.4455882352941177
ensemble_avg_top5,0.5509999999999995,0.7721730815204398,0.4455882352941177
ensemble_avg_top5,0.5519999999999995,0.7710494860148218,0.4441176470588235
ensemble_avg_top5,0.5529999999999995,0.7710494860148218,0.4441176470588235
ensemble_avg_top5,0.5539999999999995,0.7710494860148218,0.4441176470588235
ensemble_avg_top5,0.5549999999999995,0.7710494860148218,0.4441176470588235
ensemble_avg_top5,0.5559999999999995,0.7710494860148218,0.4441176470588235
ensemble_avg_top5,0.5569999999999995,0.7710494860148218,0.4441176470588235
ensemble_avg_top5,0.5579999999999995,0.769806359072436,0.43823529411764706
ensemble_avg_top5,0.5589999999999995,0.769806359072436,0.43823529411764706
ensemble_avg_top5,0.5599999999999995,0.769806359072436,0.43823529411764706
ensemble_avg_top5,0.5609999999999995,0.769806359072436,0.43823529411764706
ensemble_avg_top5,0.5619999999999995,0.769806359072436,0.43823529411764706
ensemble_avg_top5,0.5629999999999995,0.7719340186469041,0.43676470588235294
ensemble_avg_top5,0.5639999999999995,0.7719340186469041,0.43676470588235294
ensemble_avg_top5,0.5649999999999995,0.7708104231412862,0.43529411764705883
ensemble_avg_top5,0.5659999999999995,0.7708104231412862,0.43529411764705883
ensemble_avg_top5,0.5669999999999995,0.7708104231412862,0.43529411764705883
ensemble_avg_top5,0.5679999999999995,0.7708104231412862,0.43529411764705883
ensemble_avg_top5,0.5689999999999995,0.7708104231412862,0.43529411764705883
ensemble_avg_top5,0.5699999999999995,0.7708104231412862,0.43529411764705883
ensemble_avg_top5,0.5709999999999995,0.7696868276356682,0.4338235294117647
ensemble_avg_top5,0.5719999999999995,0.7696868276356682,0.4338235294117647
ensemble_avg_top5,0.5729999999999995,0.7696868276356682,0.4338235294117647
ensemble_avg_top5,0.5739999999999995,0.7696868276356682,0.4338235294117647
ensemble_avg_top5,0.5749999999999995,0.7696868276356682,0.4338235294117647
ensemble_avg_top5,0.5759999999999995,0.7696868276356682,0.4338235294117647
ensemble_avg_top5,0.5769999999999995,0.7695672961989003,0.4294117647058823
ensemble_avg_top5,0.5779999999999995,0.7695672961989003,0.4294117647058823
ensemble_avg_top5,0.5789999999999995,0.7695672961989003,0.4294117647058823
ensemble_avg_top5,0.5799999999999995,0.7695672961989003,0.4294117647058823
ensemble_avg_top5,0.5809999999999995,0.7716949557733683,0.4279411764705882
ensemble_avg_top5,0.5819999999999995,0.7716949557733683,0.4279411764705882
ensemble_avg_top5,0.5829999999999995,0.7716949557733683,0.4279411764705882
ensemble_avg_top5,0.5839999999999995,0.7716949557733683,0.4279411764705882
ensemble_avg_top5,0.5849999999999995,0.7738226153478365,0.4264705882352941
ensemble_avg_top5,0.5859999999999995,0.7726990198422186,0.425
ensemble_avg_top5,0.5869999999999995,0.7726990198422186,0.425
ensemble_avg_top5,0.5879999999999995,0.7715754243366005,0.4235294117647059
ensemble_avg_top5,0.5889999999999995,0.7715754243366005,0.4235294117647059
ensemble_avg_top5,0.5899999999999995,0.7737030839110686,0.42205882352941176
ensemble_avg_top5,0.5909999999999995,0.7737030839110686,0.42205882352941176
ensemble_avg_top5,0.5919999999999995,0.7758307434855367,0.42058823529411765
ensemble_avg_top5,0.5929999999999995,0.7779584030600049,0.41911764705882354
ensemble_avg_top5,0.5939999999999995,0.7779584030600049,0.41911764705882354
ensemble_avg_top5,0.5949999999999995,0.7779584030600049,0.41911764705882354
ensemble_avg_top5,0.5959999999999995,0.7779584030600049,0.41911764705882354
ensemble_avg_top5,0.5969999999999995,0.7779584030600049,0.41911764705882354
ensemble_avg_top5,0.5979999999999995,0.7768348075543868,0.4176470588235294
ensemble_avg_top5,0.5989999999999995,0.7768348075543868,0.4176470588235294
ensemble_avg_top5,0.5999999999999995,0.7768348075543868,0.4176470588235294
ensemble_avg_top5,0.6009999999999995,0.7768348075543868,0.4176470588235294
ensemble_avg_top5,0.6019999999999995,0.7768348075543868,0.4176470588235294
ensemble_avg_top5,0.6029999999999995,0.7768348075543868,0.4176470588235294
ensemble_avg_top5,0.6039999999999995,0.7768348075543868,0.4176470588235294
ensemble_avg_top5,0.6049999999999995,0.7768348075543868,0.4176470588235294
ensemble_avg_top5,0.6059999999999995,0.7768348075543868,0.4176470588235294
ensemble_avg_top5,0.6069999999999995,0.7768348075543868,0.4176470588235294
ensemble_avg_top5,0.6079999999999995,0.7757112120487688,0.4161764705882353
ensemble_avg_top5,0.6089999999999995,0.7745876165431509,0.4147058823529412
ensemble_avg_top5,0.6099999999999995,0.7745876165431509,0.4147058823529412
ensemble_avg_top5,0.6109999999999995,0.7745876165431509,0.4147058823529412
ensemble_avg_top5,0.6119999999999995,0.7745876165431509,0.4147058823529412
ensemble_avg_top5,0.6129999999999995,0.7712168300262969,0.4102941176470588
ensemble_avg_top5,0.6139999999999994,0.7712168300262969,0.4102941176470588
ensemble_avg_top5,0.6149999999999994,0.7712168300262969,0.4102941176470588
ensemble_avg_top5,0.6159999999999994,0.7712168300262969,0.4102941176470588
ensemble_avg_top5,0.6169999999999994,0.7712168300262969,0.4102941176470588
ensemble_avg_top5,0.6179999999999994,0.7712168300262969,0.4102941176470588
ensemble_avg_top5,0.6189999999999994,0.770093234520679,0.4088235294117647
ensemble_avg_top5,0.6199999999999994,0.768969639015061,0.4073529411764706
ensemble_avg_top5,0.6209999999999994,0.768969639015061,0.4073529411764706
ensemble_avg_top5,0.6219999999999994,0.768969639015061,0.4073529411764706
ensemble_avg_top5,0.6229999999999994,0.7688501075782931,0.40294117647058825
ensemble_avg_top5,0.6239999999999994,0.7688501075782931,0.40294117647058825
ensemble_avg_top5,0.6249999999999994,0.7677265120726751,0.40147058823529413
ensemble_avg_top5,0.6259999999999994,0.7677265120726751,0.40147058823529413
ensemble_avg_top5,0.6269999999999994,0.7654793210614392,0.3985294117647059
ensemble_avg_top5,0.6279999999999994,0.7654793210614392,0.3985294117647059
ensemble_avg_top5,0.6289999999999994,0.7654793210614392,0.3985294117647059
ensemble_avg_top5,0.6299999999999994,0.7654793210614392,0.3985294117647059
ensemble_avg_top5,0.6309999999999995,0.7654793210614392,0.3985294117647059
ensemble_avg_top5,0.6319999999999995,0.7654793210614392,0.3985294117647059
ensemble_avg_top5,0.6329999999999995,0.7654793210614392,0.3985294117647059
ensemble_avg_top5,0.6339999999999995,0.7654793210614392,0.3985294117647059
ensemble_avg_top5,0.6349999999999995,0.7654793210614392,0.3985294117647059
ensemble_avg_top5,0.6359999999999995,0.7654793210614392,0.3985294117647059
ensemble_avg_top5,0.6369999999999995,0.7643557255558212,0.39705882352941174
ensemble_avg_top5,0.6379999999999995,0.7643557255558212,0.39705882352941174
ensemble_avg_top5,0.6389999999999995,0.7643557255558212,0.39705882352941174
ensemble_avg_top5,0.6399999999999995,0.7643557255558212,0.39705882352941174
ensemble_avg_top5,0.6409999999999995,0.7643557255558212,0.39705882352941174
ensemble_avg_top5,0.6419999999999995,0.7643557255558212,0.39705882352941174
ensemble_avg_top5,0.6429999999999995,0.7643557255558212,0.39705882352941174
ensemble_avg_top5,0.6439999999999995,0.7643557255558212,0.39705882352941174
ensemble_avg_top5,0.6449999999999995,0.7643557255558212,0.39705882352941174
ensemble_avg_top5,0.6459999999999995,0.7643557255558212,0.39705882352941174
ensemble_avg_top5,0.6469999999999995,0.7643557255558212,0.39705882352941174
ensemble_avg_top5,0.6479999999999995,0.7632321300502032,0.39558823529411763
ensemble_avg_top5,0.6489999999999995,0.7632321300502032,0.39558823529411763
ensemble_avg_top5,0.6499999999999995,0.7621085345445853,0.3941176470588235
ensemble_avg_top5,0.6509999999999995,0.7621085345445853,0.3941176470588235
ensemble_avg_top5,0.6519999999999995,0.7621085345445853,0.3941176470588235
ensemble_avg_top5,0.6529999999999995,0.7621085345445853,0.3941176470588235
ensemble_avg_top5,0.6539999999999995,0.7621085345445853,0.3941176470588235
ensemble_avg_top5,0.6549999999999995,0.7621085345445853,0.3941176470588235
ensemble_avg_top5,0.6559999999999995,0.7621085345445853,0.3941176470588235
ensemble_avg_top5,0.6569999999999995,0.7609849390389672,0.3926470588235294
ensemble_avg_top5,0.6579999999999995,0.7609849390389672,0.3926470588235294
ensemble_avg_top5,0.6589999999999995,0.7609849390389672,0.3926470588235294
ensemble_avg_top5,0.6599999999999995,0.7609849390389672,0.3926470588235294
ensemble_avg_top5,0.6609999999999995,0.7598613435333492,0.3911764705882353
ensemble_avg_top5,0.6619999999999995,0.7598613435333492,0.3911764705882353
ensemble_avg_top5,0.6629999999999995,0.7608654076021995,0.38823529411764707
ensemble_avg_top5,0.6639999999999995,0.7597418120965814,0.38676470588235295
ensemble_avg_top5,0.6649999999999995,0.7586182165909634,0.38529411764705884
ensemble_avg_top5,0.6659999999999995,0.7586182165909634,0.38529411764705884
ensemble_avg_top5,0.6669999999999995,0.7563710255797275,0.38235294117647056
ensemble_avg_top5,0.6679999999999995,0.7552474300741094,0.38088235294117645
ensemble_avg_top5,0.6689999999999995,0.7541238345684915,0.37941176470588234
ensemble_avg_top5,0.6699999999999995,0.7518766435572556,0.3764705882352941
ensemble_avg_top5,0.6709999999999995,0.7518766435572556,0.3764705882352941
ensemble_avg_top5,0.6719999999999995,0.7518766435572556,0.3764705882352941
ensemble_avg_top5,0.6729999999999995,0.7518766435572556,0.3764705882352941
ensemble_avg_top5,0.6739999999999995,0.7518766435572556,0.3764705882352941
ensemble_avg_top5,0.6749999999999995,0.7507530480516376,0.375
ensemble_avg_top5,0.6759999999999995,0.7507530480516376,0.375
ensemble_avg_top5,0.6769999999999994,0.7496294525460196,0.3735294117647059
ensemble_avg_top5,0.6779999999999994,0.7496294525460196,0.3735294117647059
ensemble_avg_top5,0.6789999999999994,0.7496294525460196,0.3735294117647059
ensemble_avg_top5,0.6799999999999994,0.7496294525460196,0.3735294117647059
ensemble_avg_top5,0.6809999999999994,0.7485058570404016,0.3720588235294118
ensemble_avg_top5,0.6819999999999994,0.7473822615347836,0.37058823529411766
ensemble_avg_top5,0.6829999999999994,0.7473822615347836,0.37058823529411766
ensemble_avg_top5,0.6839999999999994,0.7473822615347836,0.37058823529411766
ensemble_avg_top5,0.6849999999999994,0.7473822615347836,0.37058823529411766
ensemble_avg_top5,0.6859999999999994,0.7495099211092517,0.36911764705882355
ensemble_avg_top5,0.6869999999999994,0.7495099211092517,0.36911764705882355
ensemble_avg_top5,0.6879999999999994,0.7495099211092517,0.36911764705882355
ensemble_avg_top5,0.6889999999999994,0.7495099211092517,0.36911764705882355
ensemble_avg_top5,0.6899999999999994,0.7483863256036338,0.36764705882352944
ensemble_avg_top5,0.6909999999999994,0.7483863256036338,0.36764705882352944
ensemble_avg_top5,0.6919999999999994,0.7483863256036338,0.36764705882352944
ensemble_avg_top5,0.6929999999999994,0.7472627300980158,0.36617647058823527
ensemble_avg_top5,0.6939999999999994,0.7472627300980158,0.36617647058823527
ensemble_avg_top5,0.6949999999999994,0.7472627300980158,0.36617647058823527
ensemble_avg_top5,0.6959999999999994,0.7472627300980158,0.36617647058823527
ensemble_avg_top5,0.6969999999999994,0.7472627300980158,0.36617647058823527
ensemble_avg_top5,0.6979999999999994,0.7472627300980158,0.36617647058823527
ensemble_avg_top5,0.6989999999999994,0.7472627300980158,0.36617647058823527
ensemble_avg_top5,0.6999999999999994,0.7472627300980158,0.36617647058823527
ensemble_avg_top5,0.7009999999999994,0.7472627300980158,0.36617647058823527
ensemble_avg_top5,0.7019999999999994,0.7472627300980158,0.36617647058823527
ensemble_avg_top5,0.7029999999999994,0.7472627300980158,0.36617647058823527
ensemble_avg_top5,0.7039999999999994,0.7472627300980158,0.36617647058823527
ensemble_avg_top5,0.7049999999999994,0.7461391345923978,0.36470588235294116
ensemble_avg_top5,0.7059999999999994,0.7450155390867799,0.36323529411764705
ensemble_avg_top5,0.7069999999999994,0.7450155390867799,0.36323529411764705
ensemble_avg_top5,0.7079999999999994,0.7450155390867799,0.36323529411764705
ensemble_avg_top5,0.7089999999999994,0.7450155390867799,0.36323529411764705
ensemble_avg_top5,0.7099999999999994,0.7450155390867799,0.36323529411764705
ensemble_avg_top5,0.7109999999999994,0.7450155390867799,0.36323529411764705
ensemble_avg_top5,0.7119999999999994,0.7450155390867799,0.36323529411764705
ensemble_avg_top5,0.7129999999999994,0.7450155390867799,0.36323529411764705
ensemble_avg_top5,0.7139999999999994,0.7450155390867799,0.36323529411764705
ensemble_avg_top5,0.7149999999999994,0.7460196031556299,0.3602941176470588
ensemble_avg_top5,0.7159999999999994,0.7460196031556299,0.3602941176470588
ensemble_avg_top5,0.7169999999999994,0.7460196031556299,0.3602941176470588
ensemble_avg_top5,0.7179999999999994,0.7460196031556299,0.3602941176470588
ensemble_avg_top5,0.7189999999999994,0.7460196031556299,0.3602941176470588
ensemble_avg_top5,0.7199999999999994,0.744896007650012,0.3588235294117647
ensemble_avg_top5,0.7209999999999994,0.744896007650012,0.3588235294117647
ensemble_avg_top5,0.7219999999999994,0.744896007650012,0.3588235294117647
ensemble_avg_top5,0.7229999999999994,0.744896007650012,0.3588235294117647
ensemble_avg_top5,0.7239999999999994,0.7437724121443939,0.3573529411764706
ensemble_avg_top5,0.7249999999999994,0.7437724121443939,0.3573529411764706
ensemble_avg_top5,0.7259999999999994,0.7437724121443939,0.3573529411764706
ensemble_avg_top5,0.7269999999999994,0.7437724121443939,0.3573529411764706
ensemble_avg_top5,0.7279999999999994,0.7437724121443939,0.3573529411764706
ensemble_avg_top5,0.7289999999999994,0.7437724121443939,0.3573529411764706
ensemble_avg_top5,0.7299999999999994,0.7437724121443939,0.3573529411764706
ensemble_avg_top5,0.7309999999999994,0.7437724121443939,0.3573529411764706
ensemble_avg_top5,0.7319999999999994,0.7437724121443939,0.3573529411764706
ensemble_avg_top5,0.7329999999999994,0.745900071718862,0.3558823529411765
ensemble_avg_top5,0.7339999999999994,0.745900071718862,0.3558823529411765
ensemble_avg_top5,0.7349999999999994,0.744776476213244,0.35441176470588237
ensemble_avg_top5,0.7359999999999994,0.744776476213244,0.35441176470588237
ensemble_avg_top5,0.7369999999999994,0.744776476213244,0.35441176470588237
ensemble_avg_top5,0.7379999999999994,0.744776476213244,0.35441176470588237
ensemble_avg_top5,0.7389999999999994,0.7469041357877122,0.35294117647058826
ensemble_avg_top5,0.7399999999999994,0.7469041357877122,0.35294117647058826
ensemble_avg_top5,0.7409999999999994,0.7469041357877122,0.35294117647058826
ensemble_avg_top5,0.7419999999999993,0.7469041357877122,0.35294117647058826
ensemble_avg_top5,0.7429999999999993,0.7469041357877122,0.35294117647058826
ensemble_avg_top5,0.7439999999999993,0.7469041357877122,0.35294117647058826
ensemble_avg_top5,0.7449999999999993,0.7469041357877122,0.35294117647058826
ensemble_avg_top5,0.7459999999999993,0.7469041357877122,0.35294117647058826
ensemble_avg_top5,0.7469999999999993,0.7469041357877122,0.35294117647058826
ensemble_avg_top5,0.7479999999999993,0.7446569447764761,0.35
ensemble_avg_top5,0.7489999999999993,0.7446569447764761,0.35
ensemble_avg_top5,0.7499999999999993,0.7446569447764761,0.35
ensemble_avg_top5,0.7509999999999993,0.7435333492708582,0.34852941176470587
ensemble_avg_top5,0.7519999999999993,0.7435333492708582,0.34852941176470587
ensemble_avg_top5,0.7529999999999993,0.7435333492708582,0.34852941176470587
ensemble_avg_top5,0.7539999999999993,0.7435333492708582,0.34852941176470587
ensemble_avg_top5,0.7549999999999993,0.7435333492708582,0.34852941176470587
ensemble_avg_top5,0.7559999999999993,0.7435333492708582,0.34852941176470587
ensemble_avg_top5,0.7569999999999993,0.7435333492708582,0.34852941176470587
ensemble_avg_top5,0.7579999999999993,0.7435333492708582,0.34852941176470587
ensemble_avg_top5,0.7589999999999993,0.7435333492708582,0.34852941176470587
ensemble_avg_top5,0.7599999999999993,0.7435333492708582,0.34852941176470587
ensemble_avg_top5,0.7609999999999993,0.7435333492708582,0.34852941176470587
ensemble_avg_top5,0.7619999999999993,0.7435333492708582,0.34852941176470587
ensemble_avg_top5,0.7629999999999993,0.7435333492708582,0.34852941176470587
ensemble_avg_top5,0.7639999999999993,0.7435333492708582,0.34852941176470587
ensemble_avg_top5,0.7649999999999993,0.7435333492708582,0.34852941176470587
ensemble_avg_top5,0.7659999999999993,0.7424097537652402,0.34705882352941175
ensemble_avg_top5,0.7669999999999993,0.7424097537652402,0.34705882352941175
ensemble_avg_top5,0.7679999999999993,0.7424097537652402,0.34705882352941175
ensemble_avg_top5,0.7689999999999994,0.7412861582596222,0.34558823529411764
ensemble_avg_top5,0.7699999999999994,0.7412861582596222,0.34558823529411764
ensemble_avg_top5,0.7709999999999994,0.7412861582596222,0.34558823529411764
ensemble_avg_top5,0.7719999999999994,0.7401625627540043,0.34411764705882353
ensemble_avg_top5,0.7729999999999994,0.7401625627540043,0.34411764705882353
ensemble_avg_top5,0.7739999999999994,0.7390389672483864,0.3426470588235294
ensemble_avg_top5,0.7749999999999994,0.7390389672483864,0.3426470588235294
ensemble_avg_top5,0.7759999999999994,0.7390389672483864,0.3426470588235294
ensemble_avg_top5,0.7769999999999994,0.7390389672483864,0.3426470588235294
ensemble_avg_top5,0.7779999999999994,0.7390389672483864,0.3426470588235294
ensemble_avg_top5,0.7789999999999994,0.7390389672483864,0.3426470588235294
ensemble_avg_top5,0.7799999999999994,0.7390389672483864,0.3426470588235294
ensemble_avg_top5,0.7809999999999994,0.7390389672483864,0.3426470588235294
ensemble_avg_top5,0.7819999999999994,0.7390389672483864,0.3426470588235294
ensemble_avg_top5,0.7829999999999994,0.7390389672483864,0.3426470588235294
ensemble_avg_top5,0.7839999999999994,0.7390389672483864,0.3426470588235294
ensemble_avg_top5,0.7849999999999994,0.7379153717427683,0.3411764705882353
ensemble_avg_top5,0.7859999999999994,0.7379153717427683,0.3411764705882353
ensemble_avg_top5,0.7869999999999994,0.7379153717427683,0.3411764705882353
ensemble_avg_top5,0.7879999999999994,0.7379153717427683,0.3411764705882353
ensemble_avg_top5,0.7889999999999994,0.7379153717427683,0.3411764705882353
ensemble_avg_top5,0.7899999999999994,0.7367917762371503,0.3397058823529412
ensemble_avg_top5,0.7909999999999994,0.7367917762371503,0.3397058823529412
ensemble_avg_top5,0.7919999999999994,0.7367917762371503,0.3397058823529412
ensemble_avg_top5,0.7929999999999994,0.7367917762371503,0.3397058823529412
ensemble_avg_top5,0.7939999999999994,0.7367917762371503,0.3397058823529412
ensemble_avg_top5,0.7949999999999994,0.7367917762371503,0.3397058823529412
ensemble_avg_top5,0.7959999999999994,0.7367917762371503,0.3397058823529412
ensemble_avg_top5,0.7969999999999994,0.7367917762371503,0.3397058823529412
ensemble_avg_top5,0.7979999999999994,0.7367917762371503,0.3397058823529412
ensemble_avg_top5,0.7989999999999994,0.7367917762371503,0.3397058823529412
ensemble_avg_top5,0.7999999999999994,0.7356681807315324,0.3382352941176471
ensemble_avg_top5,0.8009999999999994,0.7345445852259144,0.33676470588235297
ensemble_avg_top5,0.8019999999999994,0.7345445852259144,0.33676470588235297
ensemble_avg_top5,0.8029999999999994,0.7345445852259144,0.33676470588235297
ensemble_avg_top5,0.8039999999999994,0.7345445852259144,0.33676470588235297
ensemble_avg_top5,0.8049999999999993,0.7345445852259144,0.33676470588235297
ensemble_avg_top5,0.8059999999999993,0.7345445852259144,0.33676470588235297
ensemble_avg_top5,0.8069999999999993,0.7334209897202965,0.3352941176470588
ensemble_avg_top5,0.8079999999999993,0.7334209897202965,0.3352941176470588
ensemble_avg_top5,0.8089999999999993,0.7334209897202965,0.3352941176470588
ensemble_avg_top5,0.8099999999999993,0.7334209897202965,0.3352941176470588
ensemble_avg_top5,0.8109999999999993,0.7334209897202965,0.3352941176470588
ensemble_avg_top5,0.8119999999999993,0.7334209897202965,0.3352941176470588
ensemble_avg_top5,0.8129999999999993,0.7334209897202965,0.3352941176470588
ensemble_avg_top5,0.8139999999999993,0.7334209897202965,0.3352941176470588
ensemble_avg_top5,0.8149999999999993,0.7334209897202965,0.3352941176470588
ensemble_avg_top5,0.8159999999999993,0.7334209897202965,0.3352941176470588
ensemble_avg_top5,0.8169999999999993,0.7334209897202965,0.3352941176470588
ensemble_avg_top5,0.8179999999999993,0.7334209897202965,0.3352941176470588
ensemble_avg_top5,0.8189999999999993,0.7322973942146784,0.3338235294117647
ensemble_avg_top5,0.8199999999999993,0.7322973942146784,0.3338235294117647
ensemble_avg_top5,0.8209999999999993,0.7322973942146784,0.3338235294117647
ensemble_avg_top5,0.8219999999999993,0.7322973942146784,0.3338235294117647
ensemble_avg_top5,0.8229999999999993,0.7311737987090605,0.3323529411764706
ensemble_avg_top5,0.8239999999999993,0.7311737987090605,0.3323529411764706
ensemble_avg_top5,0.8249999999999993,0.7311737987090605,0.3323529411764706
ensemble_avg_top5,0.8259999999999993,0.7300502032034425,0.33088235294117646
ensemble_avg_top5,0.8269999999999993,0.7300502032034425,0.33088235294117646
ensemble_avg_top5,0.8279999999999993,0.7300502032034425,0.33088235294117646
ensemble_avg_top5,0.8289999999999993,0.7300502032034425,0.33088235294117646
ensemble_avg_top5,0.8299999999999993,0.7300502032034425,0.33088235294117646
ensemble_avg_top5,0.8309999999999993,0.7300502032034425,0.33088235294117646
ensemble_avg_top5,0.8319999999999993,0.7300502032034425,0.33088235294117646
ensemble_avg_top5,0.8329999999999993,0.7289266076978245,0.32941176470588235
ensemble_avg_top5,0.8339999999999993,0.7289266076978245,0.32941176470588235
ensemble_avg_top5,0.8349999999999993,0.7289266076978245,0.32941176470588235
ensemble_avg_top5,0.8359999999999993,0.7289266076978245,0.32941176470588235
ensemble_avg_top5,0.8369999999999993,0.7289266076978245,0.32941176470588235
ensemble_avg_top5,0.8379999999999993,0.7289266076978245,0.32941176470588235
ensemble_avg_top5,0.8389999999999993,0.7289266076978245,0.32941176470588235
ensemble_avg_top5,0.8399999999999993,0.7278030121922066,0.32794117647058824
ensemble_avg_top5,0.8409999999999993,0.7278030121922066,0.32794117647058824
ensemble_avg_top5,0.8419999999999993,0.7278030121922066,0.32794117647058824
ensemble_avg_top5,0.8429999999999993,0.7278030121922066,0.32794117647058824
ensemble_avg_top5,0.8439999999999993,0.7255558211809705,0.325
ensemble_avg_top5,0.8449999999999993,0.7255558211809705,0.325
ensemble_avg_top5,0.8459999999999993,0.7255558211809705,0.325
ensemble_avg_top5,0.8469999999999993,0.7244322256753526,0.3235294117647059
ensemble_avg_top5,0.8479999999999993,0.7244322256753526,0.3235294117647059
ensemble_avg_top5,0.8489999999999993,0.7244322256753526,0.3235294117647059
ensemble_avg_top5,0.8499999999999993,0.7233086301697347,0.3220588235294118
ensemble_avg_top5,0.8509999999999993,0.7233086301697347,0.3220588235294118
ensemble_avg_top5,0.8519999999999993,0.7233086301697347,0.3220588235294118
ensemble_avg_top5,0.8529999999999993,0.7221850346641167,0.3205882352941177
ensemble_avg_top5,0.8539999999999993,0.7210614391584986,0.3191176470588235
ensemble_avg_top5,0.8549999999999993,0.7210614391584986,0.3191176470588235
ensemble_avg_top5,0.8559999999999993,0.7210614391584986,0.3191176470588235
ensemble_avg_top5,0.8569999999999993,0.7210614391584986,0.3191176470588235
ensemble_avg_top5,0.8579999999999993,0.7210614391584986,0.3191176470588235
ensemble_avg_top5,0.8589999999999993,0.7210614391584986,0.3191176470588235
ensemble_avg_top5,0.8599999999999993,0.7199378436528807,0.3176470588235294
ensemble_avg_top5,0.8609999999999993,0.7199378436528807,0.3176470588235294
ensemble_avg_top5,0.8619999999999993,0.7199378436528807,0.3176470588235294
ensemble_avg_top5,0.8629999999999993,0.7199378436528807,0.3176470588235294
ensemble_avg_top5,0.8639999999999993,0.7199378436528807,0.3176470588235294
ensemble_avg_top5,0.8649999999999993,0.7199378436528807,0.3176470588235294
ensemble_avg_top5,0.8659999999999993,0.7199378436528807,0.3176470588235294
ensemble_avg_top5,0.8669999999999993,0.7199378436528807,0.3176470588235294
ensemble_avg_top5,0.8679999999999993,0.7188142481472627,0.3161764705882353
ensemble_avg_top5,0.8689999999999993,0.7188142481472627,0.3161764705882353
ensemble_avg_top5,0.8699999999999992,0.7188142481472627,0.3161764705882353
ensemble_avg_top5,0.8709999999999992,0.7188142481472627,0.3161764705882353
ensemble_avg_top5,0.8719999999999992,0.7176906526416447,0.31470588235294117
ensemble_avg_top5,0.8729999999999992,0.7176906526416447,0.31470588235294117
ensemble_avg_top5,0.8739999999999992,0.7165670571360268,0.31323529411764706
ensemble_avg_top5,0.8749999999999992,0.7165670571360268,0.31323529411764706
ensemble_avg_top5,0.8759999999999992,0.7165670571360268,0.31323529411764706
ensemble_avg_top5,0.8769999999999992,0.7165670571360268,0.31323529411764706
ensemble_avg_top5,0.8779999999999992,0.7154434616304088,0.31176470588235294
ensemble_avg_top5,0.8789999999999992,0.7131962706191728,0.3088235294117647
ensemble_avg_top5,0.8799999999999992,0.7131962706191728,0.3088235294117647
ensemble_avg_top5,0.8809999999999992,0.7120726751135549,0.3073529411764706
ensemble_avg_top5,0.8819999999999992,0.7120726751135549,0.3073529411764706
ensemble_avg_top5,0.8829999999999992,0.7098254841023188,0.3044117647058823
ensemble_avg_top5,0.8839999999999992,0.7098254841023188,0.3044117647058823
ensemble_avg_top5,0.8849999999999992,0.7087018885967009,0.3029411764705882
ensemble_avg_top5,0.8859999999999992,0.707578293091083,0.3014705882352941
ensemble_avg_top5,0.8869999999999992,0.707578293091083,0.3014705882352941
ensemble_avg_top5,0.8879999999999992,0.706454697585465,0.3
ensemble_avg_top5,0.8889999999999992,0.706454697585465,0.3
ensemble_avg_top5,0.8899999999999992,0.7074587616543151,0.29705882352941176
ensemble_avg_top5,0.8909999999999992,0.7063351661486971,0.29558823529411765
ensemble_avg_top5,0.8919999999999992,0.7063351661486971,0.29558823529411765
ensemble_avg_top5,0.8929999999999992,0.705211570643079,0.29411764705882354
ensemble_avg_top5,0.8939999999999992,0.7073392302175472,0.2926470588235294
ensemble_avg_top5,0.8949999999999992,0.7062156347119293,0.2911764705882353
ensemble_avg_top5,0.8959999999999992,0.7062156347119293,0.2911764705882353
ensemble_avg_top5,0.8969999999999992,0.7062156347119293,0.2911764705882353
ensemble_avg_top5,0.8979999999999992,0.7062156347119293,0.2911764705882353
ensemble_avg_top5,0.8989999999999992,0.7062156347119293,0.2911764705882353
ensemble_avg_top5,0.8999999999999992,0.7050920392063112,0.2897058823529412
ensemble_avg_top5,0.9009999999999992,0.7017212526894573,0.2852941176470588
ensemble_avg_top5,0.9019999999999992,0.7005976571838394,0.2838235294117647
ensemble_avg_top5,0.9029999999999992,0.6983504661726034,0.28088235294117647
ensemble_avg_top5,0.9039999999999992,0.6972268706669854,0.27941176470588236
ensemble_avg_top5,0.9049999999999992,0.6972268706669854,0.27941176470588236
ensemble_avg_top5,0.9059999999999993,0.6972268706669854,0.27941176470588236
ensemble_avg_top5,0.9069999999999993,0.6961032751613674,0.27794117647058825
ensemble_avg_top5,0.9079999999999993,0.6971073392302175,0.275
ensemble_avg_top5,0.9089999999999993,0.6948601482189816,0.27205882352941174
ensemble_avg_top5,0.9099999999999993,0.6948601482189816,0.27205882352941174
ensemble_avg_top5,0.9109999999999993,0.6914893617021276,0.2676470588235294
ensemble_avg_top5,0.9119999999999993,0.6881185751852738,0.26323529411764707
ensemble_avg_top5,0.9129999999999993,0.6869949796796557,0.26176470588235295
ensemble_avg_top5,0.9139999999999993,0.6858713841740378,0.26029411764705884
ensemble_avg_top5,0.9149999999999993,0.6858713841740378,0.26029411764705884
ensemble_avg_top5,0.9159999999999993,0.6825005976571838,0.25588235294117645
ensemble_avg_top5,0.9169999999999993,0.683504661726034,0.2529411764705882
ensemble_avg_top5,0.9179999999999993,0.683504661726034,0.2529411764705882
ensemble_avg_top5,0.9189999999999993,0.683504661726034,0.2529411764705882
ensemble_avg_top5,0.9199999999999993,0.6823810662204159,0.2514705882352941
ensemble_avg_top5,0.9209999999999993,0.6778866841979441,0.24558823529411763
ensemble_avg_top5,0.9219999999999993,0.676763088692326,0.24411764705882352
ensemble_avg_top5,0.9229999999999993,0.676763088692326,0.24411764705882352
ensemble_avg_top5,0.9239999999999993,0.6756394931867081,0.2426470588235294
ensemble_avg_top5,0.9249999999999993,0.6733923021754722,0.23970588235294119
ensemble_avg_top5,0.9259999999999993,0.6722687066698542,0.23823529411764705
ensemble_avg_top5,0.9269999999999993,0.6688979201530002,0.2338235294117647
ensemble_avg_top5,0.9279999999999993,0.6666507291417643,0.23088235294117648
ensemble_avg_top5,0.9289999999999993,0.6644035381305283,0.22794117647058823
ensemble_avg_top5,0.9299999999999993,0.6642840066937604,0.2235294117647059
ensemble_avg_top5,0.9309999999999993,0.6620368156825245,0.22058823529411764
ensemble_avg_top5,0.9319999999999993,0.6586660291656705,0.2161764705882353
ensemble_avg_top5,0.9329999999999992,0.6541716471431986,0.21029411764705883
ensemble_avg_top5,0.9339999999999992,0.6508008606263447,0.20588235294117646
ensemble_avg_top5,0.9349999999999992,0.6474300741094908,0.20147058823529412
ensemble_avg_top5,0.9359999999999992,0.6429356920870188,0.19558823529411765
ensemble_avg_top5,0.9369999999999992,0.6406885010757829,0.19264705882352942
ensemble_avg_top5,0.9379999999999992,0.635070523547693,0.18529411764705883
ensemble_avg_top5,0.9389999999999992,0.6304566100884532,0.175
ensemble_avg_top5,0.9399999999999992,0.6270858235715994,0.17058823529411765
ensemble_avg_top5,0.9409999999999992,0.6259622280659813,0.16911764705882354
ensemble_avg_top5,0.9419999999999992,0.6237150370547454,0.1661764705882353
ensemble_avg_top5,0.9429999999999992,0.6225914415491274,0.16470588235294117
ensemble_avg_top5,0.9439999999999992,0.6203442505378914,0.16176470588235295
ensemble_avg_top5,0.9449999999999992,0.6192206550322735,0.16029411764705884
ensemble_avg_top5,0.9459999999999992,0.6192206550322735,0.16029411764705884
ensemble_avg_top5,0.9469999999999992,0.6169734640210376,0.15735294117647058
ensemble_avg_top5,0.9479999999999992,0.6124790819985656,0.1514705882352941
ensemble_avg_top5,0.9489999999999992,0.6113554864929477,0.15
ensemble_avg_top5,0.9499999999999992,0.6079846999760937,0.14558823529411766
ensemble_avg_top5,0.9509999999999992,0.6068611044704757,0.14411764705882352
ensemble_avg_top5,0.9519999999999992,0.6022471910112359,0.1338235294117647
ensemble_avg_top5,0.9529999999999992,0.6,0.13088235294117648
ensemble_avg_top5,0.9539999999999992,0.597752808988764,0.12794117647058822
ensemble_avg_top5,0.9549999999999992,0.5955056179775281,0.125
ensemble_avg_top5,0.9559999999999992,0.5910112359550562,0.11911764705882352
ensemble_avg_top5,0.9569999999999992,0.5853932584269663,0.11176470588235295
ensemble_avg_top5,0.9579999999999992,0.5831460674157304,0.10882352941176471
ensemble_avg_top5,0.9589999999999992,0.5775280898876405,0.10147058823529412
ensemble_avg_top5,0.9599999999999992,0.5741573033707865,0.09705882352941177
ensemble_avg_top5,0.9609999999999992,0.5685393258426966,0.08970588235294118
ensemble_avg_top5,0.9619999999999992,0.5584269662921348,0.07647058823529412
ensemble_avg_top5,0.9629999999999992,0.5550561797752809,0.07205882352941176
ensemble_avg_top5,0.9639999999999992,0.5516853932584269,0.06764705882352941
ensemble_avg_top5,0.9649999999999992,0.547191011235955,0.061764705882352944
ensemble_avg_top5,0.9659999999999992,0.5438202247191011,0.057352941176470586
ensemble_avg_top5,0.9669999999999992,0.5415730337078651,0.054411764705882354
ensemble_avg_top5,0.9679999999999992,0.5404494382022472,0.052941176470588235
ensemble_avg_top5,0.9689999999999992,0.5337078651685393,0.04411764705882353
ensemble_avg_top5,0.9699999999999992,0.5269662921348315,0.03529411764705882
ensemble_avg_top5,0.9709999999999992,0.5213483146067416,0.027941176470588237
ensemble_avg_top5,0.9719999999999992,0.5179775280898876,0.023529411764705882
ensemble_avg_top5,0.9729999999999992,0.5179775280898876,0.023529411764705882
ensemble_avg_top5,0.9739999999999992,0.5168539325842697,0.022058823529411766
ensemble_avg_top5,0.9749999999999992,0.5157303370786517,0.020588235294117647
ensemble_avg_top5,0.9759999999999992,0.5123595505617977,0.016176470588235296
ensemble_avg_top5,0.9769999999999992,0.5101123595505618,0.013235294117647059
ensemble_avg_top5,0.9779999999999992,0.5089887640449439,0.011764705882352941
ensemble_avg_top5,0.9789999999999992,0.5067415730337078,0.008823529411764706
ensemble_avg_top5,0.9799999999999992,0.5056179775280899,0.007352941176470588
ensemble_avg_top5,0.9809999999999992,0.5056179775280899,0.007352941176470588
ensemble_avg_top5,0.9819999999999992,0.5056179775280899,0.007352941176470588
ensemble_avg_top5,0.9829999999999992,0.503370786516854,0.004411764705882353
ensemble_avg_top5,0.9839999999999992,0.5022471910112359,0.0029411764705882353
ensemble_avg_top5,0.9849999999999992,0.501123595505618,0.0014705882352941176
ensemble_avg_top5,0.9859999999999992,0.501123595505618,0.0014705882352941176
ensemble_avg_top5,0.9869999999999992,0.501123595505618,0.0014705882352941176
ensemble_avg_top5,0.9879999999999992,0.501123595505618,0.0014705882352941176
ensemble_avg_top5,0.9889999999999992,0.501123595505618,0.0014705882352941176
ensemble_avg_top5,0.9899999999999992,0.5,0.0
ensemble_threshold_vote,0.01,0.5816638775998088,0.8941176470588236
ensemble_threshold_vote,0.011,0.5816638775998088,0.8941176470588236
ensemble_threshold_vote,0.011999999999999999,0.5816638775998088,0.8941176470588236
ensemble_threshold_vote,0.012999999999999998,0.5816638775998088,0.8941176470588236
ensemble_threshold_vote,0.013999999999999997,0.5816638775998088,0.8941176470588236
ensemble_threshold_vote,0.014999999999999996,0.5816638775998088,0.8941176470588236
ensemble_threshold_vote,0.015999999999999993,0.5816638775998088,0.8941176470588236
ensemble_threshold_vote,0.016999999999999994,0.5816638775998088,0.8941176470588236
ensemble_threshold_vote,0.017999999999999995,0.5816638775998088,0.8941176470588236
ensemble_threshold_vote,0.018999999999999993,0.5816638775998088,0.8941176470588236
ensemble_threshold_vote,0.01999999999999999,0.5816638775998088,0.8941176470588236
ensemble_threshold_vote,0.02099999999999999,0.5816638775998088,0.8941176470588236
ensemble_threshold_vote,0.021999999999999992,0.5816638775998088,0.8941176470588236
ensemble_threshold_vote,0.02299999999999999,0.5816638775998088,0.8941176470588236
ensemble_threshold_vote,0.023999999999999987,0.5816638775998088,0.8941176470588236
ensemble_threshold_vote,0.024999999999999988,0.5816638775998088,0.8941176470588236
ensemble_threshold_vote,0.02599999999999999,0.5816638775998088,0.8941176470588236
ensemble_threshold_vote,0.026999999999999986,0.5816638775998088,0.8941176470588236
ensemble_threshold_vote,0.027999999999999983,0.608247669136983,0.8352941176470589
ensemble_threshold_vote,0.028999999999999984,0.608247669136983,0.8352941176470589
ensemble_threshold_vote,0.029999999999999985,0.608247669136983,0.8352941176470589
ensemble_threshold_vote,0.030999999999999982,0.608247669136983,0.8352941176470589
ensemble_threshold_vote,0.03199999999999998,0.608247669136983,0.8352941176470589
ensemble_threshold_vote,0.03299999999999998,0.608247669136983,0.8352941176470589
ensemble_threshold_vote,0.03399999999999998,0.608247669136983,0.8352941176470589
ensemble_threshold_vote,0.034999999999999976,0.608247669136983,0.8352941176470589
ensemble_threshold_vote,0.035999999999999976,0.608247669136983,0.8352941176470589
ensemble_threshold_vote,0.03699999999999998,0.608247669136983,0.8352941176470589
ensemble_threshold_vote,0.03799999999999998,0.608247669136983,0.8352941176470589
ensemble_threshold_vote,0.03899999999999998,0.608247669136983,0.8352941176470589
ensemble_threshold_vote,0.03999999999999997,0.608247669136983,0.8352941176470589
ensemble_threshold_vote,0.040999999999999974,0.608247669136983,0.8352941176470589
ensemble_threshold_vote,0.041999999999999975,0.608247669136983,0.8352941176470589
ensemble_threshold_vote,0.04299999999999997,0.608247669136983,0.8352941176470589
ensemble_threshold_vote,0.04399999999999997,0.608247669136983,0.8352941176470589
ensemble_threshold_vote,0.04499999999999997,0.608247669136983,0.8352941176470589
ensemble_threshold_vote,0.04599999999999997,0.608247669136983,0.8352941176470589
ensemble_threshold_vote,0.04699999999999997,0.608247669136983,0.8352941176470589
ensemble_threshold_vote,0.047999999999999966,0.608247669136983,0.8352941176470589
ensemble_threshold_vote,0.04899999999999997,0.608247669136983,0.8352941176470589
ensemble_threshold_vote,0.04999999999999997,0.608247669136983,0.8352941176470589
ensemble_threshold_vote,0.05099999999999996,0.608247669136983,0.8352941176470589
ensemble_threshold_vote,0.05199999999999996,0.608247669136983,0.8352941176470589
ensemble_threshold_vote,0.052999999999999964,0.608247669136983,0.8352941176470589
ensemble_threshold_vote,0.053999999999999965,0.608247669136983,0.8352941176470589
ensemble_threshold_vote,0.054999999999999966,0.608247669136983,0.8352941176470589
ensemble_threshold_vote,0.05599999999999996,0.6408080325125508,0.7970588235294118
ensemble_threshold_vote,0.05699999999999996,0.6408080325125508,0.7970588235294118
ensemble_threshold_vote,0.05799999999999996,0.6408080325125508,0.7970588235294118
ensemble_threshold_vote,0.058999999999999955,0.6408080325125508,0.7970588235294118
ensemble_threshold_vote,0.059999999999999956,0.6408080325125508,0.7970588235294118
ensemble_threshold_vote,0.06099999999999996,0.6408080325125508,0.7970588235294118
ensemble_threshold_vote,0.06199999999999996,0.6408080325125508,0.7970588235294118
ensemble_threshold_vote,0.06299999999999996,0.6408080325125508,0.7970588235294118
ensemble_threshold_vote,0.06399999999999996,0.6408080325125508,0.7970588235294118
ensemble_threshold_vote,0.06499999999999995,0.6408080325125508,0.7970588235294118
ensemble_threshold_vote,0.06599999999999995,0.6408080325125508,0.7970588235294118
ensemble_threshold_vote,0.06699999999999995,0.6408080325125508,0.7970588235294118
ensemble_threshold_vote,0.06799999999999995,0.6408080325125508,0.7970588235294118
ensemble_threshold_vote,0.06899999999999995,0.6408080325125508,0.7970588235294118
ensemble_threshold_vote,0.06999999999999995,0.6408080325125508,0.7970588235294118
ensemble_threshold_vote,0.07099999999999995,0.6408080325125508,0.7970588235294118
ensemble_threshold_vote,0.07199999999999995,0.6408080325125508,0.7970588235294118
ensemble_threshold_vote,0.07299999999999995,0.6408080325125508,0.7970588235294118
ensemble_threshold_vote,0.07399999999999994,0.6408080325125508,0.7970588235294118
ensemble_threshold_vote,0.07499999999999994,0.6408080325125508,0.7970588235294118
ensemble_threshold_vote,0.07599999999999994,0.6408080325125508,0.7970588235294118
ensemble_threshold_vote,0.07699999999999994,0.6408080325125508,0.7970588235294118
ensemble_threshold_vote,0.07799999999999994,0.6408080325125508,0.7970588235294118
ensemble_threshold_vote,0.07899999999999995,0.6408080325125508,0.7970588235294118
ensemble_threshold_vote,0.07999999999999995,0.6408080325125508,0.7970588235294118
ensemble_threshold_vote,0.08099999999999993,0.6408080325125508,0.7970588235294118
ensemble_threshold_vote,0.08199999999999993,0.6408080325125508,0.7970588235294118
ensemble_threshold_vote,0.08299999999999993,0.6408080325125508,0.7970588235294118
ensemble_threshold_vote,0.08399999999999994,0.6529763327755199,0.7661764705882353
ensemble_threshold_vote,0.08499999999999994,0.6529763327755199,0.7661764705882353
ensemble_threshold_vote,0.08599999999999994,0.6529763327755199,0.7661764705882353
ensemble_threshold_vote,0.08699999999999994,0.6529763327755199,0.7661764705882353
ensemble_threshold_vote,0.08799999999999994,0.6529763327755199,0.7661764705882353
ensemble_threshold_vote,0.08899999999999994,0.6529763327755199,0.7661764705882353
ensemble_threshold_vote,0.08999999999999993,0.6529763327755199,0.7661764705882353
ensemble_threshold_vote,0.09099999999999993,0.6529763327755199,0.7661764705882353
ensemble_threshold_vote,0.09199999999999993,0.6529763327755199,0.7661764705882353
ensemble_threshold_vote,0.09299999999999993,0.6529763327755199,0.7661764705882353
ensemble_threshold_vote,0.09399999999999993,0.6529763327755199,0.7661764705882353
ensemble_threshold_vote,0.09499999999999993,0.6529763327755199,0.7661764705882353
ensemble_threshold_vote,0.09599999999999993,0.6529763327755199,0.7661764705882353
ensemble_threshold_vote,0.09699999999999992,0.6529763327755199,0.7661764705882353
ensemble_threshold_vote,0.09799999999999992,0.6529763327755199,0.7661764705882353
ensemble_threshold_vote,0.09899999999999992,0.6529763327755199,0.7661764705882353
ensemble_threshold_vote,0.09999999999999992,0.6529763327755199,0.7661764705882353
ensemble_threshold_vote,0.10099999999999992,0.6529763327755199,0.7661764705882353
ensemble_threshold_vote,0.10199999999999992,0.6529763327755199,0.7661764705882353
ensemble_threshold_vote,0.10299999999999992,0.6529763327755199,0.7661764705882353
ensemble_threshold_vote,0.10399999999999993,0.6529763327755199,0.7661764705882353
ensemble_threshold_vote,0.10499999999999993,0.6529763327755199,0.7661764705882353
ensemble_threshold_vote,0.10599999999999991,0.6529763327755199,0.7661764705882353
ensemble_threshold_vote,0.10699999999999991,0.6529763327755199,0.7661764705882353
ensemble_threshold_vote,0.10799999999999992,0.6529763327755199,0.7661764705882353
ensemble_threshold_vote,0.10899999999999992,0.6529763327755199,0.7661764705882353
ensemble_threshold_vote,0.10999999999999992,0.6529763327755199,0.7661764705882353
ensemble_threshold_vote,0.11099999999999992,0.6529763327755199,0.7661764705882353
ensemble_threshold_vote,0.11199999999999992,0.668515419555343,0.7397058823529412
ensemble_threshold_vote,0.1129999999999999,0.668515419555343,0.7397058823529412
ensemble_threshold_vote,0.11399999999999991,0.668515419555343,0.7397058823529412
ensemble_threshold_vote,0.11499999999999991,0.668515419555343,0.7397058823529412
ensemble_threshold_vote,0.11599999999999991,0.668515419555343,0.7397058823529412
ensemble_threshold_vote,0.11699999999999991,0.668515419555343,0.7397058823529412
ensemble_threshold_vote,0.11799999999999991,0.668515419555343,0.7397058823529412
ensemble_threshold_vote,0.11899999999999991,0.668515419555343,0.7397058823529412
ensemble_threshold_vote,0.11999999999999991,0.668515419555343,0.7397058823529412
ensemble_threshold_vote,0.12099999999999991,0.668515419555343,0.7397058823529412
ensemble_threshold_vote,0.1219999999999999,0.668515419555343,0.7397058823529412
ensemble_threshold_vote,0.1229999999999999,0.668515419555343,0.7397058823529412
ensemble_threshold_vote,0.1239999999999999,0.668515419555343,0.7397058823529412
ensemble_threshold_vote,0.1249999999999999,0.668515419555343,0.7397058823529412
ensemble_threshold_vote,0.1259999999999999,0.668515419555343,0.7397058823529412
ensemble_threshold_vote,0.1269999999999999,0.668515419555343,0.7397058823529412
ensemble_threshold_vote,0.1279999999999999,0.668515419555343,0.7397058823529412
ensemble_threshold_vote,0.1289999999999999,0.668515419555343,0.7397058823529412
ensemble_threshold_vote,0.1299999999999999,0.668515419555343,0.7397058823529412
ensemble_threshold_vote,0.1309999999999999,0.668515419555343,0.7397058823529412
ensemble_threshold_vote,0.1319999999999999,0.668515419555343,0.7397058823529412
ensemble_threshold_vote,0.1329999999999999,0.668515419555343,0.7397058823529412
ensemble_threshold_vote,0.1339999999999999,0.668515419555343,0.7397058823529412
ensemble_threshold_vote,0.1349999999999999,0.668515419555343,0.7397058823529412
ensemble_threshold_vote,0.1359999999999999,0.668515419555343,0.7397058823529412
ensemble_threshold_vote,0.1369999999999999,0.668515419555343,0.7397058823529412
ensemble_threshold_vote,0.1379999999999999,0.668515419555343,0.7397058823529412
ensemble_threshold_vote,0.1389999999999999,0.6934496772651207,0.7
ensemble_threshold_vote,0.1399999999999999,0.6934496772651207,0.7
ensemble_threshold_vote,0.1409999999999999,0.6934496772651207,0.7
ensemble_threshold_vote,0.14199999999999988,0.6934496772651207,0.7
ensemble_threshold_vote,0.14299999999999988,0.6934496772651207,0.7
ensemble_threshold_vote,0.14399999999999988,0.6934496772651207,0.7
ensemble_threshold_vote,0.14499999999999988,0.6934496772651207,0.7
ensemble_threshold_vote,0.14599999999999988,0.6934496772651207,0.7
ensemble_threshold_vote,0.14699999999999988,0.6934496772651207,0.7
ensemble_threshold_vote,0.14799999999999988,0.6934496772651207,0.7
ensemble_threshold_vote,0.14899999999999988,0.6934496772651207,0.7
ensemble_threshold_vote,0.14999999999999988,0.6934496772651207,0.7
ensemble_threshold_vote,0.15099999999999988,0.6934496772651207,0.7
ensemble_threshold_vote,0.15199999999999989,0.6934496772651207,0.7
ensemble_threshold_vote,0.15299999999999989,0.6934496772651207,0.7
ensemble_threshold_vote,0.1539999999999999,0.6934496772651207,0.7
ensemble_threshold_vote,0.1549999999999999,0.6934496772651207,0.7
ensemble_threshold_vote,0.1559999999999999,0.6934496772651207,0.7
ensemble_threshold_vote,0.15699999999999986,0.6934496772651207,0.7
ensemble_threshold_vote,0.15799999999999986,0.6934496772651207,0.7
ensemble_threshold_vote,0.15899999999999986,0.6934496772651207,0.7
ensemble_threshold_vote,0.15999999999999986,0.6934496772651207,0.7
ensemble_threshold_vote,0.16099999999999987,0.6934496772651207,0.7
ensemble_threshold_vote,0.16199999999999987,0.6934496772651207,0.7
ensemble_threshold_vote,0.16299999999999987,0.6934496772651207,0.7
ensemble_threshold_vote,0.16399999999999987,0.6934496772651207,0.7
ensemble_threshold_vote,0.16499999999999987,0.6934496772651207,0.7
ensemble_threshold_vote,0.16599999999999987,0.6934496772651207,0.7
ensemble_threshold_vote,0.16699999999999987,0.7163758068371981,0.6661764705882353
ensemble_threshold_vote,0.16799999999999987,0.7163758068371981,0.6661764705882353
ensemble_threshold_vote,0.16899999999999987,0.7163758068371981,0.6661764705882353
ensemble_threshold_vote,0.16999999999999987,0.7163758068371981,0.6661764705882353
ensemble_threshold_vote,0.17099999999999987,0.7163758068371981,0.6661764705882353
ensemble_threshold_vote,0.17199999999999988,0.7163758068371981,0.6661764705882353
ensemble_threshold_vote,0.17299999999999988,0.7163758068371981,0.6661764705882353
ensemble_threshold_vote,0.17399999999999985,0.7163758068371981,0.6661764705882353
ensemble_threshold_vote,0.17499999999999985,0.7163758068371981,0.6661764705882353
ensemble_threshold_vote,0.17599999999999985,0.7163758068371981,0.6661764705882353
ensemble_threshold_vote,0.17699999999999985,0.7163758068371981,0.6661764705882353
ensemble_threshold_vote,0.17799999999999985,0.7163758068371981,0.6661764705882353
ensemble_threshold_vote,0.17899999999999985,0.7163758068371981,0.6661764705882353
ensemble_threshold_vote,0.17999999999999985,0.7163758068371981,0.6661764705882353
ensemble_threshold_vote,0.18099999999999986,0.7163758068371981,0.6661764705882353
ensemble_threshold_vote,0.18199999999999986,0.7163758068371981,0.6661764705882353
ensemble_threshold_vote,0.18299999999999986,0.7163758068371981,0.6661764705882353
ensemble_threshold_vote,0.18399999999999986,0.7163758068371981,0.6661764705882353
ensemble_threshold_vote,0.18499999999999986,0.7163758068371981,0.6661764705882353
ensemble_threshold_vote,0.18599999999999986,0.7163758068371981,0.6661764705882353
ensemble_threshold_vote,0.18699999999999986,0.7163758068371981,0.6661764705882353
ensemble_threshold_vote,0.18799999999999986,0.7163758068371981,0.6661764705882353
ensemble_threshold_vote,0.18899999999999983,0.7163758068371981,0.6661764705882353
ensemble_threshold_vote,0.18999999999999984,0.7163758068371981,0.6661764705882353
ensemble_threshold_vote,0.19099999999999984,0.7163758068371981,0.6661764705882353
ensemble_threshold_vote,0.19199999999999984,0.7163758068371981,0.6661764705882353
ensemble_threshold_vote,0.19299999999999984,0.7163758068371981,0.6661764705882353
ensemble_threshold_vote,0.19399999999999984,0.7163758068371981,0.6661764705882353
ensemble_threshold_vote,0.19499999999999984,0.7219220655032274,0.6308823529411764
ensemble_threshold_vote,0.19599999999999984,0.7219220655032274,0.6308823529411764
ensemble_threshold_vote,0.19699999999999984,0.7219220655032274,0.6308823529411764
ensemble_threshold_vote,0.19799999999999984,0.7219220655032274,0.6308823529411764
ensemble_threshold_vote,0.19899999999999984,0.7219220655032274,0.6308823529411764
ensemble_threshold_vote,0.19999999999999984,0.7219220655032274,0.6308823529411764
ensemble_threshold_vote,0.20099999999999985,0.7219220655032274,0.6308823529411764
ensemble_threshold_vote,0.20199999999999985,0.7219220655032274,0.6308823529411764
ensemble_threshold_vote,0.20299999999999985,0.7219220655032274,0.6308823529411764
ensemble_threshold_vote,0.20399999999999985,0.7219220655032274,0.6308823529411764
ensemble_threshold_vote,0.20499999999999985,0.7219220655032274,0.6308823529411764
ensemble_threshold_vote,0.20599999999999982,0.7219220655032274,0.6308823529411764
ensemble_threshold_vote,0.20699999999999982,0.7219220655032274,0.6308823529411764
ensemble_threshold_vote,0.20799999999999982,0.7219220655032274,0.6308823529411764
ensemble_threshold_vote,0.20899999999999982,0.7219220655032274,0.6308823529411764
ensemble_threshold_vote,0.20999999999999983,0.7219220655032274,0.6308823529411764
ensemble_threshold_vote,0.21099999999999983,0.7219220655032274,0.6308823529411764
ensemble_threshold_vote,0.21199999999999983,0.7219220655032274,0.6308823529411764
ensemble_threshold_vote,0.21299999999999983,0.7219220655032274,0.6308823529411764
ensemble_threshold_vote,0.21399999999999983,0.7219220655032274,0.6308823529411764
ensemble_threshold_vote,0.21499999999999983,0.7219220655032274,0.6308823529411764
ensemble_threshold_vote,0.21599999999999983,0.7219220655032274,0.6308823529411764
ensemble_threshold_vote,0.21699999999999983,0.7219220655032274,0.6308823529411764
ensemble_threshold_vote,0.21799999999999983,0.7219220655032274,0.6308823529411764
ensemble_threshold_vote,0.21899999999999983,0.7219220655032274,0.6308823529411764
ensemble_threshold_vote,0.21999999999999983,0.7219220655032274,0.6308823529411764
ensemble_threshold_vote,0.2209999999999998,0.7219220655032274,0.6308823529411764
ensemble_threshold_vote,0.2219999999999998,0.7219220655032274,0.6308823529411764
ensemble_threshold_vote,0.2229999999999998,0.742481472627301,0.5897058823529412
ensemble_threshold_vote,0.2239999999999998,0.742481472627301,0.5897058823529412
ensemble_threshold_vote,0.2249999999999998,0.742481472627301,0.5897058823529412
ensemble_threshold_vote,0.2259999999999998,0.742481472627301,0.5897058823529412
ensemble_threshold_vote,0.2269999999999998,0.742481472627301,0.5897058823529412
ensemble_threshold_vote,0.22799999999999981,0.742481472627301,0.5897058823529412
ensemble_threshold_vote,0.22899999999999981,0.742481472627301,0.5897058823529412
ensemble_threshold_vote,0.22999999999999982,0.742481472627301,0.5897058823529412
ensemble_threshold_vote,0.23099999999999982,0.742481472627301,0.5897058823529412
ensemble_threshold_vote,0.23199999999999982,0.742481472627301,0.5897058823529412
ensemble_threshold_vote,0.23299999999999982,0.742481472627301,0.5897058823529412
ensemble_threshold_vote,0.23399999999999982,0.742481472627301,0.5897058823529412
ensemble_threshold_vote,0.23499999999999982,0.742481472627301,0.5897058823529412
ensemble_threshold_vote,0.23599999999999982,0.742481472627301,0.5897058823529412
ensemble_threshold_vote,0.23699999999999982,0.742481472627301,0.5897058823529412
ensemble_threshold_vote,0.2379999999999998,0.742481472627301,0.5897058823529412
ensemble_threshold_vote,0.2389999999999998,0.742481472627301,0.5897058823529412
ensemble_threshold_vote,0.2399999999999998,0.742481472627301,0.5897058823529412
ensemble_threshold_vote,0.2409999999999998,0.742481472627301,0.5897058823529412
ensemble_threshold_vote,0.2419999999999998,0.742481472627301,0.5897058823529412
ensemble_threshold_vote,0.2429999999999998,0.742481472627301,0.5897058823529412
ensemble_threshold_vote,0.2439999999999998,0.742481472627301,0.5897058823529412
ensemble_threshold_vote,0.2449999999999998,0.742481472627301,0.5897058823529412
ensemble_threshold_vote,0.2459999999999998,0.742481472627301,0.5897058823529412
ensemble_threshold_vote,0.2469999999999998,0.742481472627301,0.5897058823529412
ensemble_threshold_vote,0.2479999999999998,0.742481472627301,0.5897058823529412
ensemble_threshold_vote,0.2489999999999998,0.742481472627301,0.5897058823529412
ensemble_threshold_vote,0.2499999999999998,0.742481472627301,0.5897058823529412
ensemble_threshold_vote,0.2509999999999998,0.758140090843892,0.5676470588235294
ensemble_threshold_vote,0.2519999999999998,0.758140090843892,0.5676470588235294
ensemble_threshold_vote,0.2529999999999998,0.758140090843892,0.5676470588235294
ensemble_threshold_vote,0.2539999999999998,0.758140090843892,0.5676470588235294
ensemble_threshold_vote,0.2549999999999998,0.758140090843892,0.5676470588235294
ensemble_threshold_vote,0.2559999999999998,0.758140090843892,0.5676470588235294
ensemble_threshold_vote,0.2569999999999998,0.758140090843892,0.5676470588235294
ensemble_threshold_vote,0.2579999999999998,0.758140090843892,0.5676470588235294
ensemble_threshold_vote,0.2589999999999998,0.758140090843892,0.5676470588235294
ensemble_threshold_vote,0.2599999999999998,0.758140090843892,0.5676470588235294
ensemble_threshold_vote,0.2609999999999998,0.758140090843892,0.5676470588235294
ensemble_threshold_vote,0.2619999999999998,0.758140090843892,0.5676470588235294
ensemble_threshold_vote,0.2629999999999998,0.758140090843892,0.5676470588235294
ensemble_threshold_vote,0.2639999999999998,0.758140090843892,0.5676470588235294
ensemble_threshold_vote,0.2649999999999998,0.758140090843892,0.5676470588235294
ensemble_threshold_vote,0.2659999999999998,0.758140090843892,0.5676470588235294
ensemble_threshold_vote,0.2669999999999998,0.758140090843892,0.5676470588235294
ensemble_threshold_vote,0.2679999999999998,0.758140090843892,0.5676470588235294
ensemble_threshold_vote,0.2689999999999998,0.758140090843892,0.5676470588235294
ensemble_threshold_vote,0.2699999999999998,0.758140090843892,0.5676470588235294
ensemble_threshold_vote,0.2709999999999998,0.758140090843892,0.5676470588235294
ensemble_threshold_vote,0.2719999999999998,0.758140090843892,0.5676470588235294
ensemble_threshold_vote,0.2729999999999998,0.758140090843892,0.5676470588235294
ensemble_threshold_vote,0.2739999999999998,0.758140090843892,0.5676470588235294
ensemble_threshold_vote,0.2749999999999998,0.758140090843892,0.5676470588235294
ensemble_threshold_vote,0.2759999999999998,0.758140090843892,0.5676470588235294
ensemble_threshold_vote,0.2769999999999998,0.758140090843892,0.5676470588235294
ensemble_threshold_vote,0.27799999999999975,0.7620368156825246,0.5514705882352942
ensemble_threshold_vote,0.27899999999999975,0.7620368156825246,0.5514705882352942
ensemble_threshold_vote,0.27999999999999975,0.7620368156825246,0.5514705882352942
ensemble_threshold_vote,0.28099999999999975,0.7620368156825246,0.5514705882352942
ensemble_threshold_vote,0.28199999999999975,0.7620368156825246,0.5514705882352942
ensemble_threshold_vote,0.28299999999999975,0.7620368156825246,0.5514705882352942
ensemble_threshold_vote,0.28399999999999975,0.7620368156825246,0.5514705882352942
ensemble_threshold_vote,0.28499999999999975,0.7620368156825246,0.5514705882352942
ensemble_threshold_vote,0.28599999999999975,0.7620368156825246,0.5514705882352942
ensemble_threshold_vote,0.28699999999999976,0.7620368156825246,0.5514705882352942
ensemble_threshold_vote,0.28799999999999976,0.7620368156825246,0.5514705882352942
ensemble_threshold_vote,0.28899999999999976,0.7620368156825246,0.5514705882352942
ensemble_threshold_vote,0.28999999999999976,0.7620368156825246,0.5514705882352942
ensemble_threshold_vote,0.29099999999999976,0.7620368156825246,0.5514705882352942
ensemble_threshold_vote,0.29199999999999976,0.7620368156825246,0.5514705882352942
ensemble_threshold_vote,0.29299999999999976,0.7620368156825246,0.5514705882352942
ensemble_threshold_vote,0.29399999999999976,0.7620368156825246,0.5514705882352942
ensemble_threshold_vote,0.29499999999999976,0.7620368156825246,0.5514705882352942
ensemble_threshold_vote,0.29599999999999976,0.7620368156825246,0.5514705882352942
ensemble_threshold_vote,0.29699999999999976,0.7620368156825246,0.5514705882352942
ensemble_threshold_vote,0.29799999999999977,0.7620368156825246,0.5514705882352942
ensemble_threshold_vote,0.29899999999999977,0.7620368156825246,0.5514705882352942
ensemble_threshold_vote,0.29999999999999977,0.7620368156825246,0.5514705882352942
ensemble_threshold_vote,0.30099999999999977,0.7620368156825246,0.5514705882352942
ensemble_threshold_vote,0.30199999999999977,0.7620368156825246,0.5514705882352942
ensemble_threshold_vote,0.30299999999999977,0.7620368156825246,0.5514705882352942
ensemble_threshold_vote,0.30399999999999977,0.7620368156825246,0.5514705882352942
ensemble_threshold_vote,0.30499999999999977,0.7620368156825246,0.5514705882352942
ensemble_threshold_vote,0.30599999999999977,0.7669376045900071,0.5323529411764706
ensemble_threshold_vote,0.3069999999999998,0.7669376045900071,0.5323529411764706
ensemble_threshold_vote,0.3079999999999998,0.7669376045900071,0.5323529411764706
ensemble_threshold_vote,0.3089999999999997,0.7669376045900071,0.5323529411764706
ensemble_threshold_vote,0.3099999999999997,0.7669376045900071,0.5323529411764706
ensemble_threshold_vote,0.3109999999999997,0.7669376045900071,0.5323529411764706
ensemble_threshold_vote,0.3119999999999997,0.7669376045900071,0.5323529411764706
ensemble_threshold_vote,0.3129999999999997,0.7669376045900071,0.5323529411764706
ensemble_threshold_vote,0.3139999999999997,0.7669376045900071,0.5323529411764706
ensemble_threshold_vote,0.3149999999999997,0.7669376045900071,0.5323529411764706
ensemble_threshold_vote,0.3159999999999997,0.7669376045900071,0.5323529411764706
ensemble_threshold_vote,0.3169999999999997,0.7669376045900071,0.5323529411764706
ensemble_threshold_vote,0.3179999999999997,0.7669376045900071,0.5323529411764706
ensemble_threshold_vote,0.31899999999999973,0.7669376045900071,0.5323529411764706
ensemble_threshold_vote,0.31999999999999973,0.7669376045900071,0.5323529411764706
ensemble_threshold_vote,0.32099999999999973,0.7669376045900071,0.5323529411764706
ensemble_threshold_vote,0.32199999999999973,0.7669376045900071,0.5323529411764706
ensemble_threshold_vote,0.32299999999999973,0.7669376045900071,0.5323529411764706
ensemble_threshold_vote,0.32399999999999973,0.7669376045900071,0.5323529411764706
ensemble_threshold_vote,0.32499999999999973,0.7669376045900071,0.5323529411764706
ensemble_threshold_vote,0.32599999999999973,0.7669376045900071,0.5323529411764706
ensemble_threshold_vote,0.32699999999999974,0.7669376045900071,0.5323529411764706
ensemble_threshold_vote,0.32799999999999974,0.7669376045900071,0.5323529411764706
ensemble_threshold_vote,0.32899999999999974,0.7669376045900071,0.5323529411764706
ensemble_threshold_vote,0.32999999999999974,0.7669376045900071,0.5323529411764706
ensemble_threshold_vote,0.33099999999999974,0.7669376045900071,0.5323529411764706
ensemble_threshold_vote,0.33199999999999974,0.7669376045900071,0.5323529411764706
ensemble_threshold_vote,0.33299999999999974,0.7669376045900071,0.5323529411764706
ensemble_threshold_vote,0.33399999999999974,0.7753287114511116,0.5220588235294118
ensemble_threshold_vote,0.33499999999999974,0.7753287114511116,0.5220588235294118
ensemble_threshold_vote,0.33599999999999974,0.7753287114511116,0.5220588235294118
ensemble_threshold_vote,0.33699999999999974,0.7753287114511116,0.5220588235294118
ensemble_threshold_vote,0.33799999999999975,0.7753287114511116,0.5220588235294118
ensemble_threshold_vote,0.33899999999999975,0.7753287114511116,0.5220588235294118
ensemble_threshold_vote,0.33999999999999975,0.7753287114511116,0.5220588235294118
ensemble_threshold_vote,0.34099999999999975,0.7753287114511116,0.5220588235294118
ensemble_threshold_vote,0.3419999999999997,0.7753287114511116,0.5220588235294118
ensemble_threshold_vote,0.3429999999999997,0.7753287114511116,0.5220588235294118
ensemble_threshold_vote,0.3439999999999997,0.7753287114511116,0.5220588235294118
ensemble_threshold_vote,0.3449999999999997,0.7753287114511116,0.5220588235294118
ensemble_threshold_vote,0.3459999999999997,0.7753287114511116,0.5220588235294118
ensemble_threshold_vote,0.3469999999999997,0.7753287114511116,0.5220588235294118
ensemble_threshold_vote,0.3479999999999997,0.7753287114511116,0.5220588235294118
ensemble_threshold_vote,0.3489999999999997,0.7753287114511116,0.5220588235294118
ensemble_threshold_vote,0.3499999999999997,0.7753287114511116,0.5220588235294118
ensemble_threshold_vote,0.3509999999999997,0.7753287114511116,0.5220588235294118
ensemble_threshold_vote,0.3519999999999997,0.7753287114511116,0.5220588235294118
ensemble_threshold_vote,0.3529999999999997,0.7753287114511116,0.5220588235294118
ensemble_threshold_vote,0.3539999999999997,0.7753287114511116,0.5220588235294118
ensemble_threshold_vote,0.3549999999999997,0.7753287114511116,0.5220588235294118
ensemble_threshold_vote,0.3559999999999997,0.7753287114511116,0.5220588235294118
ensemble_threshold_vote,0.3569999999999997,0.7753287114511116,0.5220588235294118
ensemble_threshold_vote,0.3579999999999997,0.7753287114511116,0.5220588235294118
ensemble_threshold_vote,0.3589999999999997,0.7753287114511116,0.5220588235294118
ensemble_threshold_vote,0.3599999999999997,0.7753287114511116,0.5220588235294118
ensemble_threshold_vote,0.3609999999999997,0.7753287114511116,0.5220588235294118
ensemble_threshold_vote,0.3619999999999997,0.7779823093473583,0.5
ensemble_threshold_vote,0.3629999999999997,0.7779823093473583,0.5
ensemble_threshold_vote,0.3639999999999997,0.7779823093473583,0.5
ensemble_threshold_vote,0.3649999999999997,0.7779823093473583,0.5
ensemble_threshold_vote,0.3659999999999997,0.7779823093473583,0.5
ensemble_threshold_vote,0.3669999999999997,0.7779823093473583,0.5
ensemble_threshold_vote,0.3679999999999997,0.7779823093473583,0.5
ensemble_threshold_vote,0.3689999999999997,0.7779823093473583,0.5
ensemble_threshold_vote,0.3699999999999997,0.7779823093473583,0.5
ensemble_threshold_vote,0.3709999999999997,0.7779823093473583,0.5
ensemble_threshold_vote,0.3719999999999997,0.7779823093473583,0.5
ensemble_threshold_vote,0.37299999999999967,0.7779823093473583,0.5
ensemble_threshold_vote,0.37399999999999967,0.7779823093473583,0.5
ensemble_threshold_vote,0.37499999999999967,0.7779823093473583,0.5
ensemble_threshold_vote,0.37599999999999967,0.7779823093473583,0.5
ensemble_threshold_vote,0.37699999999999967,0.7779823093473583,0.5
ensemble_threshold_vote,0.37799999999999967,0.7779823093473583,0.5
ensemble_threshold_vote,0.37899999999999967,0.7779823093473583,0.5
ensemble_threshold_vote,0.37999999999999967,0.7779823093473583,0.5
ensemble_threshold_vote,0.3809999999999997,0.7779823093473583,0.5
ensemble_threshold_vote,0.3819999999999997,0.7779823093473583,0.5
ensemble_threshold_vote,0.3829999999999997,0.7779823093473583,0.5
ensemble_threshold_vote,0.3839999999999997,0.7779823093473583,0.5
ensemble_threshold_vote,0.3849999999999997,0.7779823093473583,0.5
ensemble_threshold_vote,0.3859999999999997,0.7779823093473583,0.5
ensemble_threshold_vote,0.3869999999999997,0.7779823093473583,0.5
ensemble_threshold_vote,0.3879999999999997,0.7779823093473583,0.5
ensemble_threshold_vote,0.3889999999999997,0.7722448003825007,0.48823529411764705
ensemble_threshold_vote,0.3899999999999997,0.7722448003825007,0.48823529411764705
ensemble_threshold_vote,0.3909999999999997,0.7722448003825007,0.48823529411764705
ensemble_threshold_vote,0.3919999999999997,0.7722448003825007,0.48823529411764705
ensemble_threshold_vote,0.3929999999999997,0.7722448003825007,0.48823529411764705
ensemble_threshold_vote,0.3939999999999997,0.7722448003825007,0.48823529411764705
ensemble_threshold_vote,0.3949999999999997,0.7722448003825007,0.48823529411764705
ensemble_threshold_vote,0.3959999999999997,0.7722448003825007,0.48823529411764705
ensemble_threshold_vote,0.3969999999999997,0.7722448003825007,0.48823529411764705
ensemble_threshold_vote,0.3979999999999997,0.7722448003825007,0.48823529411764705
ensemble_threshold_vote,0.3989999999999997,0.7722448003825007,0.48823529411764705
ensemble_threshold_vote,0.3999999999999997,0.7722448003825007,0.48823529411764705
ensemble_threshold_vote,0.4009999999999997,0.7722448003825007,0.48823529411764705
ensemble_threshold_vote,0.4019999999999997,0.7722448003825007,0.48823529411764705
ensemble_threshold_vote,0.4029999999999997,0.7722448003825007,0.48823529411764705
ensemble_threshold_vote,0.4039999999999997,0.7722448003825007,0.48823529411764705
ensemble_threshold_vote,0.4049999999999997,0.7722448003825007,0.48823529411764705
ensemble_threshold_vote,0.40599999999999964,0.7722448003825007,0.48823529411764705
ensemble_threshold_vote,0.40699999999999964,0.7722448003825007,0.48823529411764705
ensemble_threshold_vote,0.40799999999999964,0.7722448003825007,0.48823529411764705
ensemble_threshold_vote,0.40899999999999964,0.7722448003825007,0.48823529411764705
ensemble_threshold_vote,0.40999999999999964,0.7722448003825007,0.48823529411764705
ensemble_threshold_vote,0.41099999999999964,0.7722448003825007,0.48823529411764705
ensemble_threshold_vote,0.41199999999999964,0.7722448003825007,0.48823529411764705
ensemble_threshold_vote,0.41299999999999965,0.7722448003825007,0.48823529411764705
ensemble_threshold_vote,0.41399999999999965,0.7722448003825007,0.48823529411764705
ensemble_threshold_vote,0.41499999999999965,0.7722448003825007,0.48823529411764705
ensemble_threshold_vote,0.41599999999999965,0.7722448003825007,0.48823529411764705
ensemble_threshold_vote,0.41699999999999965,0.7718862060721969,0.475
ensemble_threshold_vote,0.41799999999999965,0.7718862060721969,0.475
ensemble_threshold_vote,0.41899999999999965,0.7718862060721969,0.475
ensemble_threshold_vote,0.41999999999999965,0.7718862060721969,0.475
ensemble_threshold_vote,0.42099999999999965,0.7718862060721969,0.475
ensemble_threshold_vote,0.42199999999999965,0.7718862060721969,0.475
ensemble_threshold_vote,0.42299999999999965,0.7718862060721969,0.475
ensemble_threshold_vote,0.42399999999999965,0.7718862060721969,0.475
ensemble_threshold_vote,0.42499999999999966,0.7718862060721969,0.475
ensemble_threshold_vote,0.42599999999999966,0.7718862060721969,0.475
ensemble_threshold_vote,0.42699999999999966,0.7718862060721969,0.475
ensemble_threshold_vote,0.42799999999999966,0.7718862060721969,0.475
ensemble_threshold_vote,0.42899999999999966,0.7718862060721969,0.475
ensemble_threshold_vote,0.42999999999999966,0.7718862060721969,0.475
ensemble_threshold_vote,0.43099999999999966,0.7718862060721969,0.475
ensemble_threshold_vote,0.43199999999999966,0.7718862060721969,0.475
ensemble_threshold_vote,0.43299999999999966,0.7718862060721969,0.475
ensemble_threshold_vote,0.43399999999999966,0.7718862060721969,0.475
ensemble_threshold_vote,0.43499999999999966,0.7718862060721969,0.475
ensemble_threshold_vote,0.43599999999999967,0.7718862060721969,0.475
ensemble_threshold_vote,0.4369999999999996,0.7718862060721969,0.475
ensemble_threshold_vote,0.4379999999999996,0.7718862060721969,0.475
ensemble_threshold_vote,0.4389999999999996,0.7718862060721969,0.475
ensemble_threshold_vote,0.4399999999999996,0.7718862060721969,0.475
ensemble_threshold_vote,0.4409999999999996,0.7718862060721969,0.475
ensemble_threshold_vote,0.4419999999999996,0.7718862060721969,0.475
ensemble_threshold_vote,0.4429999999999996,0.7718862060721969,0.475
ensemble_threshold_vote,0.4439999999999996,0.7718862060721969,0.475
ensemble_threshold_vote,0.4449999999999996,0.7727707387042793,0.4676470588235294
ensemble_threshold_vote,0.4459999999999996,0.7727707387042793,0.4676470588235294
ensemble_threshold_vote,0.4469999999999996,0.7727707387042793,0.4676470588235294
ensemble_threshold_vote,0.4479999999999996,0.7727707387042793,0.4676470588235294
ensemble_threshold_vote,0.4489999999999996,0.7727707387042793,0.4676470588235294
ensemble_threshold_vote,0.4499999999999996,0.7727707387042793,0.4676470588235294
ensemble_threshold_vote,0.4509999999999996,0.7727707387042793,0.4676470588235294
ensemble_threshold_vote,0.4519999999999996,0.7727707387042793,0.4676470588235294
ensemble_threshold_vote,0.4529999999999996,0.7727707387042793,0.4676470588235294
ensemble_threshold_vote,0.4539999999999996,0.7727707387042793,0.4676470588235294
ensemble_threshold_vote,0.4549999999999996,0.7727707387042793,0.4676470588235294
ensemble_threshold_vote,0.45599999999999963,0.7727707387042793,0.4676470588235294
ensemble_threshold_vote,0.45699999999999963,0.7727707387042793,0.4676470588235294
ensemble_threshold_vote,0.45799999999999963,0.7727707387042793,0.4676470588235294
ensemble_threshold_vote,0.45899999999999963,0.7727707387042793,0.4676470588235294
ensemble_threshold_vote,0.45999999999999963,0.7727707387042793,0.4676470588235294
ensemble_threshold_vote,0.46099999999999963,0.7727707387042793,0.4676470588235294
ensemble_threshold_vote,0.46199999999999963,0.7727707387042793,0.4676470588235294
ensemble_threshold_vote,0.46299999999999963,0.7727707387042793,0.4676470588235294
ensemble_threshold_vote,0.46399999999999963,0.7727707387042793,0.4676470588235294
ensemble_threshold_vote,0.46499999999999964,0.7727707387042793,0.4676470588235294
ensemble_threshold_vote,0.46599999999999964,0.7727707387042793,0.4676470588235294
ensemble_threshold_vote,0.46699999999999964,0.7727707387042793,0.4676470588235294
ensemble_threshold_vote,0.46799999999999964,0.7727707387042793,0.4676470588235294
ensemble_threshold_vote,0.46899999999999964,0.7727707387042793,0.4676470588235294
ensemble_threshold_vote,0.4699999999999996,0.7727707387042793,0.4676470588235294
ensemble_threshold_vote,0.4709999999999996,0.7727707387042793,0.4676470588235294
ensemble_threshold_vote,0.4719999999999996,0.7727707387042793,0.4676470588235294
ensemble_threshold_vote,0.4729999999999996,0.7725316758307434,0.4588235294117647
ensemble_threshold_vote,0.4739999999999996,0.7725316758307434,0.4588235294117647
ensemble_threshold_vote,0.4749999999999996,0.7725316758307434,0.4588235294117647
ensemble_threshold_vote,0.4759999999999996,0.7725316758307434,0.4588235294117647
ensemble_threshold_vote,0.4769999999999996,0.7725316758307434,0.4588235294117647
ensemble_threshold_vote,0.4779999999999996,0.7725316758307434,0.4588235294117647
ensemble_threshold_vote,0.4789999999999996,0.7725316758307434,0.4588235294117647
ensemble_threshold_vote,0.4799999999999996,0.7725316758307434,0.4588235294117647
ensemble_threshold_vote,0.4809999999999996,0.7725316758307434,0.4588235294117647
ensemble_threshold_vote,0.4819999999999996,0.7725316758307434,0.4588235294117647
ensemble_threshold_vote,0.4829999999999996,0.7725316758307434,0.4588235294117647
ensemble_threshold_vote,0.4839999999999996,0.7725316758307434,0.4588235294117647
ensemble_threshold_vote,0.4849999999999996,0.7725316758307434,0.4588235294117647
ensemble_threshold_vote,0.4859999999999996,0.7725316758307434,0.4588235294117647
ensemble_threshold_vote,0.4869999999999996,0.7725316758307434,0.4588235294117647
ensemble_threshold_vote,0.4879999999999996,0.7725316758307434,0.4588235294117647
ensemble_threshold_vote,0.4889999999999996,0.7725316758307434,0.4588235294117647
ensemble_threshold_vote,0.4899999999999996,0.7725316758307434,0.4588235294117647
ensemble_threshold_vote,0.4909999999999996,0.7725316758307434,0.4588235294117647
ensemble_threshold_vote,0.4919999999999996,0.7725316758307434,0.4588235294117647
ensemble_threshold_vote,0.4929999999999996,0.7725316758307434,0.4588235294117647
ensemble_threshold_vote,0.4939999999999996,0.7725316758307434,0.4588235294117647
ensemble_threshold_vote,0.4949999999999996,0.7725316758307434,0.4588235294117647
ensemble_threshold_vote,0.4959999999999996,0.7725316758307434,0.4588235294117647
ensemble_threshold_vote,0.4969999999999996,0.7725316758307434,0.4588235294117647
ensemble_threshold_vote,0.4979999999999996,0.7725316758307434,0.4588235294117647
ensemble_threshold_vote,0.4989999999999996,0.7725316758307434,0.4588235294117647
ensemble_threshold_vote,0.4999999999999996,0.7725316758307434,0.4588235294117647
ensemble_threshold_vote,0.5009999999999996,0.7732966770260579,0.4470588235294118
ensemble_threshold_vote,0.5019999999999996,0.7732966770260579,0.4470588235294118
ensemble_threshold_vote,0.5029999999999996,0.7732966770260579,0.4470588235294118
ensemble_threshold_vote,0.5039999999999996,0.7732966770260579,0.4470588235294118
ensemble_threshold_vote,0.5049999999999996,0.7732966770260579,0.4470588235294118
ensemble_threshold_vote,0.5059999999999996,0.7732966770260579,0.4470588235294118
ensemble_threshold_vote,0.5069999999999996,0.7732966770260579,0.4470588235294118
ensemble_threshold_vote,0.5079999999999996,0.7732966770260579,0.4470588235294118
ensemble_threshold_vote,0.5089999999999996,0.7732966770260579,0.4470588235294118
ensemble_threshold_vote,0.5099999999999996,0.7732966770260579,0.4470588235294118
ensemble_threshold_vote,0.5109999999999996,0.7732966770260579,0.4470588235294118
ensemble_threshold_vote,0.5119999999999996,0.7732966770260579,0.4470588235294118
ensemble_threshold_vote,0.5129999999999996,0.7732966770260579,0.4470588235294118
ensemble_threshold_vote,0.5139999999999996,0.7732966770260579,0.4470588235294118
ensemble_threshold_vote,0.5149999999999996,0.7732966770260579,0.4470588235294118
ensemble_threshold_vote,0.5159999999999996,0.7732966770260579,0.4470588235294118
ensemble_threshold_vote,0.5169999999999996,0.7732966770260579,0.4470588235294118
ensemble_threshold_vote,0.5179999999999996,0.7732966770260579,0.4470588235294118
ensemble_threshold_vote,0.5189999999999996,0.7732966770260579,0.4470588235294118
ensemble_threshold_vote,0.5199999999999996,0.7732966770260579,0.4470588235294118
ensemble_threshold_vote,0.5209999999999996,0.7732966770260579,0.4470588235294118
ensemble_threshold_vote,0.5219999999999996,0.7732966770260579,0.4470588235294118
ensemble_threshold_vote,0.5229999999999996,0.7732966770260579,0.4470588235294118
ensemble_threshold_vote,0.5239999999999996,0.7732966770260579,0.4470588235294118
ensemble_threshold_vote,0.5249999999999996,0.7732966770260579,0.4470588235294118
ensemble_threshold_vote,0.5259999999999996,0.7732966770260579,0.4470588235294118
ensemble_threshold_vote,0.5269999999999996,0.7732966770260579,0.4470588235294118
ensemble_threshold_vote,0.5279999999999996,0.7699258905092039,0.4426470588235294
ensemble_threshold_vote,0.5289999999999996,0.7699258905092039,0.4426470588235294
ensemble_threshold_vote,0.5299999999999996,0.7699258905092039,0.4426470588235294
ensemble_threshold_vote,0.5309999999999996,0.7699258905092039,0.4426470588235294
ensemble_threshold_vote,0.5319999999999996,0.7699258905092039,0.4426470588235294
ensemble_threshold_vote,0.5329999999999996,0.7699258905092039,0.4426470588235294
ensemble_threshold_vote,0.5339999999999996,0.7699258905092039,0.4426470588235294
ensemble_threshold_vote,0.5349999999999996,0.7699258905092039,0.4426470588235294
ensemble_threshold_vote,0.5359999999999996,0.7699258905092039,0.4426470588235294
ensemble_threshold_vote,0.5369999999999996,0.7699258905092039,0.4426470588235294
ensemble_threshold_vote,0.5379999999999996,0.7699258905092039,0.4426470588235294
ensemble_threshold_vote,0.5389999999999996,0.7699258905092039,0.4426470588235294
ensemble_threshold_vote,0.5399999999999996,0.7699258905092039,0.4426470588235294
ensemble_threshold_vote,0.5409999999999996,0.7699258905092039,0.4426470588235294
ensemble_threshold_vote,0.5419999999999996,0.7699258905092039,0.4426470588235294
ensemble_threshold_vote,0.5429999999999996,0.7699258905092039,0.4426470588235294
ensemble_threshold_vote,0.5439999999999996,0.7699258905092039,0.4426470588235294
ensemble_threshold_vote,0.5449999999999996,0.7699258905092039,0.4426470588235294
ensemble_threshold_vote,0.5459999999999996,0.7699258905092039,0.4426470588235294
ensemble_threshold_vote,0.5469999999999996,0.7699258905092039,0.4426470588235294
ensemble_threshold_vote,0.5479999999999996,0.7699258905092039,0.4426470588235294
ensemble_threshold_vote,0.5489999999999995,0.7699258905092039,0.4426470588235294
ensemble_threshold_vote,0.5499999999999995,0.7699258905092039,0.4426470588235294
ensemble_threshold_vote,0.5509999999999995,0.7699258905092039,0.4426470588235294
ensemble_threshold_vote,0.5519999999999995,0.7699258905092039,0.4426470588235294
ensemble_threshold_vote,0.5529999999999995,0.7699258905092039,0.4426470588235294
ensemble_threshold_vote,0.5539999999999995,0.7699258905092039,0.4426470588235294
ensemble_threshold_vote,0.5549999999999995,0.7699258905092039,0.4426470588235294
ensemble_threshold_vote,0.5559999999999995,0.7719340186469041,0.43676470588235294
ensemble_threshold_vote,0.5569999999999995,0.7719340186469041,0.43676470588235294
ensemble_threshold_vote,0.5579999999999995,0.7719340186469041,0.43676470588235294
ensemble_threshold_vote,0.5589999999999995,0.7719340186469041,0.43676470588235294
ensemble_threshold_vote,0.5599999999999995,0.7719340186469041,0.43676470588235294
ensemble_threshold_vote,0.5609999999999995,0.7719340186469041,0.43676470588235294
ensemble_threshold_vote,0.5619999999999995,0.7719340186469041,0.43676470588235294
ensemble_threshold_vote,0.5629999999999995,0.7719340186469041,0.43676470588235294
ensemble_threshold_vote,0.5639999999999995,0.7719340186469041,0.43676470588235294
ensemble_threshold_vote,0.5649999999999995,0.7719340186469041,0.43676470588235294
ensemble_threshold_vote,0.5659999999999995,0.7719340186469041,0.43676470588235294
ensemble_threshold_vote,0.5669999999999995,0.7719340186469041,0.43676470588235294
ensemble_threshold_vote,0.5679999999999995,0.7719340186469041,0.43676470588235294
ensemble_threshold_vote,0.5689999999999995,0.7719340186469041,0.43676470588235294
ensemble_threshold_vote,0.5699999999999995,0.7719340186469041,0.43676470588235294
ensemble_threshold_vote,0.5709999999999995,0.7719340186469041,0.43676470588235294
ensemble_threshold_vote,0.5719999999999995,0.7719340186469041,0.43676470588235294
ensemble_threshold_vote,0.5729999999999995,0.7719340186469041,0.43676470588235294
ensemble_threshold_vote,0.5739999999999995,0.7719340186469041,0.43676470588235294
ensemble_threshold_vote,0.5749999999999995,0.7719340186469041,0.43676470588235294
ensemble_threshold_vote,0.5759999999999995,0.7719340186469041,0.43676470588235294
ensemble_threshold_vote,0.5769999999999995,0.7719340186469041,0.43676470588235294
ensemble_threshold_vote,0.5779999999999995,0.7719340186469041,0.43676470588235294
ensemble_threshold_vote,0.5789999999999995,0.7719340186469041,0.43676470588235294
ensemble_threshold_vote,0.5799999999999995,0.7719340186469041,0.43676470588235294
ensemble_threshold_vote,0.5809999999999995,0.7719340186469041,0.43676470588235294
ensemble_threshold_vote,0.5819999999999995,0.7719340186469041,0.43676470588235294
ensemble_threshold_vote,0.5829999999999995,0.7719340186469041,0.43676470588235294
ensemble_threshold_vote,0.5839999999999995,0.7716949557733683,0.4279411764705882
ensemble_threshold_vote,0.5849999999999995,0.7716949557733683,0.4279411764705882
ensemble_threshold_vote,0.5859999999999995,0.7716949557733683,0.4279411764705882
ensemble_threshold_vote,0.5869999999999995,0.7716949557733683,0.4279411764705882
ensemble_threshold_vote,0.5879999999999995,0.7716949557733683,0.4279411764705882
ensemble_threshold_vote,0.5889999999999995,0.7716949557733683,0.4279411764705882
ensemble_threshold_vote,0.5899999999999995,0.7716949557733683,0.4279411764705882
ensemble_threshold_vote,0.5909999999999995,0.7716949557733683,0.4279411764705882
ensemble_threshold_vote,0.5919999999999995,0.7716949557733683,0.4279411764705882
ensemble_threshold_vote,0.5929999999999995,0.7716949557733683,0.4279411764705882
ensemble_threshold_vote,0.5939999999999995,0.7716949557733683,0.4279411764705882
ensemble_threshold_vote,0.5949999999999995,0.7716949557733683,0.4279411764705882
ensemble_threshold_vote,0.5959999999999995,0.7716949557733683,0.4279411764705882
ensemble_threshold_vote,0.5969999999999995,0.7716949557733683,0.4279411764705882
ensemble_threshold_vote,0.5979999999999995,0.7716949557733683,0.4279411764705882
ensemble_threshold_vote,0.5989999999999995,0.7716949557733683,0.4279411764705882
ensemble_threshold_vote,0.5999999999999995,0.7716949557733683,0.4279411764705882
ensemble_threshold_vote,0.6009999999999995,0.7716949557733683,0.4279411764705882
ensemble_threshold_vote,0.6019999999999995,0.7716949557733683,0.4279411764705882
ensemble_threshold_vote,0.6029999999999995,0.7716949557733683,0.4279411764705882
ensemble_threshold_vote,0.6039999999999995,0.7716949557733683,0.4279411764705882
ensemble_threshold_vote,0.6049999999999995,0.7716949557733683,0.4279411764705882
ensemble_threshold_vote,0.6059999999999995,0.7716949557733683,0.4279411764705882
ensemble_threshold_vote,0.6069999999999995,0.7716949557733683,0.4279411764705882
ensemble_threshold_vote,0.6079999999999995,0.7716949557733683,0.4279411764705882
ensemble_threshold_vote,0.6089999999999995,0.7716949557733683,0.4279411764705882
ensemble_threshold_vote,0.6099999999999995,0.7716949557733683,0.4279411764705882
ensemble_threshold_vote,0.6109999999999995,0.7716949557733683,0.4279411764705882
ensemble_threshold_vote,0.6119999999999995,0.7658379153717427,0.4117647058823529
ensemble_threshold_vote,0.6129999999999995,0.7658379153717427,0.4117647058823529
ensemble_threshold_vote,0.6139999999999994,0.7658379153717427,0.4117647058823529
ensemble_threshold_vote,0.6149999999999994,0.7658379153717427,0.4117647058823529
ensemble_threshold_vote,0.6159999999999994,0.7658379153717427,0.4117647058823529
ensemble_threshold_vote,0.6169999999999994,0.7658379153717427,0.4117647058823529
ensemble_threshold_vote,0.6179999999999994,0.7658379153717427,0.4117647058823529
ensemble_threshold_vote,0.6189999999999994,0.7658379153717427,0.4117647058823529
ensemble_threshold_vote,0.6199999999999994,0.7658379153717427,0.4117647058823529
ensemble_threshold_vote,0.6209999999999994,0.7658379153717427,0.4117647058823529
ensemble_threshold_vote,0.6219999999999994,0.7658379153717427,0.4117647058823529
ensemble_threshold_vote,0.6229999999999994,0.7658379153717427,0.4117647058823529
ensemble_threshold_vote,0.6239999999999994,0.7658379153717427,0.4117647058823529
ensemble_threshold_vote,0.6249999999999994,0.7658379153717427,0.4117647058823529
ensemble_threshold_vote,0.6259999999999994,0.7658379153717427,0.4117647058823529
ensemble_threshold_vote,0.6269999999999994,0.7658379153717427,0.4117647058823529
ensemble_threshold_vote,0.6279999999999994,0.7658379153717427,0.4117647058823529
ensemble_threshold_vote,0.6289999999999994,0.7658379153717427,0.4117647058823529
ensemble_threshold_vote,0.6299999999999994,0.7658379153717427,0.4117647058823529
ensemble_threshold_vote,0.6309999999999995,0.7658379153717427,0.4117647058823529
ensemble_threshold_vote,0.6319999999999995,0.7658379153717427,0.4117647058823529
ensemble_threshold_vote,0.6329999999999995,0.7658379153717427,0.4117647058823529
ensemble_threshold_vote,0.6339999999999995,0.7658379153717427,0.4117647058823529
ensemble_threshold_vote,0.6349999999999995,0.7658379153717427,0.4117647058823529
ensemble_threshold_vote,0.6359999999999995,0.7658379153717427,0.4117647058823529
ensemble_threshold_vote,0.6369999999999995,0.7658379153717427,0.4117647058823529
ensemble_threshold_vote,0.6379999999999995,0.7658379153717427,0.4117647058823529
ensemble_threshold_vote,0.6389999999999995,0.7464977289027015,0.3779411764705882
ensemble_threshold_vote,0.6399999999999995,0.7464977289027015,0.3779411764705882
ensemble_threshold_vote,0.6409999999999995,0.7464977289027015,0.3779411764705882
ensemble_threshold_vote,0.6419999999999995,0.7464977289027015,0.3779411764705882
ensemble_threshold_vote,0.6429999999999995,0.7464977289027015,0.3779411764705882
ensemble_threshold_vote,0.6439999999999995,0.7464977289027015,0.3779411764705882
ensemble_threshold_vote,0.6449999999999995,0.7464977289027015,0.3779411764705882
ensemble_threshold_vote,0.6459999999999995,0.7464977289027015,0.3779411764705882
ensemble_threshold_vote,0.6469999999999995,0.7464977289027015,0.3779411764705882
ensemble_threshold_vote,0.6479999999999995,0.7464977289027015,0.3779411764705882
ensemble_threshold_vote,0.6489999999999995,0.7464977289027015,0.3779411764705882
ensemble_threshold_vote,0.6499999999999995,0.7464977289027015,0.3779411764705882
ensemble_threshold_vote,0.6509999999999995,0.7464977289027015,0.3779411764705882
ensemble_threshold_vote,0.6519999999999995,0.7464977289027015,0.3779411764705882
ensemble_threshold_vote,0.6529999999999995,0.7464977289027015,0.3779411764705882
ensemble_threshold_vote,0.6539999999999995,0.7464977289027015,0.3779411764705882
ensemble_threshold_vote,0.6549999999999995,0.7464977289027015,0.3779411764705882
ensemble_threshold_vote,0.6559999999999995,0.7464977289027015,0.3779411764705882
ensemble_threshold_vote,0.6569999999999995,0.7464977289027015,0.3779411764705882
ensemble_threshold_vote,0.6579999999999995,0.7464977289027015,0.3779411764705882
ensemble_threshold_vote,0.6589999999999995,0.7464977289027015,0.3779411764705882
ensemble_threshold_vote,0.6599999999999995,0.7464977289027015,0.3779411764705882
ensemble_threshold_vote,0.6609999999999995,0.7464977289027015,0.3779411764705882
ensemble_threshold_vote,0.6619999999999995,0.7464977289027015,0.3779411764705882
ensemble_threshold_vote,0.6629999999999995,0.7464977289027015,0.3779411764705882
ensemble_threshold_vote,0.6639999999999995,0.7464977289027015,0.3779411764705882
ensemble_threshold_vote,0.6649999999999995,0.7464977289027015,0.3779411764705882
ensemble_threshold_vote,0.6659999999999995,0.7464977289027015,0.3779411764705882
ensemble_threshold_vote,0.6669999999999995,0.737150370547454,0.35294117647058826
ensemble_threshold_vote,0.6679999999999995,0.737150370547454,0.35294117647058826
ensemble_threshold_vote,0.6689999999999995,0.737150370547454,0.35294117647058826
ensemble_threshold_vote,0.6699999999999995,0.737150370547454,0.35294117647058826
ensemble_threshold_vote,0.6709999999999995,0.737150370547454,0.35294117647058826
ensemble_threshold_vote,0.6719999999999995,0.737150370547454,0.35294117647058826
ensemble_threshold_vote,0.6729999999999995,0.737150370547454,0.35294117647058826
ensemble_threshold_vote,0.6739999999999995,0.737150370547454,0.35294117647058826
ensemble_threshold_vote,0.6749999999999995,0.737150370547454,0.35294117647058826
ensemble_threshold_vote,0.6759999999999995,0.737150370547454,0.35294117647058826
ensemble_threshold_vote,0.6769999999999994,0.737150370547454,0.35294117647058826
ensemble_threshold_vote,0.6779999999999994,0.737150370547454,0.35294117647058826
ensemble_threshold_vote,0.6789999999999994,0.737150370547454,0.35294117647058826
ensemble_threshold_vote,0.6799999999999994,0.737150370547454,0.35294117647058826
ensemble_threshold_vote,0.6809999999999994,0.737150370547454,0.35294117647058826
ensemble_threshold_vote,0.6819999999999994,0.737150370547454,0.35294117647058826
ensemble_threshold_vote,0.6829999999999994,0.737150370547454,0.35294117647058826
ensemble_threshold_vote,0.6839999999999994,0.737150370547454,0.35294117647058826
ensemble_threshold_vote,0.6849999999999994,0.737150370547454,0.35294117647058826
ensemble_threshold_vote,0.6859999999999994,0.737150370547454,0.35294117647058826
ensemble_threshold_vote,0.6869999999999994,0.737150370547454,0.35294117647058826
ensemble_threshold_vote,0.6879999999999994,0.737150370547454,0.35294117647058826
ensemble_threshold_vote,0.6889999999999994,0.737150370547454,0.35294117647058826
ensemble_threshold_vote,0.6899999999999994,0.737150370547454,0.35294117647058826
ensemble_threshold_vote,0.6909999999999994,0.737150370547454,0.35294117647058826
ensemble_threshold_vote,0.6919999999999994,0.737150370547454,0.35294117647058826
ensemble_threshold_vote,0.6929999999999994,0.737150370547454,0.35294117647058826
ensemble_threshold_vote,0.6939999999999994,0.737150370547454,0.35294117647058826
ensemble_threshold_vote,0.6949999999999994,0.7202964379631843,0.33088235294117646
ensemble_threshold_vote,0.6959999999999994,0.7202964379631843,0.33088235294117646
ensemble_threshold_vote,0.6969999999999994,0.7202964379631843,0.33088235294117646
ensemble_threshold_vote,0.6979999999999994,0.7202964379631843,0.33088235294117646
ensemble_threshold_vote,0.6989999999999994,0.7202964379631843,0.33088235294117646
ensemble_threshold_vote,0.6999999999999994,0.7202964379631843,0.33088235294117646
ensemble_threshold_vote,0.7009999999999994,0.7202964379631843,0.33088235294117646
ensemble_threshold_vote,0.7019999999999994,0.7202964379631843,0.33088235294117646
ensemble_threshold_vote,0.7029999999999994,0.7202964379631843,0.33088235294117646
ensemble_threshold_vote,0.7039999999999994,0.7202964379631843,0.33088235294117646
ensemble_threshold_vote,0.7049999999999994,0.7202964379631843,0.33088235294117646
ensemble_threshold_vote,0.7059999999999994,0.7202964379631843,0.33088235294117646
ensemble_threshold_vote,0.7069999999999994,0.7202964379631843,0.33088235294117646
ensemble_threshold_vote,0.7079999999999994,0.7202964379631843,0.33088235294117646
ensemble_threshold_vote,0.7089999999999994,0.7202964379631843,0.33088235294117646
ensemble_threshold_vote,0.7099999999999994,0.7202964379631843,0.33088235294117646
ensemble_threshold_vote,0.7109999999999994,0.7202964379631843,0.33088235294117646
ensemble_threshold_vote,0.7119999999999994,0.7202964379631843,0.33088235294117646
ensemble_threshold_vote,0.7129999999999994,0.7202964379631843,0.33088235294117646
ensemble_threshold_vote,0.7139999999999994,0.7202964379631843,0.33088235294117646
ensemble_threshold_vote,0.7149999999999994,0.7202964379631843,0.33088235294117646
ensemble_threshold_vote,0.7159999999999994,0.7202964379631843,0.33088235294117646
ensemble_threshold_vote,0.7169999999999994,0.7202964379631843,0.33088235294117646
ensemble_threshold_vote,0.7179999999999994,0.7202964379631843,0.33088235294117646
ensemble_threshold_vote,0.7189999999999994,0.7202964379631843,0.33088235294117646
ensemble_threshold_vote,0.7199999999999994,0.7202964379631843,0.33088235294117646
ensemble_threshold_vote,0.7209999999999994,0.7202964379631843,0.33088235294117646
ensemble_threshold_vote,0.7219999999999994,0.7202964379631843,0.33088235294117646
ensemble_threshold_vote,0.7229999999999994,0.6953382739660531,0.2897058823529412
ensemble_threshold_vote,0.7239999999999994,0.6953382739660531,0.2897058823529412
ensemble_threshold_vote,0.7249999999999994,0.6953382739660531,0.2897058823529412
ensemble_threshold_vote,0.7259999999999994,0.6953382739660531,0.2897058823529412
ensemble_threshold_vote,0.7269999999999994,0.6953382739660531,0.2897058823529412
ensemble_threshold_vote,0.7279999999999994,0.6953382739660531,0.2897058823529412
ensemble_threshold_vote,0.7289999999999994,0.6953382739660531,0.2897058823529412
ensemble_threshold_vote,0.7299999999999994,0.6953382739660531,0.2897058823529412
ensemble_threshold_vote,0.7309999999999994,0.6953382739660531,0.2897058823529412
ensemble_threshold_vote,0.7319999999999994,0.6953382739660531,0.2897058823529412
ensemble_threshold_vote,0.7329999999999994,0.6953382739660531,0.2897058823529412
ensemble_threshold_vote,0.7339999999999994,0.6953382739660531,0.2897058823529412
ensemble_threshold_vote,0.7349999999999994,0.6953382739660531,0.2897058823529412
ensemble_threshold_vote,0.7359999999999994,0.6953382739660531,0.2897058823529412
ensemble_threshold_vote,0.7369999999999994,0.6953382739660531,0.2897058823529412
ensemble_threshold_vote,0.7379999999999994,0.6953382739660531,0.2897058823529412
ensemble_threshold_vote,0.7389999999999994,0.6953382739660531,0.2897058823529412
ensemble_threshold_vote,0.7399999999999994,0.6953382739660531,0.2897058823529412
ensemble_threshold_vote,0.7409999999999994,0.6953382739660531,0.2897058823529412
ensemble_threshold_vote,0.7419999999999993,0.6953382739660531,0.2897058823529412
ensemble_threshold_vote,0.7429999999999993,0.6953382739660531,0.2897058823529412
ensemble_threshold_vote,0.7439999999999993,0.6953382739660531,0.2897058823529412
ensemble_threshold_vote,0.7449999999999993,0.6953382739660531,0.2897058823529412
ensemble_threshold_vote,0.7459999999999993,0.6953382739660531,0.2897058823529412
ensemble_threshold_vote,0.7469999999999993,0.6953382739660531,0.2897058823529412
ensemble_threshold_vote,0.7479999999999993,0.6953382739660531,0.2897058823529412
ensemble_threshold_vote,0.7489999999999993,0.6953382739660531,0.2897058823529412
ensemble_threshold_vote,0.7499999999999993,0.6953382739660531,0.2897058823529412
ensemble_threshold_vote,0.7509999999999993,0.6759980874970117,0.25588235294117645
ensemble_threshold_vote,0.7519999999999993,0.6759980874970117,0.25588235294117645
ensemble_threshold_vote,0.7529999999999993,0.6759980874970117,0.25588235294117645
ensemble_threshold_vote,0.7539999999999993,0.6759980874970117,0.25588235294117645
ensemble_threshold_vote,0.7549999999999993,0.6759980874970117,0.25588235294117645
ensemble_threshold_vote,0.7559999999999993,0.6759980874970117,0.25588235294117645
ensemble_threshold_vote,0.7569999999999993,0.6759980874970117,0.25588235294117645
ensemble_threshold_vote,0.7579999999999993,0.6759980874970117,0.25588235294117645
ensemble_threshold_vote,0.7589999999999993,0.6759980874970117,0.25588235294117645
ensemble_threshold_vote,0.7599999999999993,0.6759980874970117,0.25588235294117645
ensemble_threshold_vote,0.7609999999999993,0.6759980874970117,0.25588235294117645
ensemble_threshold_vote,0.7619999999999993,0.6759980874970117,0.25588235294117645
ensemble_threshold_vote,0.7629999999999993,0.6759980874970117,0.25588235294117645
ensemble_threshold_vote,0.7639999999999993,0.6759980874970117,0.25588235294117645
ensemble_threshold_vote,0.7649999999999993,0.6759980874970117,0.25588235294117645
ensemble_threshold_vote,0.7659999999999993,0.6759980874970117,0.25588235294117645
ensemble_threshold_vote,0.7669999999999993,0.6759980874970117,0.25588235294117645
ensemble_threshold_vote,0.7679999999999993,0.6759980874970117,0.25588235294117645
ensemble_threshold_vote,0.7689999999999994,0.6759980874970117,0.25588235294117645
ensemble_threshold_vote,0.7699999999999994,0.6759980874970117,0.25588235294117645
ensemble_threshold_vote,0.7709999999999994,0.6759980874970117,0.25588235294117645
ensemble_threshold_vote,0.7719999999999994,0.6759980874970117,0.25588235294117645
ensemble_threshold_vote,0.7729999999999994,0.6759980874970117,0.25588235294117645
ensemble_threshold_vote,0.7739999999999994,0.6759980874970117,0.25588235294117645
ensemble_threshold_vote,0.7749999999999994,0.6759980874970117,0.25588235294117645
ensemble_threshold_vote,0.7759999999999994,0.6759980874970117,0.25588235294117645
ensemble_threshold_vote,0.7769999999999994,0.6759980874970117,0.25588235294117645
ensemble_threshold_vote,0.7779999999999994,0.6576619650968205,0.21911764705882353
ensemble_threshold_vote,0.7789999999999994,0.6576619650968205,0.21911764705882353
ensemble_threshold_vote,0.7799999999999994,0.6576619650968205,0.21911764705882353
ensemble_threshold_vote,0.7809999999999994,0.6576619650968205,0.21911764705882353
ensemble_threshold_vote,0.7819999999999994,0.6576619650968205,0.21911764705882353
ensemble_threshold_vote,0.7829999999999994,0.6576619650968205,0.21911764705882353
ensemble_threshold_vote,0.7839999999999994,0.6576619650968205,0.21911764705882353
ensemble_threshold_vote,0.7849999999999994,0.6576619650968205,0.21911764705882353
ensemble_threshold_vote,0.7859999999999994,0.6576619650968205,0.21911764705882353
ensemble_threshold_vote,0.7869999999999994,0.6576619650968205,0.21911764705882353
ensemble_threshold_vote,0.7879999999999994,0.6576619650968205,0.21911764705882353
ensemble_threshold_vote,0.7889999999999994,0.6576619650968205,0.21911764705882353
ensemble_threshold_vote,0.7899999999999994,0.6576619650968205,0.21911764705882353
ensemble_threshold_vote,0.7909999999999994,0.6576619650968205,0.21911764705882353
ensemble_threshold_vote,0.7919999999999994,0.6576619650968205,0.21911764705882353
ensemble_threshold_vote,0.7929999999999994,0.6576619650968205,0.21911764705882353
ensemble_threshold_vote,0.7939999999999994,0.6576619650968205,0.21911764705882353
ensemble_threshold_vote,0.7949999999999994,0.6576619650968205,0.21911764705882353
ensemble_threshold_vote,0.7959999999999994,0.6576619650968205,0.21911764705882353
ensemble_threshold_vote,0.7969999999999994,0.6576619650968205,0.21911764705882353
ensemble_threshold_vote,0.7979999999999994,0.6576619650968205,0.21911764705882353
ensemble_threshold_vote,0.7989999999999994,0.6576619650968205,0.21911764705882353
ensemble_threshold_vote,0.7999999999999994,0.6576619650968205,0.21911764705882353
ensemble_threshold_vote,0.8009999999999994,0.6576619650968205,0.21911764705882353
ensemble_threshold_vote,0.8019999999999994,0.6576619650968205,0.21911764705882353
ensemble_threshold_vote,0.8029999999999994,0.6576619650968205,0.21911764705882353
ensemble_threshold_vote,0.8039999999999994,0.6576619650968205,0.21911764705882353
ensemble_threshold_vote,0.8049999999999993,0.6576619650968205,0.21911764705882353
ensemble_threshold_vote,0.8059999999999993,0.6406885010757829,0.19264705882352942
ensemble_threshold_vote,0.8069999999999993,0.6406885010757829,0.19264705882352942
ensemble_threshold_vote,0.8079999999999993,0.6406885010757829,0.19264705882352942
ensemble_threshold_vote,0.8089999999999993,0.6406885010757829,0.19264705882352942
ensemble_threshold_vote,0.8099999999999993,0.6406885010757829,0.19264705882352942
ensemble_threshold_vote,0.8109999999999993,0.6406885010757829,0.19264705882352942
ensemble_threshold_vote,0.8119999999999993,0.6406885010757829,0.19264705882352942
ensemble_threshold_vote,0.8129999999999993,0.6406885010757829,0.19264705882352942
ensemble_threshold_vote,0.8139999999999993,0.6406885010757829,0.19264705882352942
ensemble_threshold_vote,0.8149999999999993,0.6406885010757829,0.19264705882352942
ensemble_threshold_vote,0.8159999999999993,0.6406885010757829,0.19264705882352942
ensemble_threshold_vote,0.8169999999999993,0.6406885010757829,0.19264705882352942
ensemble_threshold_vote,0.8179999999999993,0.6406885010757829,0.19264705882352942
ensemble_threshold_vote,0.8189999999999993,0.6406885010757829,0.19264705882352942
ensemble_threshold_vote,0.8199999999999993,0.6406885010757829,0.19264705882352942
ensemble_threshold_vote,0.8209999999999993,0.6406885010757829,0.19264705882352942
ensemble_threshold_vote,0.8219999999999993,0.6406885010757829,0.19264705882352942
ensemble_threshold_vote,0.8229999999999993,0.6406885010757829,0.19264705882352942
ensemble_threshold_vote,0.8239999999999993,0.6406885010757829,0.19264705882352942
ensemble_threshold_vote,0.8249999999999993,0.6406885010757829,0.19264705882352942
ensemble_threshold_vote,0.8259999999999993,0.6406885010757829,0.19264705882352942
ensemble_threshold_vote,0.8269999999999993,0.6406885010757829,0.19264705882352942
ensemble_threshold_vote,0.8279999999999993,0.6406885010757829,0.19264705882352942
ensemble_threshold_vote,0.8289999999999993,0.6406885010757829,0.19264705882352942
ensemble_threshold_vote,0.8299999999999993,0.6406885010757829,0.19264705882352942
ensemble_threshold_vote,0.8309999999999993,0.6406885010757829,0.19264705882352942
ensemble_threshold_vote,0.8319999999999993,0.6406885010757829,0.19264705882352942
ensemble_threshold_vote,0.8329999999999993,0.6406885010757829,0.19264705882352942
ensemble_threshold_vote,0.8339999999999993,0.6237150370547454,0.1661764705882353
ensemble_threshold_vote,0.8349999999999993,0.6237150370547454,0.1661764705882353
ensemble_threshold_vote,0.8359999999999993,0.6237150370547454,0.1661764705882353
ensemble_threshold_vote,0.8369999999999993,0.6237150370547454,0.1661764705882353
ensemble_threshold_vote,0.8379999999999993,0.6237150370547454,0.1661764705882353
ensemble_threshold_vote,0.8389999999999993,0.6237150370547454,0.1661764705882353
ensemble_threshold_vote,0.8399999999999993,0.6237150370547454,0.1661764705882353
ensemble_threshold_vote,0.8409999999999993,0.6237150370547454,0.1661764705882353
ensemble_threshold_vote,0.8419999999999993,0.6237150370547454,0.1661764705882353
ensemble_threshold_vote,0.8429999999999993,0.6237150370547454,0.1661764705882353
ensemble_threshold_vote,0.8439999999999993,0.6237150370547454,0.1661764705882353
ensemble_threshold_vote,0.8449999999999993,0.6237150370547454,0.1661764705882353
ensemble_threshold_vote,0.8459999999999993,0.6237150370547454,0.1661764705882353
ensemble_threshold_vote,0.8469999999999993,0.6237150370547454,0.1661764705882353
ensemble_threshold_vote,0.8479999999999993,0.6237150370547454,0.1661764705882353
ensemble_threshold_vote,0.8489999999999993,0.6237150370547454,0.1661764705882353
ensemble_threshold_vote,0.8499999999999993,0.6237150370547454,0.1661764705882353
ensemble_threshold_vote,0.8509999999999993,0.6237150370547454,0.1661764705882353
ensemble_threshold_vote,0.8519999999999993,0.6237150370547454,0.1661764705882353
ensemble_threshold_vote,0.8529999999999993,0.6237150370547454,0.1661764705882353
ensemble_threshold_vote,0.8539999999999993,0.6237150370547454,0.1661764705882353
ensemble_threshold_vote,0.8549999999999993,0.6237150370547454,0.1661764705882353
ensemble_threshold_vote,0.8559999999999993,0.6237150370547454,0.1661764705882353
ensemble_threshold_vote,0.8569999999999993,0.6237150370547454,0.1661764705882353
ensemble_threshold_vote,0.8579999999999993,0.6237150370547454,0.1661764705882353
ensemble_threshold_vote,0.8589999999999993,0.6237150370547454,0.1661764705882353
ensemble_threshold_vote,0.8599999999999993,0.6237150370547454,0.1661764705882353
ensemble_threshold_vote,0.8609999999999993,0.6237150370547454,0.1661764705882353
ensemble_threshold_vote,0.8619999999999993,0.6101123595505618,0.14411764705882352
ensemble_threshold_vote,0.8629999999999993,0.6101123595505618,0.14411764705882352
ensemble_threshold_vote,0.8639999999999993,0.6101123595505618,0.14411764705882352
ensemble_threshold_vote,0.8649999999999993,0.6101123595505618,0.14411764705882352
ensemble_threshold_vote,0.8659999999999993,0.6101123595505618,0.14411764705882352
ensemble_threshold_vote,0.8669999999999993,0.6101123595505618,0.14411764705882352
ensemble_threshold_vote,0.8679999999999993,0.6101123595505618,0.14411764705882352
ensemble_threshold_vote,0.8689999999999993,0.6101123595505618,0.14411764705882352
ensemble_threshold_vote,0.8699999999999992,0.6101123595505618,0.14411764705882352
ensemble_threshold_vote,0.8709999999999992,0.6101123595505618,0.14411764705882352
ensemble_threshold_vote,0.8719999999999992,0.6101123595505618,0.14411764705882352
ensemble_threshold_vote,0.8729999999999992,0.6101123595505618,0.14411764705882352
ensemble_threshold_vote,0.8739999999999992,0.6101123595505618,0.14411764705882352
ensemble_threshold_vote,0.8749999999999992,0.6101123595505618,0.14411764705882352
ensemble_threshold_vote,0.8759999999999992,0.6101123595505618,0.14411764705882352
ensemble_threshold_vote,0.8769999999999992,0.6101123595505618,0.14411764705882352
ensemble_threshold_vote,0.8779999999999992,0.6101123595505618,0.14411764705882352
ensemble_threshold_vote,0.8789999999999992,0.6101123595505618,0.14411764705882352
ensemble_threshold_vote,0.8799999999999992,0.6101123595505618,0.14411764705882352
ensemble_threshold_vote,0.8809999999999992,0.6101123595505618,0.14411764705882352
ensemble_threshold_vote,0.8819999999999992,0.6101123595505618,0.14411764705882352
ensemble_threshold_vote,0.8829999999999992,0.6101123595505618,0.14411764705882352
ensemble_threshold_vote,0.8839999999999992,0.6101123595505618,0.14411764705882352
ensemble_threshold_vote,0.8849999999999992,0.6101123595505618,0.14411764705882352
ensemble_threshold_vote,0.8859999999999992,0.6101123595505618,0.14411764705882352
ensemble_threshold_vote,0.8869999999999992,0.6101123595505618,0.14411764705882352
ensemble_threshold_vote,0.8879999999999992,0.6101123595505618,0.14411764705882352
ensemble_threshold_vote,0.8889999999999992,0.597752808988764,0.12794117647058822
ensemble_threshold_vote,0.8899999999999992,0.597752808988764,0.12794117647058822
ensemble_threshold_vote,0.8909999999999992,0.597752808988764,0.12794117647058822
ensemble_threshold_vote,0.8919999999999992,0.597752808988764,0.12794117647058822
ensemble_threshold_vote,0.8929999999999992,0.597752808988764,0.12794117647058822
ensemble_threshold_vote,0.8939999999999992,0.597752808988764,0.12794117647058822
ensemble_threshold_vote,0.8949999999999992,0.597752808988764,0.12794117647058822
ensemble_threshold_vote,0.8959999999999992,0.597752808988764,0.12794117647058822
ensemble_threshold_vote,0.8969999999999992,0.597752808988764,0.12794117647058822
ensemble_threshold_vote,0.8979999999999992,0.597752808988764,0.12794117647058822
ensemble_threshold_vote,0.8989999999999992,0.597752808988764,0.12794117647058822
ensemble_threshold_vote,0.8999999999999992,0.597752808988764,0.12794117647058822
ensemble_threshold_vote,0.9009999999999992,0.597752808988764,0.12794117647058822
ensemble_threshold_vote,0.9019999999999992,0.597752808988764,0.12794117647058822
ensemble_threshold_vote,0.9029999999999992,0.597752808988764,0.12794117647058822
ensemble_threshold_vote,0.9039999999999992,0.597752808988764,0.12794117647058822
ensemble_threshold_vote,0.9049999999999992,0.597752808988764,0.12794117647058822
ensemble_threshold_vote,0.9059999999999993,0.597752808988764,0.12794117647058822
ensemble_threshold_vote,0.9069999999999993,0.597752808988764,0.12794117647058822
ensemble_threshold_vote,0.9079999999999993,0.597752808988764,0.12794117647058822
ensemble_threshold_vote,0.9089999999999993,0.597752808988764,0.12794117647058822
ensemble_threshold_vote,0.9099999999999993,0.597752808988764,0.12794117647058822
ensemble_threshold_vote,0.9109999999999993,0.597752808988764,0.12794117647058822
ensemble_threshold_vote,0.9119999999999993,0.597752808988764,0.12794117647058822
ensemble_threshold_vote,0.9129999999999993,0.597752808988764,0.12794117647058822
ensemble_threshold_vote,0.9139999999999993,0.597752808988764,0.12794117647058822
ensemble_threshold_vote,0.9149999999999993,0.597752808988764,0.12794117647058822
ensemble_threshold_vote,0.9159999999999993,0.597752808988764,0.12794117647058822
ensemble_threshold_vote,0.9169999999999993,0.5786516853932584,0.10294117647058823
ensemble_threshold_vote,0.9179999999999993,0.5786516853932584,0.10294117647058823
ensemble_threshold_vote,0.9189999999999993,0.5786516853932584,0.10294117647058823
ensemble_threshold_vote,0.9199999999999993,0.5786516853932584,0.10294117647058823
ensemble_threshold_vote,0.9209999999999993,0.5786516853932584,0.10294117647058823
ensemble_threshold_vote,0.9219999999999993,0.5786516853932584,0.10294117647058823
ensemble_threshold_vote,0.9229999999999993,0.5786516853932584,0.10294117647058823
ensemble_threshold_vote,0.9239999999999993,0.5786516853932584,0.10294117647058823
ensemble_threshold_vote,0.9249999999999993,0.5786516853932584,0.10294117647058823
ensemble_threshold_vote,0.9259999999999993,0.5786516853932584,0.10294117647058823
ensemble_threshold_vote,0.9269999999999993,0.5786516853932584,0.10294117647058823
ensemble_threshold_vote,0.9279999999999993,0.5786516853932584,0.10294117647058823
ensemble_threshold_vote,0.9289999999999993,0.5786516853932584,0.10294117647058823
ensemble_threshold_vote,0.9299999999999993,0.5786516853932584,0.10294117647058823
ensemble_threshold_vote,0.9309999999999993,0.5786516853932584,0.10294117647058823
ensemble_threshold_vote,0.9319999999999993,0.5786516853932584,0.10294117647058823
ensemble_threshold_vote,0.9329999999999992,0.5786516853932584,0.10294117647058823
ensemble_threshold_vote,0.9339999999999992,0.5786516853932584,0.10294117647058823
ensemble_threshold_vote,0.9349999999999992,0.5786516853932584,0.10294117647058823
ensemble_threshold_vote,0.9359999999999992,0.5786516853932584,0.10294117647058823
ensemble_threshold_vote,0.9369999999999992,0.5786516853932584,0.10294117647058823
ensemble_threshold_vote,0.9379999999999992,0.5786516853932584,0.10294117647058823
ensemble_threshold_vote,0.9389999999999992,0.5786516853932584,0.10294117647058823
ensemble_threshold_vote,0.9399999999999992,0.5786516853932584,0.10294117647058823
ensemble_threshold_vote,0.9409999999999992,0.5786516853932584,0.10294117647058823
ensemble_threshold_vote,0.9419999999999992,0.5786516853932584,0.10294117647058823
ensemble_threshold_vote,0.9429999999999992,0.5786516853932584,0.10294117647058823
ensemble_threshold_vote,0.9439999999999992,0.5786516853932584,0.10294117647058823
ensemble_threshold_vote,0.9449999999999992,0.553932584269663,0.07058823529411765
ensemble_threshold_vote,0.9459999999999992,0.553932584269663,0.07058823529411765
ensemble_threshold_vote,0.9469999999999992,0.553932584269663,0.07058823529411765
ensemble_threshold_vote,0.9479999999999992,0.553932584269663,0.07058823529411765
ensemble_threshold_vote,0.9489999999999992,0.553932584269663,0.07058823529411765
ensemble_threshold_vote,0.9499999999999992,0.553932584269663,0.07058823529411765
ensemble_threshold_vote,0.9509999999999992,0.553932584269663,0.07058823529411765
ensemble_threshold_vote,0.9519999999999992,0.553932584269663,0.07058823529411765
ensemble_threshold_vote,0.9529999999999992,0.553932584269663,0.07058823529411765
ensemble_threshold_vote,0.9539999999999992,0.553932584269663,0.07058823529411765
ensemble_threshold_vote,0.9549999999999992,0.553932584269663,0.07058823529411765
ensemble_threshold_vote,0.9559999999999992,0.553932584269663,0.07058823529411765
ensemble_threshold_vote,0.9569999999999992,0.553932584269663,0.07058823529411765
ensemble_threshold_vote,0.9579999999999992,0.553932584269663,0.07058823529411765
ensemble_threshold_vote,0.9589999999999992,0.553932584269663,0.07058823529411765
ensemble_threshold_vote,0.9599999999999992,0.553932584269663,0.07058823529411765
ensemble_threshold_vote,0.9609999999999992,0.553932584269663,0.07058823529411765
ensemble_threshold_vote,0.9619999999999992,0.553932584269663,0.07058823529411765
ensemble_threshold_vote,0.9629999999999992,0.553932584269663,0.07058823529411765
ensemble_threshold_vote,0.9639999999999992,0.553932584269663,0.07058823529411765
ensemble_threshold_vote,0.9649999999999992,0.553932584269663,0.07058823529411765
ensemble_threshold_vote,0.9659999999999992,0.553932584269663,0.07058823529411765
ensemble_threshold_vote,0.9669999999999992,0.553932584269663,0.07058823529411765
ensemble_threshold_vote,0.9679999999999992,0.553932584269663,0.07058823529411765
ensemble_threshold_vote,0.9689999999999992,0.553932584269663,0.07058823529411765
ensemble_threshold_vote,0.9699999999999992,0.553932584269663,0.07058823529411765
ensemble_threshold_vote,0.9709999999999992,0.553932584269663,0.07058823529411765
ensemble_threshold_vote,0.9719999999999992,0.553932584269663,0.07058823529411765
ensemble_threshold_vote,0.9729999999999992,0.5258426966292135,0.033823529411764704
ensemble_threshold_vote,0.9739999999999992,0.5258426966292135,0.033823529411764704
ensemble_threshold_vote,0.9749999999999992,0.5258426966292135,0.033823529411764704
ensemble_threshold_vote,0.9759999999999992,0.5258426966292135,0.033823529411764704
ensemble_threshold_vote,0.9769999999999992,0.5258426966292135,0.033823529411764704
ensemble_threshold_vote,0.9779999999999992,0.5258426966292135,0.033823529411764704
ensemble_threshold_vote,0.9789999999999992,0.5258426966292135,0.033823529411764704
ensemble_threshold_vote,0.9799999999999992,0.5258426966292135,0.033823529411764704
ensemble_threshold_vote,0.9809999999999992,0.5258426966292135,0.033823529411764704
ensemble_threshold_vote,0.9819999999999992,0.5258426966292135,0.033823529411764704
ensemble_threshold_vote,0.9829999999999992,0.5258426966292135,0.033823529411764704
ensemble_threshold_vote,0.9839999999999992,0.5258426966292135,0.033823529411764704
ensemble_threshold_vote,0.9849999999999992,0.5258426966292135,0.033823529411764704
ensemble_threshold_vote,0.9859999999999992,0.5258426966292135,0.033823529411764704
ensemble_threshold_vote,0.9869999999999992,0.5258426966292135,0.033823529411764704
ensemble_threshold_vote,0.9879999999999992,0.5258426966292135,0.033823529411764704
ensemble_threshold_vote,0.9889999999999992,0.5258426966292135,0.033823529411764704
ensemble_threshold_vote,0.9899999999999992,0.5258426966292135,0.033823529411764704
logreg_full,0.01,0.5063829787234042,0.9955882352941177
logreg_full,0.011,0.5063829787234042,0.9955882352941177
logreg_full,0.011999999999999999,0.5063829787234042,0.9955882352941177
logreg_full,0.012999999999999998,0.5063829787234042,0.9955882352941177
logreg_full,0.013999999999999997,0.5063829787234042,0.9955882352941177
logreg_full,0.014999999999999996,0.5063829787234042,0.9955882352941177
logreg_full,0.015999999999999993,0.5106382978723404,0.9926470588235294
logreg_full,0.016999999999999994,0.5127659574468085,0.9911764705882353
logreg_full,0.017999999999999995,0.5127659574468085,0.9911764705882353
logreg_full,0.018999999999999993,0.5127659574468085,0.9911764705882353
logreg_full,0.01999999999999999,0.5127659574468085,0.9911764705882353
logreg_full,0.02099999999999999,0.5127659574468085,0.9911764705882353
logreg_full,0.021999999999999992,0.5127659574468085,0.9911764705882353
logreg_full,0.02299999999999999,0.5127659574468085,0.9911764705882353
logreg_full,0.023999999999999987,0.5127659574468085,0.9911764705882353
logreg_full,0.024999999999999988,0.5127659574468085,0.9911764705882353
logreg_full,0.02599999999999999,0.5127659574468085,0.9911764705882353
logreg_full,0.026999999999999986,0.5127659574468085,0.9911764705882353
logreg_full,0.027999999999999983,0.5127659574468085,0.9911764705882353
logreg_full,0.028999999999999984,0.5127659574468085,0.9911764705882353
logreg_full,0.029999999999999985,0.5127659574468085,0.9911764705882353
logreg_full,0.030999999999999982,0.5127659574468085,0.9911764705882353
logreg_full,0.03199999999999998,0.5127659574468085,0.9911764705882353
logreg_full,0.03299999999999998,0.5127659574468085,0.9911764705882353
logreg_full,0.03399999999999998,0.5127659574468085,0.9911764705882353
logreg_full,0.034999999999999976,0.5127659574468085,0.9911764705882353
logreg_full,0.035999999999999976,0.5127659574468085,0.9911764705882353
logreg_full,0.03699999999999998,0.5127659574468085,0.9911764705882353
logreg_full,0.03799999999999998,0.5127659574468085,0.9911764705882353
logreg_full,0.03899999999999998,0.5170212765957447,0.9882352941176471
logreg_full,0.03999999999999997,0.5191489361702127,0.986764705882353
logreg_full,0.040999999999999974,0.5191489361702127,0.986764705882353
logreg_full,0.041999999999999975,0.5180253406645948,0.9852941176470589
logreg_full,0.04299999999999997,0.5180253406645948,0.9852941176470589
logreg_full,0.04399999999999997,0.5180253406645948,0.9852941176470589
logreg_full,0.04499999999999997,0.5201530002390629,0.9838235294117647
logreg_full,0.04599999999999997,0.5201530002390629,0.9838235294117647
logreg_full,0.04699999999999997,0.5201530002390629,0.9838235294117647
logreg_full,0.047999999999999966,0.5179058092278269,0.9808823529411764
logreg_full,0.04899999999999997,0.5167822137222089,0.9794117647058823
logreg_full,0.04999999999999997,0.5167822137222089,0.9794117647058823
logreg_full,0.05099999999999996,0.5167822137222089,0.9794117647058823
logreg_full,0.05199999999999996,0.5167822137222089,0.9794117647058823
logreg_full,0.052999999999999964,0.5167822137222089,0.9794117647058823
logreg_full,0.053999999999999965,0.5167822137222089,0.9794117647058823
logreg_full,0.054999999999999966,0.518909873296677,0.9779411764705882
logreg_full,0.05599999999999996,0.518909873296677,0.9779411764705882
logreg_full,0.05699999999999996,0.518909873296677,0.9779411764705882
logreg_full,0.05799999999999996,0.518909873296677,0.9779411764705882
logreg_full,0.058999999999999955,0.518909873296677,0.9779411764705882
logreg_full,0.059999999999999956,0.518909873296677,0.9779411764705882
logreg_full,0.06099999999999996,0.5210375328711451,0.9764705882352941
logreg_full,0.06199999999999996,0.5210375328711451,0.9764705882352941
logreg_full,0.06299999999999996,0.5210375328711451,0.9764705882352941
logreg_full,0.06399999999999996,0.5210375328711451,0.9764705882352941
logreg_full,0.06499999999999995,0.5210375328711451,0.9764705882352941
logreg_full,0.06599999999999995,0.5210375328711451,0.9764705882352941
logreg_full,0.06699999999999995,0.5210375328711451,0.9764705882352941
logreg_full,0.06799999999999995,0.5231651924456132,0.975
logreg_full,0.06899999999999995,0.5231651924456132,0.975
logreg_full,0.06999999999999995,0.5231651924456132,0.975
logreg_full,0.07099999999999995,0.5220415969399952,0.9735294117647059
logreg_full,0.07199999999999995,0.5220415969399952,0.9735294117647059
logreg_full,0.07299999999999995,0.5262969160889314,0.9705882352941176
logreg_full,0.07399999999999994,0.5262969160889314,0.9705882352941176
logreg_full,0.07499999999999994,0.5262969160889314,0.9705882352941176
logreg_full,0.07599999999999994,0.5251733205833135,0.9691176470588235
logreg_full,0.07699999999999994,0.5251733205833135,0.9691176470588235
logreg_full,0.07799999999999994,0.5240497250776954,0.9676470588235294
logreg_full,0.07899999999999995,0.5240497250776954,0.9676470588235294
logreg_full,0.07999999999999995,0.5240497250776954,0.9676470588235294
logreg_full,0.08099999999999993,0.5261773846521636,0.9661764705882353
logreg_full,0.08199999999999993,0.5261773846521636,0.9661764705882353
logreg_full,0.08299999999999993,0.5261773846521636,0.9661764705882353
logreg_full,0.08399999999999994,0.5283050442266316,0.9647058823529412
logreg_full,0.08499999999999994,0.5325603633755678,0.961764705882353
logreg_full,0.08599999999999994,0.5325603633755678,0.961764705882353
logreg_full,0.08699999999999994,0.5325603633755678,0.961764705882353
logreg_full,0.08799999999999994,0.5325603633755678,0.961764705882353
logreg_full,0.08899999999999994,0.5325603633755678,0.961764705882353
logreg_full,0.08999999999999993,0.5346880229500358,0.9602941176470589
logreg_full,0.09099999999999993,0.536815682524504,0.9588235294117647
logreg_full,0.09199999999999993,0.536815682524504,0.9588235294117647
logreg_full,0.09299999999999993,0.538943342098972,0.9573529411764706
logreg_full,0.09399999999999993,0.538943342098972,0.9573529411764706
logreg_full,0.09499999999999993,0.538943342098972,0.9573529411764706
logreg_full,0.09599999999999993,0.538943342098972,0.9573529411764706
logreg_full,0.09699999999999992,0.538943342098972,0.9573529411764706
logreg_full,0.09799999999999992,0.538943342098972,0.9573529411764706
logreg_full,0.09899999999999992,0.538943342098972,0.9573529411764706
logreg_full,0.09999999999999992,0.538943342098972,0.9573529411764706
logreg_full,0.10099999999999992,0.5410710016734401,0.9558823529411765
logreg_full,0.10199999999999992,0.5431986612479082,0.9544117647058824
logreg_full,0.10299999999999992,0.5409514702366722,0.9514705882352941
logreg_full,0.10399999999999993,0.5409514702366722,0.9514705882352941
logreg_full,0.10499999999999993,0.5430791298111404,0.95
logreg_full,0.10599999999999991,0.5430791298111404,0.95
logreg_full,0.10699999999999991,0.5430791298111404,0.95
logreg_full,0.10799999999999992,0.5430791298111404,0.95
logreg_full,0.10899999999999992,0.5430791298111404,0.95
logreg_full,0.10999999999999992,0.5419555343055223,0.9485294117647058
logreg_full,0.11099999999999992,0.5397083432942864,0.9455882352941176
logreg_full,0.11199999999999992,0.5397083432942864,0.9455882352941176
logreg_full,0.1129999999999999,0.5385847477886684,0.9441176470588235
logreg_full,0.11399999999999991,0.5385847477886684,0.9441176470588235
logreg_full,0.11499999999999991,0.5374611522830505,0.9426470588235294
logreg_full,0.11599999999999991,0.5395888118575185,0.9411764705882353
logreg_full,0.11699999999999991,0.5395888118575185,0.9411764705882353
logreg_full,0.11799999999999991,0.5395888118575185,0.9411764705882353
logreg_full,0.11899999999999991,0.5395888118575185,0.9411764705882353
logreg_full,0.11999999999999991,0.5417164714319866,0.9397058823529412
logreg_full,0.12099999999999991,0.5438441310064547,0.9382352941176471
logreg_full,0.1219999999999999,0.5438441310064547,0.9382352941176471
logreg_full,0.1229999999999999,0.5438441310064547,0.9382352941176471
logreg_full,0.1239999999999999,0.5438441310064547,0.9382352941176471
logreg_full,0.1249999999999999,0.5459717905809228,0.9367647058823529
logreg_full,0.1259999999999999,0.5480994501553909,0.9352941176470588
logreg_full,0.1269999999999999,0.5480994501553909,0.9352941176470588
logreg_full,0.1279999999999999,0.550227109729859,0.9338235294117647
logreg_full,0.1289999999999999,0.552354769304327,0.9323529411764706
logreg_full,0.1299999999999999,0.5522352378675592,0.9279411764705883
logreg_full,0.1309999999999999,0.5511116423619412,0.9264705882352942
logreg_full,0.1319999999999999,0.5532393019364092,0.925
logreg_full,0.1329999999999999,0.5532393019364092,0.925
logreg_full,0.1339999999999999,0.5553669615108774,0.9235294117647059
logreg_full,0.1349999999999999,0.5553669615108774,0.9235294117647059
logreg_full,0.1359999999999999,0.5553669615108774,0.9235294117647059
logreg_full,0.1369999999999999,0.5553669615108774,0.9235294117647059
logreg_full,0.1379999999999999,0.5553669615108774,0.9235294117647059
logreg_full,0.1389999999999999,0.5574946210853454,0.9220588235294118
logreg_full,0.1399999999999999,0.5574946210853454,0.9220588235294118
logreg_full,0.1409999999999999,0.5574946210853454,0.9220588235294118
logreg_full,0.14199999999999988,0.5574946210853454,0.9220588235294118
logreg_full,0.14299999999999988,0.5552474300741095,0.9191176470588235
logreg_full,0.14399999999999988,0.5552474300741095,0.9191176470588235
logreg_full,0.14499999999999988,0.5552474300741095,0.9191176470588235
logreg_full,0.14599999999999988,0.5552474300741095,0.9191176470588235
logreg_full,0.14699999999999988,0.5562514941429596,0.9161764705882353
logreg_full,0.14799999999999988,0.5562514941429596,0.9161764705882353
logreg_full,0.14899999999999988,0.5583791537174276,0.9147058823529411
logreg_full,0.14999999999999988,0.5605068132918958,0.913235294117647
logreg_full,0.15099999999999988,0.5626344728663638,0.9117647058823529
logreg_full,0.15199999999999989,0.5626344728663638,0.9117647058823529
logreg_full,0.15299999999999989,0.5636385369352139,0.9088235294117647
logreg_full,0.1539999999999999,0.562514941429596,0.9073529411764706
logreg_full,0.1549999999999999,0.56026775041836,0.9044117647058824
logreg_full,0.1559999999999999,0.559144154912742,0.9029411764705882
logreg_full,0.15699999999999986,0.5621563471192924,0.8941176470588236
logreg_full,0.15799999999999986,0.5642840066937604,0.8926470588235295
logreg_full,0.15899999999999986,0.5642840066937604,0.8926470588235295
logreg_full,0.15999999999999986,0.5631604111881425,0.8911764705882353
logreg_full,0.16099999999999987,0.5631604111881425,0.8911764705882353
logreg_full,0.16199999999999987,0.5652880707626106,0.8897058823529411
logreg_full,0.16299999999999987,0.5652880707626106,0.8897058823529411
logreg_full,0.16399999999999987,0.5652880707626106,0.8897058823529411
logreg_full,0.16499999999999987,0.5652880707626106,0.8897058823529411
logreg_full,0.16599999999999987,0.5652880707626106,0.8897058823529411
logreg_full,0.16699999999999987,0.5652880707626106,0.8897058823529411
logreg_full,0.16799999999999987,0.5641644752569925,0.888235294117647
logreg_full,0.16899999999999987,0.5651685393258427,0.8852941176470588
logreg_full,0.16999999999999987,0.5640449438202247,0.8838235294117647
logreg_full,0.17099999999999987,0.5650490078890749,0.8808823529411764
logreg_full,0.17199999999999988,0.5650490078890749,0.8808823529411764
logreg_full,0.17299999999999988,0.5671766674635429,0.8794117647058823
logreg_full,0.17399999999999985,0.5671766674635429,0.8794117647058823
logreg_full,0.17499999999999985,0.5701888596700933,0.8705882352941177
logreg_full,0.17599999999999985,0.5690652641644752,0.8691176470588236
logreg_full,0.17699999999999985,0.5679416686588572,0.8676470588235294
logreg_full,0.17799999999999985,0.5679416686588572,0.8676470588235294
logreg_full,0.17899999999999985,0.5700693282333253,0.8661764705882353
logreg_full,0.17999999999999985,0.5700693282333253,0.8661764705882353
logreg_full,0.18099999999999986,0.5700693282333253,0.8661764705882353
logreg_full,0.18199999999999986,0.5710733923021755,0.8632352941176471
logreg_full,0.18299999999999986,0.5732010518766435,0.861764705882353
logreg_full,0.18399999999999986,0.5732010518766435,0.861764705882353
logreg_full,0.18499999999999986,0.5732010518766435,0.861764705882353
logreg_full,0.18599999999999986,0.5742051159454937,0.8588235294117647
logreg_full,0.18699999999999986,0.5742051159454937,0.8588235294117647
logreg_full,0.18799999999999986,0.5763327755199618,0.8573529411764705
logreg_full,0.18899999999999983,0.5805880946688979,0.8544117647058823
logreg_full,0.18999999999999984,0.5805880946688979,0.8544117647058823
logreg_full,0.19099999999999984,0.5805880946688979,0.8544117647058823
logreg_full,0.19199999999999984,0.582715754243366,0.8529411764705882
logreg_full,0.19299999999999984,0.5869710733923021,0.85
logreg_full,0.19399999999999984,0.5912263925412383,0.8470588235294118
logreg_full,0.19499999999999984,0.5912263925412383,0.8470588235294118
logreg_full,0.19599999999999984,0.5912263925412383,0.8470588235294118
logreg_full,0.19699999999999984,0.5912263925412383,0.8470588235294118
logreg_full,0.19799999999999984,0.5912263925412383,0.8470588235294118
logreg_full,0.19899999999999984,0.5901027970356204,0.8455882352941176
logreg_full,0.19999999999999984,0.5922304566100884,0.8441176470588235
logreg_full,0.20099999999999985,0.5943581161845566,0.8426470588235294
logreg_full,0.20199999999999985,0.5943581161845566,0.8426470588235294
logreg_full,0.20299999999999985,0.5943581161845566,0.8426470588235294
logreg_full,0.20399999999999985,0.5932345206789386,0.8411764705882353
logreg_full,0.20499999999999985,0.5932345206789386,0.8411764705882353
logreg_full,0.20599999999999982,0.5942385847477887,0.8382352941176471
logreg_full,0.20699999999999982,0.5942385847477887,0.8382352941176471
logreg_full,0.20799999999999982,0.5942385847477887,0.8382352941176471
logreg_full,0.20899999999999982,0.5963662443222568,0.836764705882353
logreg_full,0.20999999999999983,0.5984939038967249,0.8352941176470589
logreg_full,0.21099999999999983,0.5984939038967249,0.8352941176470589
logreg_full,0.21199999999999983,0.5973703083911068,0.8338235294117647
logreg_full,0.21299999999999983,0.6026296916088931,0.8279411764705882
logreg_full,0.21399999999999983,0.6078890748266794,0.8220588235294117
logreg_full,0.21499999999999983,0.6067654793210615,0.8205882352941176
logreg_full,0.21599999999999983,0.6088931388955295,0.8191176470588235
logreg_full,0.21699999999999983,0.6088931388955295,0.8191176470588235
logreg_full,0.21799999999999983,0.6131484580444657,0.8161764705882353
logreg_full,0.21899999999999983,0.6141525221133158,0.8132352941176471
logreg_full,0.21999999999999983,0.617284245756634,0.8088235294117647
logreg_full,0.2209999999999998,0.616160650251016,0.8073529411764706
logreg_full,0.2219999999999998,0.615037054745398,0.8058823529411765
logreg_full,0.2229999999999998,0.6171647143198661,0.8044117647058824
logreg_full,0.2239999999999998,0.6171647143198661,0.8044117647058824
logreg_full,0.2249999999999998,0.6171647143198661,0.8044117647058824
logreg_full,0.2259999999999998,0.6224240975376524,0.7985294117647059
logreg_full,0.2269999999999998,0.6224240975376524,0.7985294117647059
logreg_full,0.22799999999999981,0.6213005020320345,0.7970588235294118
logreg_full,0.22899999999999981,0.6234281616065025,0.7955882352941176
logreg_full,0.22999999999999982,0.6234281616065025,0.7955882352941176
logreg_full,0.23099999999999982,0.6255558211809706,0.7941176470588235
logreg_full,0.23199999999999982,0.6255558211809706,0.7941176470588235
logreg_full,0.23299999999999982,0.6255558211809706,0.7941176470588235
logreg_full,0.23399999999999982,0.6244322256753526,0.7926470588235294
logreg_full,0.23499999999999982,0.6243126942385848,0.788235294117647
logreg_full,0.23599999999999982,0.6253167583074348,0.7852941176470588
logreg_full,0.23699999999999982,0.6253167583074348,0.7852941176470588
logreg_full,0.2379999999999998,0.6253167583074348,0.7852941176470588
logreg_full,0.2389999999999998,0.6241931628018169,0.7838235294117647
logreg_full,0.2399999999999998,0.6241931628018169,0.7838235294117647
logreg_full,0.2409999999999998,0.626320822376285,0.7823529411764706
logreg_full,0.2419999999999998,0.628448481950753,0.7808823529411765
logreg_full,0.2429999999999998,0.6305761415252211,0.7794117647058824
logreg_full,0.2439999999999998,0.6272053550083672,0.775
logreg_full,0.2449999999999998,0.6260817595027492,0.7735294117647059
logreg_full,0.2459999999999998,0.6282094190772174,0.7720588235294118
logreg_full,0.2469999999999998,0.6270858235715994,0.7705882352941177
logreg_full,0.2479999999999998,0.6292134831460674,0.7691176470588236
logreg_full,0.2489999999999998,0.6292134831460674,0.7691176470588236
logreg_full,0.2499999999999998,0.6280898876404495,0.7676470588235295
logreg_full,0.2509999999999998,0.6269662921348315,0.7661764705882353
logreg_full,0.2519999999999998,0.6269662921348315,0.7661764705882353
logreg_full,0.2529999999999998,0.6269662921348315,0.7661764705882353
logreg_full,0.2539999999999998,0.6258426966292134,0.7647058823529411
logreg_full,0.2549999999999998,0.6258426966292134,0.7647058823529411
logreg_full,0.2559999999999998,0.6258426966292134,0.7647058823529411
logreg_full,0.2569999999999998,0.6258426966292134,0.7647058823529411
logreg_full,0.2579999999999998,0.6247191011235955,0.763235294117647
logreg_full,0.2589999999999998,0.6224719101123596,0.7602941176470588
logreg_full,0.2599999999999998,0.6224719101123596,0.7602941176470588
logreg_full,0.2609999999999998,0.6213483146067416,0.7588235294117647
logreg_full,0.2619999999999998,0.6213483146067416,0.7588235294117647
logreg_full,0.2629999999999998,0.6213483146067416,0.7588235294117647
logreg_full,0.2639999999999998,0.6213483146067416,0.7588235294117647
logreg_full,0.2649999999999998,0.6234759741812096,0.7573529411764706
logreg_full,0.2659999999999998,0.6223523786755917,0.7558823529411764
logreg_full,0.2669999999999998,0.6222328472388238,0.7514705882352941
logreg_full,0.2679999999999998,0.6222328472388238,0.7514705882352941
logreg_full,0.2689999999999998,0.6222328472388238,0.7514705882352941
logreg_full,0.2699999999999998,0.6222328472388238,0.7514705882352941
logreg_full,0.2709999999999998,0.6222328472388238,0.7514705882352941
logreg_full,0.2719999999999998,0.6222328472388238,0.7514705882352941
logreg_full,0.2729999999999998,0.6222328472388238,0.7514705882352941
logreg_full,0.2739999999999998,0.6232369113076739,0.7485294117647059
logreg_full,0.2749999999999998,0.6232369113076739,0.7485294117647059
logreg_full,0.2759999999999998,0.6232369113076739,0.7485294117647059
logreg_full,0.2769999999999998,0.6232369113076739,0.7485294117647059
logreg_full,0.27799999999999975,0.6232369113076739,0.7485294117647059
logreg_full,0.27899999999999975,0.625364570882142,0.7470588235294118
logreg_full,0.27999999999999975,0.625364570882142,0.7470588235294118
logreg_full,0.28099999999999975,0.625364570882142,0.7470588235294118
logreg_full,0.28199999999999975,0.625364570882142,0.7470588235294118
logreg_full,0.28299999999999975,0.6274922304566101,0.7455882352941177
logreg_full,0.28399999999999975,0.6296198900310782,0.7441176470588236
logreg_full,0.28499999999999975,0.6296198900310782,0.7441176470588236
logreg_full,0.28599999999999975,0.6296198900310782,0.7441176470588236
logreg_full,0.28699999999999976,0.6317475496055462,0.7426470588235294
logreg_full,0.28799999999999976,0.6317475496055462,0.7426470588235294
logreg_full,0.28899999999999976,0.6338752091800144,0.7411764705882353
logreg_full,0.28999999999999976,0.6327516136743964,0.7397058823529412
logreg_full,0.29099999999999976,0.6327516136743964,0.7397058823529412
logreg_full,0.29199999999999976,0.6327516136743964,0.7397058823529412
logreg_full,0.29299999999999976,0.6316280181687784,0.7382352941176471
logreg_full,0.29399999999999976,0.6337556777432465,0.736764705882353
logreg_full,0.29499999999999976,0.6337556777432465,0.736764705882353
logreg_full,0.29599999999999976,0.6337556777432465,0.736764705882353
logreg_full,0.29699999999999976,0.6337556777432465,0.736764705882353
logreg_full,0.29799999999999977,0.6337556777432465,0.736764705882353
logreg_full,0.29899999999999977,0.6337556777432465,0.736764705882353
logreg_full,0.29999999999999977,0.6337556777432465,0.736764705882353
logreg_full,0.30099999999999977,0.6358833373177146,0.7352941176470589
logreg_full,0.30199999999999977,0.6358833373177146,0.7352941176470589
logreg_full,0.30299999999999977,0.6358833373177146,0.7352941176470589
logreg_full,0.30399999999999977,0.6358833373177146,0.7352941176470589
logreg_full,0.30499999999999977,0.6380109968921827,0.7338235294117647
logreg_full,0.30599999999999977,0.6380109968921827,0.7338235294117647
logreg_full,0.3069999999999998,0.6368874013865646,0.7323529411764705
logreg_full,0.3079999999999998,0.6368874013865646,0.7323529411764705
logreg_full,0.3089999999999997,0.6368874013865646,0.7323529411764705
logreg_full,0.3099999999999997,0.6368874013865646,0.7323529411764705
logreg_full,0.3109999999999997,0.6368874013865646,0.7323529411764705
logreg_full,0.3119999999999997,0.6388955295242649,0.7264705882352941
logreg_full,0.3129999999999997,0.6388955295242649,0.7264705882352941
logreg_full,0.3139999999999997,0.6388955295242649,0.7264705882352941
logreg_full,0.3149999999999997,0.641023189098733,0.725
logreg_full,0.3159999999999997,0.6441549127420512,0.7205882352941176
logreg_full,0.3169999999999997,0.6441549127420512,0.7205882352941176
logreg_full,0.3179999999999997,0.6462825723165193,0.7191176470588235
logreg_full,0.31899999999999973,0.6451589768109013,0.7176470588235294
logreg_full,0.31999999999999973,0.6494142959598375,0.7147058823529412
logreg_full,0.32099999999999973,0.6494142959598375,0.7147058823529412
logreg_full,0.32199999999999973,0.6536696151087736,0.711764705882353
logreg_full,0.32299999999999973,0.6536696151087736,0.711764705882353
logreg_full,0.32399999999999973,0.6502988285919197,0.7073529411764706
logreg_full,0.32499999999999973,0.6502988285919197,0.7073529411764706
logreg_full,0.32599999999999973,0.6534305522352378,0.7029411764705882
logreg_full,0.32699999999999974,0.6555582118097059,0.7014705882352941
logreg_full,0.32799999999999974,0.654434616304088,0.7
logreg_full,0.32899999999999974,0.654434616304088,0.7
logreg_full,0.32999999999999974,0.654434616304088,0.7
logreg_full,0.33099999999999974,0.654434616304088,0.7
logreg_full,0.33199999999999974,0.654434616304088,0.7
logreg_full,0.33299999999999974,0.654434616304088,0.7
logreg_full,0.33399999999999974,0.6585704040162563,0.6926470588235294
logreg_full,0.33499999999999974,0.6606980635907244,0.6911764705882353
logreg_full,0.33599999999999974,0.6606980635907244,0.6911764705882353
logreg_full,0.33699999999999974,0.6606980635907244,0.6911764705882353
logreg_full,0.33799999999999975,0.6606980635907244,0.6911764705882353
logreg_full,0.33899999999999975,0.6606980635907244,0.6911764705882353
logreg_full,0.33999999999999975,0.6606980635907244,0.6911764705882353
logreg_full,0.34099999999999975,0.6606980635907244,0.6911764705882353
logreg_full,0.3419999999999997,0.6628257231651924,0.6897058823529412
logreg_full,0.3429999999999997,0.6628257231651924,0.6897058823529412
logreg_full,0.3439999999999997,0.6649533827396605,0.6882352941176471
logreg_full,0.3449999999999997,0.6649533827396605,0.6882352941176471
logreg_full,0.3459999999999997,0.6649533827396605,0.6882352941176471
logreg_full,0.3469999999999997,0.6670810423141287,0.6867647058823529
logreg_full,0.3479999999999997,0.6659574468085107,0.6852941176470588
logreg_full,0.3489999999999997,0.6669615108773608,0.6823529411764706
logreg_full,0.3499999999999997,0.6669615108773608,0.6823529411764706
logreg_full,0.3509999999999997,0.6690891704518288,0.6808823529411765
logreg_full,0.3519999999999997,0.6700932345206789,0.6779411764705883
logreg_full,0.3529999999999997,0.671097298589529,0.675
logreg_full,0.3539999999999997,0.6732249581639971,0.6735294117647059
logreg_full,0.3549999999999997,0.6753526177384652,0.6720588235294118
logreg_full,0.3559999999999997,0.6753526177384652,0.6720588235294118
logreg_full,0.3569999999999997,0.6742290222328473,0.6705882352941176
logreg_full,0.3579999999999997,0.6742290222328473,0.6705882352941176
logreg_full,0.3589999999999997,0.6731054267272293,0.6691176470588235
logreg_full,0.3599999999999997,0.6731054267272293,0.6691176470588235
logreg_full,0.3609999999999997,0.6719818312216113,0.6676470588235294
logreg_full,0.3619999999999997,0.6741094907960794,0.6661764705882353
logreg_full,0.3629999999999997,0.6741094907960794,0.6661764705882353
logreg_full,0.3639999999999997,0.6762371503705475,0.6647058823529411
logreg_full,0.3649999999999997,0.6739899593593115,0.6617647058823529
logreg_full,0.3659999999999997,0.6728663638536936,0.6602941176470588
logreg_full,0.3669999999999997,0.6738704279225436,0.6573529411764706
logreg_full,0.3679999999999997,0.6727468324169257,0.6558823529411765
logreg_full,0.3689999999999997,0.6770021515658617,0.6529411764705882
logreg_full,0.3699999999999997,0.6770021515658617,0.6529411764705882
logreg_full,0.3709999999999997,0.6758785560602438,0.6514705882352941
logreg_full,0.3719999999999997,0.6758785560602438,0.6514705882352941
logreg_full,0.37299999999999967,0.6747549605546259,0.65
logreg_full,0.37399999999999967,0.676882620129094,0.6485294117647059
logreg_full,0.37499999999999967,0.676882620129094,0.6485294117647059
logreg_full,0.37599999999999967,0.676882620129094,0.6485294117647059
logreg_full,0.37699999999999967,0.679010279703562,0.6470588235294118
logreg_full,0.37799999999999967,0.6811379392780301,0.6455882352941177
logreg_full,0.37899999999999967,0.6832655988524983,0.6441176470588236
logreg_full,0.37999999999999967,0.6832655988524983,0.6441176470588236
logreg_full,0.3809999999999997,0.6853932584269663,0.6426470588235295
logreg_full,0.3819999999999997,0.6853932584269663,0.6426470588235295
logreg_full,0.3829999999999997,0.6842696629213483,0.6411764705882353
logreg_full,0.3839999999999997,0.6842696629213483,0.6411764705882353
logreg_full,0.3849999999999997,0.6863973224958164,0.6397058823529411
logreg_full,0.3859999999999997,0.6885249820702845,0.638235294117647
logreg_full,0.3869999999999997,0.6885249820702845,0.638235294117647
logreg_full,0.3879999999999997,0.6885249820702845,0.638235294117647
logreg_full,0.3889999999999997,0.6895290461391346,0.6352941176470588
logreg_full,0.3899999999999997,0.6884054506335167,0.6338235294117647
logreg_full,0.3909999999999997,0.6872818551278986,0.6323529411764706
logreg_full,0.3919999999999997,0.6915371742768348,0.6294117647058823
logreg_full,0.3929999999999997,0.693664833851303,0.6279411764705882
logreg_full,0.3939999999999997,0.693664833851303,0.6279411764705882
logreg_full,0.3949999999999997,0.695792493425771,0.6264705882352941
logreg_full,0.3959999999999997,0.697920153000239,0.625
logreg_full,0.3969999999999997,0.6967965574946211,0.6235294117647059
logreg_full,0.3979999999999997,0.6978006215634712,0.6205882352941177
logreg_full,0.3989999999999997,0.6978006215634712,0.6205882352941177
logreg_full,0.3999999999999997,0.6978006215634712,0.6205882352941177
logreg_full,0.4009999999999997,0.6999282811379393,0.6191176470588236
logreg_full,0.4019999999999997,0.6999282811379393,0.6191176470588236
logreg_full,0.4029999999999997,0.6999282811379393,0.6191176470588236
logreg_full,0.4039999999999997,0.6999282811379393,0.6191176470588236
logreg_full,0.4049999999999997,0.7020559407124074,0.6176470588235294
logreg_full,0.40599999999999964,0.7020559407124074,0.6176470588235294
logreg_full,0.40699999999999964,0.7009323452067895,0.6161764705882353
logreg_full,0.40799999999999964,0.7009323452067895,0.6161764705882353
logreg_full,0.40899999999999964,0.7009323452067895,0.6161764705882353
logreg_full,0.40999999999999964,0.7009323452067895,0.6161764705882353
logreg_full,0.41099999999999964,0.7030600047812575,0.6147058823529412
logreg_full,0.41199999999999964,0.7008128137700216,0.611764705882353
logreg_full,0.41299999999999965,0.6996892182644036,0.6102941176470589
logreg_full,0.41399999999999965,0.6996892182644036,0.6102941176470589
logreg_full,0.41499999999999965,0.6996892182644036,0.6102941176470589
logreg_full,0.41599999999999965,0.6996892182644036,0.6102941176470589
logreg_full,0.41699999999999965,0.7018168778388716,0.6088235294117647
logreg_full,0.41799999999999965,0.7028209419077217,0.6058823529411764
logreg_full,0.41899999999999965,0.7038250059765718,0.6029411764705882
logreg_full,0.41999999999999965,0.7038250059765718,0.6029411764705882
logreg_full,0.42099999999999965,0.704829070045422,0.6
logreg_full,0.42199999999999965,0.704829070045422,0.6
logreg_full,0.42299999999999965,0.704829070045422,0.6
logreg_full,0.42399999999999965,0.7037054745398039,0.5985294117647059
logreg_full,0.42499999999999966,0.7037054745398039,0.5985294117647059
logreg_full,0.42599999999999966,0.7037054745398039,0.5985294117647059
logreg_full,0.42699999999999966,0.702581879034186,0.5970588235294118
logreg_full,0.42799999999999966,0.704709538608654,0.5955882352941176
logreg_full,0.42899999999999966,0.704709538608654,0.5955882352941176
logreg_full,0.42999999999999966,0.704709538608654,0.5955882352941176
logreg_full,0.43099999999999966,0.7110925173320584,0.5911764705882353
logreg_full,0.43199999999999966,0.7110925173320584,0.5911764705882353
logreg_full,0.43299999999999966,0.7110925173320584,0.5911764705882353
logreg_full,0.43399999999999966,0.7110925173320584,0.5911764705882353
logreg_full,0.43499999999999966,0.7132201769065264,0.5897058823529412
logreg_full,0.43599999999999967,0.7153478364809944,0.5882352941176471
logreg_full,0.4369999999999996,0.7153478364809944,0.5882352941176471
logreg_full,0.4379999999999996,0.7142242409753765,0.586764705882353
logreg_full,0.4389999999999996,0.7163519005498447,0.5852941176470589
logreg_full,0.4399999999999996,0.7184795601243127,0.5838235294117647
logreg_full,0.4409999999999996,0.7184795601243127,0.5838235294117647
logreg_full,0.4419999999999996,0.7184795601243127,0.5838235294117647
logreg_full,0.4429999999999996,0.7184795601243127,0.5838235294117647
logreg_full,0.4439999999999996,0.7194836241931628,0.5808823529411765
logreg_full,0.4449999999999996,0.7183600286875449,0.5794117647058824
logreg_full,0.4459999999999996,0.7183600286875449,0.5794117647058824
logreg_full,0.4469999999999996,0.7183600286875449,0.5794117647058824
logreg_full,0.4479999999999996,0.7183600286875449,0.5794117647058824
logreg_full,0.4489999999999996,0.7183600286875449,0.5794117647058824
logreg_full,0.4499999999999996,0.7183600286875449,0.5794117647058824
logreg_full,0.4509999999999996,0.7183600286875449,0.5794117647058824
logreg_full,0.4519999999999996,0.7172364331819269,0.5779411764705882
logreg_full,0.4529999999999996,0.7193640927563949,0.5764705882352941
logreg_full,0.4539999999999996,0.721491752330863,0.575
logreg_full,0.4549999999999996,0.721491752330863,0.575
logreg_full,0.45599999999999963,0.7236194119053312,0.5735294117647058
logreg_full,0.45699999999999963,0.7278747310542673,0.5705882352941176
logreg_full,0.45799999999999963,0.7267511355486493,0.5691176470588235
logreg_full,0.45899999999999963,0.7267511355486493,0.5691176470588235
logreg_full,0.45999999999999963,0.7256275400430313,0.5676470588235294
logreg_full,0.46099999999999963,0.7256275400430313,0.5676470588235294
logreg_full,0.46199999999999963,0.7277551996174993,0.5661764705882353
logreg_full,0.46299999999999963,0.7277551996174993,0.5661764705882353
logreg_full,0.46399999999999963,0.7277551996174993,0.5661764705882353
logreg_full,0.46499999999999964,0.7277551996174993,0.5661764705882353
logreg_full,0.46599999999999964,0.7298828591919675,0.5647058823529412
logreg_full,0.46699999999999964,0.7287592636863495,0.5632352941176471
logreg_full,0.46799999999999964,0.7287592636863495,0.5632352941176471
logreg_full,0.46899999999999964,0.7308869232608175,0.5617647058823529
logreg_full,0.4699999999999996,0.7308869232608175,0.5617647058823529
logreg_full,0.4709999999999996,0.7308869232608175,0.5617647058823529
logreg_full,0.4719999999999996,0.7330145828352856,0.5602941176470588
logreg_full,0.4729999999999996,0.7361463064786038,0.5558823529411765
logreg_full,0.4739999999999996,0.7382739660530719,0.5544117647058824
logreg_full,0.4749999999999996,0.737150370547454,0.5529411764705883
logreg_full,0.4759999999999996,0.737150370547454,0.5529411764705883
logreg_full,0.4769999999999996,0.737150370547454,0.5529411764705883
logreg_full,0.4779999999999996,0.7392780301219221,0.5514705882352942
logreg_full,0.4789999999999996,0.7392780301219221,0.5514705882352942
logreg_full,0.4799999999999996,0.7392780301219221,0.5514705882352942
logreg_full,0.4809999999999996,0.7414056896963901,0.55
logreg_full,0.4819999999999996,0.7414056896963901,0.55
logreg_full,0.4829999999999996,0.7401625627540043,0.5441176470588235
logreg_full,0.4839999999999996,0.7390389672483864,0.5426470588235294
logreg_full,0.4849999999999996,0.7390389672483864,0.5426470588235294
logreg_full,0.4859999999999996,0.7411666268228544,0.5411764705882353
logreg_full,0.4869999999999996,0.7411666268228544,0.5411764705882353
logreg_full,0.4879999999999996,0.7411666268228544,0.5411764705882353
logreg_full,0.4889999999999996,0.7411666268228544,0.5411764705882353
logreg_full,0.4899999999999996,0.7432942863973224,0.5397058823529411
logreg_full,0.4909999999999996,0.7454219459717906,0.538235294117647
logreg_full,0.4919999999999996,0.7431747549605546,0.5352941176470588
logreg_full,0.4929999999999996,0.7453024145350227,0.5338235294117647
logreg_full,0.4939999999999996,0.7463064786038729,0.5308823529411765
logreg_full,0.4949999999999996,0.7463064786038729,0.5308823529411765
logreg_full,0.4959999999999996,0.7451828830982549,0.5294117647058824
logreg_full,0.4969999999999996,0.7451828830982549,0.5294117647058824
logreg_full,0.4979999999999996,0.7440592875926368,0.5279411764705882
logreg_full,0.4989999999999996,0.7440592875926368,0.5279411764705882
logreg_full,0.4999999999999996,0.7429356920870189,0.5264705882352941
logreg_full,0.5009999999999996,0.7429356920870189,0.5264705882352941
logreg_full,0.5019999999999996,0.7429356920870189,0.5264705882352941
logreg_full,0.5029999999999996,0.7429356920870189,0.5264705882352941
logreg_full,0.5039999999999996,0.7429356920870189,0.5264705882352941
logreg_full,0.5049999999999996,0.7429356920870189,0.5264705882352941
logreg_full,0.5059999999999996,0.7429356920870189,0.5264705882352941
logreg_full,0.5069999999999996,0.7429356920870189,0.5264705882352941
logreg_full,0.5079999999999996,0.7429356920870189,0.5264705882352941
logreg_full,0.5089999999999996,0.7429356920870189,0.5264705882352941
logreg_full,0.5099999999999996,0.7429356920870189,0.5264705882352941
logreg_full,0.5109999999999996,0.7460674157303371,0.5220588235294118
logreg_full,0.5119999999999996,0.7481950753048052,0.5205882352941177
logreg_full,0.5129999999999996,0.7481950753048052,0.5205882352941177
logreg_full,0.5139999999999996,0.7470714797991872,0.5191176470588236
logreg_full,0.5149999999999996,0.7459478842935692,0.5176470588235295
logreg_full,0.5159999999999996,0.7480755438680373,0.5161764705882353
logreg_full,0.5169999999999996,0.7502032034425054,0.5147058823529411
logreg_full,0.5179999999999996,0.7502032034425054,0.5147058823529411
logreg_full,0.5189999999999996,0.7502032034425054,0.5147058823529411
logreg_full,0.5199999999999996,0.7502032034425054,0.5147058823529411
logreg_full,0.5209999999999996,0.7523308630169734,0.513235294117647
logreg_full,0.5219999999999996,0.7523308630169734,0.513235294117647
logreg_full,0.5229999999999996,0.7544585225914415,0.5117647058823529
logreg_full,0.5239999999999996,0.7533349270858236,0.5102941176470588
logreg_full,0.5249999999999996,0.7533349270858236,0.5102941176470588
logreg_full,0.5259999999999996,0.7533349270858236,0.5102941176470588
logreg_full,0.5269999999999996,0.7533349270858236,0.5102941176470588
logreg_full,0.5279999999999996,0.7554625866602916,0.5088235294117647
logreg_full,0.5289999999999996,0.7554625866602916,0.5088235294117647
logreg_full,0.5299999999999996,0.7543389911546736,0.5073529411764706
logreg_full,0.5309999999999996,0.7532153956490557,0.5058823529411764
logreg_full,0.5319999999999996,0.7553430552235239,0.5044117647058823
logreg_full,0.5329999999999996,0.7553430552235239,0.5044117647058823
logreg_full,0.5339999999999996,0.7542194597179057,0.5029411764705882
logreg_full,0.5349999999999996,0.7530958642122878,0.5014705882352941
logreg_full,0.5359999999999996,0.7530958642122878,0.5014705882352941
logreg_full,0.5369999999999996,0.7530958642122878,0.5014705882352941
logreg_full,0.5379999999999996,0.7530958642122878,0.5014705882352941
logreg_full,0.5389999999999996,0.7530958642122878,0.5014705882352941
logreg_full,0.5399999999999996,0.7530958642122878,0.5014705882352941
logreg_full,0.5409999999999996,0.7530958642122878,0.5014705882352941
logreg_full,0.5419999999999996,0.7530958642122878,0.5014705882352941
logreg_full,0.5429999999999996,0.757351183361224,0.4985294117647059
logreg_full,0.5439999999999996,0.757351183361224,0.4985294117647059
logreg_full,0.5449999999999996,0.759478842935692,0.4970588235294118
logreg_full,0.5459999999999996,0.759478842935692,0.4970588235294118
logreg_full,0.5469999999999996,0.759478842935692,0.4970588235294118
logreg_full,0.5479999999999996,0.7583552474300741,0.49558823529411766
logreg_full,0.5489999999999995,0.7593593114989242,0.49264705882352944
logreg_full,0.5499999999999995,0.7593593114989242,0.49264705882352944
logreg_full,0.5509999999999995,0.7593593114989242,0.49264705882352944
logreg_full,0.5519999999999995,0.7593593114989242,0.49264705882352944
logreg_full,0.5529999999999995,0.7593593114989242,0.49264705882352944
logreg_full,0.5539999999999995,0.7593593114989242,0.49264705882352944
logreg_full,0.5549999999999995,0.7593593114989242,0.49264705882352944
logreg_full,0.5559999999999995,0.7593593114989242,0.49264705882352944
logreg_full,0.5569999999999995,0.7593593114989242,0.49264705882352944
logreg_full,0.5579999999999995,0.7582357159933062,0.49117647058823527
logreg_full,0.5589999999999995,0.7582357159933062,0.49117647058823527
logreg_full,0.5599999999999995,0.7582357159933062,0.49117647058823527
logreg_full,0.5609999999999995,0.7582357159933062,0.49117647058823527
logreg_full,0.5619999999999995,0.7571121204876883,0.48970588235294116
logreg_full,0.5629999999999995,0.7571121204876883,0.48970588235294116
logreg_full,0.5639999999999995,0.7559885249820704,0.48823529411764705
logreg_full,0.5649999999999995,0.7548649294764522,0.48676470588235293
logreg_full,0.5659999999999995,0.7548649294764522,0.48676470588235293
logreg_full,0.5669999999999995,0.7537413339708343,0.4852941176470588
logreg_full,0.5679999999999995,0.7537413339708343,0.4852941176470588
logreg_full,0.5689999999999995,0.7537413339708343,0.4852941176470588
logreg_full,0.5699999999999995,0.7537413339708343,0.4852941176470588
logreg_full,0.5709999999999995,0.7526177384652164,0.4838235294117647
logreg_full,0.5719999999999995,0.7568730576141525,0.4808823529411765
logreg_full,0.5729999999999995,0.7568730576141525,0.4808823529411765
logreg_full,0.5739999999999995,0.7557494621085346,0.47941176470588237
logreg_full,0.5749999999999995,0.7556299306717666,0.475
logreg_full,0.5759999999999995,0.7556299306717666,0.475
logreg_full,0.5769999999999995,0.7556299306717666,0.475
logreg_full,0.5779999999999995,0.7556299306717666,0.475
logreg_full,0.5789999999999995,0.7598852498207029,0.47205882352941175
logreg_full,0.5799999999999995,0.7598852498207029,0.47205882352941175
logreg_full,0.5809999999999995,0.7598852498207029,0.47205882352941175
logreg_full,0.5819999999999995,0.762012909395171,0.47058823529411764
logreg_full,0.5829999999999995,0.762012909395171,0.47058823529411764
logreg_full,0.5839999999999995,0.762012909395171,0.47058823529411764
logreg_full,0.5849999999999995,0.7608893138895529,0.46911764705882353
logreg_full,0.5859999999999995,0.7608893138895529,0.46911764705882353
logreg_full,0.5869999999999995,0.7608893138895529,0.46911764705882353
logreg_full,0.5879999999999995,0.7608893138895529,0.46911764705882353
logreg_full,0.5889999999999995,0.7630169734640211,0.4676470588235294
logreg_full,0.5899999999999995,0.7651446330384892,0.4661764705882353
logreg_full,0.5909999999999995,0.7640210375328711,0.4647058823529412
logreg_full,0.5919999999999995,0.7640210375328711,0.4647058823529412
logreg_full,0.5929999999999995,0.7640210375328711,0.4647058823529412
logreg_full,0.5939999999999995,0.7628974420272532,0.4632352941176471
logreg_full,0.5949999999999995,0.7617738465216353,0.46176470588235297
logreg_full,0.5959999999999995,0.7617738465216353,0.46176470588235297
logreg_full,0.5969999999999995,0.7617738465216353,0.46176470588235297
logreg_full,0.5979999999999995,0.7617738465216353,0.46176470588235297
logreg_full,0.5989999999999995,0.7617738465216353,0.46176470588235297
logreg_full,0.5999999999999995,0.7639015060961032,0.4602941176470588
logreg_full,0.6009999999999995,0.7627779105904853,0.4588235294117647
logreg_full,0.6019999999999995,0.7627779105904853,0.4588235294117647
logreg_full,0.6029999999999995,0.7627779105904853,0.4588235294117647
logreg_full,0.6039999999999995,0.7627779105904853,0.4588235294117647
logreg_full,0.6049999999999995,0.7627779105904853,0.4588235294117647
logreg_full,0.6059999999999995,0.7627779105904853,0.4588235294117647
logreg_full,0.6069999999999995,0.7627779105904853,0.4588235294117647
logreg_full,0.6079999999999995,0.7649055701649534,0.4573529411764706
logreg_full,0.6089999999999995,0.7649055701649534,0.4573529411764706
logreg_full,0.6099999999999995,0.7649055701649534,0.4573529411764706
logreg_full,0.6109999999999995,0.7670332297394215,0.45588235294117646
logreg_full,0.6119999999999995,0.7670332297394215,0.45588235294117646
logreg_full,0.6129999999999995,0.7659096342338034,0.45441176470588235
logreg_full,0.6139999999999994,0.7659096342338034,0.45441176470588235
logreg_full,0.6149999999999994,0.7659096342338034,0.45441176470588235
logreg_full,0.6159999999999994,0.7659096342338034,0.45441176470588235
logreg_full,0.6169999999999994,0.7659096342338034,0.45441176470588235
logreg_full,0.6179999999999994,0.7659096342338034,0.45441176470588235
logreg_full,0.6189999999999994,0.7659096342338034,0.45441176470588235
logreg_full,0.6199999999999994,0.7669136983026537,0.4514705882352941
logreg_full,0.6209999999999994,0.7669136983026537,0.4514705882352941
logreg_full,0.6219999999999994,0.7669136983026537,0.4514705882352941
logreg_full,0.6229999999999994,0.7657901027970355,0.45
logreg_full,0.6239999999999994,0.7657901027970355,0.45
logreg_full,0.6249999999999994,0.7657901027970355,0.45
logreg_full,0.6259999999999994,0.7657901027970355,0.45
logreg_full,0.6269999999999994,0.7646665072914176,0.4485294117647059
logreg_full,0.6279999999999994,0.7646665072914176,0.4485294117647059
logreg_full,0.6289999999999994,0.7646665072914176,0.4485294117647059
logreg_full,0.6299999999999994,0.7646665072914176,0.4485294117647059
logreg_full,0.6309999999999995,0.7646665072914176,0.4485294117647059
logreg_full,0.6319999999999995,0.7646665072914176,0.4485294117647059
logreg_full,0.6329999999999995,0.7656705713602677,0.4455882352941177
logreg_full,0.6339999999999995,0.7656705713602677,0.4455882352941177
logreg_full,0.6349999999999995,0.7656705713602677,0.4455882352941177
logreg_full,0.6359999999999995,0.7677982309347358,0.4441176470588235
logreg_full,0.6369999999999995,0.7699258905092039,0.4426470588235294
logreg_full,0.6379999999999995,0.772053550083672,0.4411764705882353
logreg_full,0.6389999999999995,0.772053550083672,0.4411764705882353
logreg_full,0.6399999999999995,0.772053550083672,0.4411764705882353
logreg_full,0.6409999999999995,0.772053550083672,0.4411764705882353
logreg_full,0.6419999999999995,0.770929954578054,0.43970588235294117
logreg_full,0.6429999999999995,0.7719340186469041,0.43676470588235294
logreg_full,0.6439999999999995,0.7719340186469041,0.43676470588235294
logreg_full,0.6449999999999995,0.7719340186469041,0.43676470588235294
logreg_full,0.6459999999999995,0.7719340186469041,0.43676470588235294
logreg_full,0.6469999999999995,0.7719340186469041,0.43676470588235294
logreg_full,0.6479999999999995,0.7719340186469041,0.43676470588235294
logreg_full,0.6489999999999995,0.7719340186469041,0.43676470588235294
logreg_full,0.6499999999999995,0.7719340186469041,0.43676470588235294
logreg_full,0.6509999999999995,0.7740616782213723,0.43529411764705883
logreg_full,0.6519999999999995,0.7740616782213723,0.43529411764705883
logreg_full,0.6529999999999995,0.7729380827157543,0.4338235294117647
logreg_full,0.6539999999999995,0.7729380827157543,0.4338235294117647
logreg_full,0.6549999999999995,0.7718144872101362,0.4323529411764706
logreg_full,0.6559999999999995,0.7718144872101362,0.4323529411764706
logreg_full,0.6569999999999995,0.7718144872101362,0.4323529411764706
logreg_full,0.6579999999999995,0.7718144872101362,0.4323529411764706
logreg_full,0.6589999999999995,0.7706908917045183,0.4308823529411765
logreg_full,0.6599999999999995,0.7728185512789864,0.4294117647058823
logreg_full,0.6609999999999995,0.7728185512789864,0.4294117647058823
logreg_full,0.6619999999999995,0.7728185512789864,0.4294117647058823
logreg_full,0.6629999999999995,0.7728185512789864,0.4294117647058823
logreg_full,0.6639999999999995,0.7728185512789864,0.4294117647058823
logreg_full,0.6649999999999995,0.7728185512789864,0.4294117647058823
logreg_full,0.6659999999999995,0.7728185512789864,0.4294117647058823
logreg_full,0.6669999999999995,0.7728185512789864,0.4294117647058823
logreg_full,0.6679999999999995,0.7728185512789864,0.4294117647058823
logreg_full,0.6689999999999995,0.7738226153478365,0.4264705882352941
logreg_full,0.6699999999999995,0.7738226153478365,0.4264705882352941
logreg_full,0.6709999999999995,0.7738226153478365,0.4264705882352941
logreg_full,0.6719999999999995,0.7738226153478365,0.4264705882352941
logreg_full,0.6729999999999995,0.7738226153478365,0.4264705882352941
logreg_full,0.6739999999999995,0.7738226153478365,0.4264705882352941
logreg_full,0.6749999999999995,0.7726990198422186,0.425
logreg_full,0.6759999999999995,0.7726990198422186,0.425
logreg_full,0.6769999999999994,0.7748266794166866,0.4235294117647059
logreg_full,0.6779999999999994,0.7748266794166866,0.4235294117647059
logreg_full,0.6789999999999994,0.7748266794166866,0.4235294117647059
logreg_full,0.6799999999999994,0.7748266794166866,0.4235294117647059
logreg_full,0.6809999999999994,0.7748266794166866,0.4235294117647059
logreg_full,0.6819999999999994,0.7748266794166866,0.4235294117647059
logreg_full,0.6829999999999994,0.7737030839110686,0.42205882352941176
logreg_full,0.6839999999999994,0.7737030839110686,0.42205882352941176
logreg_full,0.6849999999999994,0.7737030839110686,0.42205882352941176
logreg_full,0.6859999999999994,0.7737030839110686,0.42205882352941176
logreg_full,0.6869999999999994,0.7714558928998327,0.41911764705882354
logreg_full,0.6879999999999994,0.7703322973942147,0.4176470588235294
logreg_full,0.6889999999999994,0.7703322973942147,0.4176470588235294
logreg_full,0.6899999999999994,0.7703322973942147,0.4176470588235294
logreg_full,0.6909999999999994,0.7692087018885967,0.4161764705882353
logreg_full,0.6919999999999994,0.7680851063829788,0.4147058823529412
logreg_full,0.6929999999999994,0.7669615108773608,0.41323529411764703
logreg_full,0.6939999999999994,0.7658379153717427,0.4117647058823529
logreg_full,0.6949999999999994,0.7658379153717427,0.4117647058823529
logreg_full,0.6959999999999994,0.7658379153717427,0.4117647058823529
logreg_full,0.6969999999999994,0.7658379153717427,0.4117647058823529
logreg_full,0.6979999999999994,0.7647143198661248,0.4102941176470588
logreg_full,0.6989999999999994,0.7647143198661248,0.4102941176470588
logreg_full,0.6999999999999994,0.7647143198661248,0.4102941176470588
logreg_full,0.7009999999999994,0.7647143198661248,0.4102941176470588
logreg_full,0.7019999999999994,0.7624671288548888,0.4073529411764706
logreg_full,0.7029999999999994,0.7624671288548888,0.4073529411764706
logreg_full,0.7039999999999994,0.7624671288548888,0.4073529411764706
logreg_full,0.7049999999999994,0.7624671288548888,0.4073529411764706
logreg_full,0.7059999999999994,0.7624671288548888,0.4073529411764706
logreg_full,0.7069999999999994,0.7613435333492709,0.40588235294117647
logreg_full,0.7079999999999994,0.7613435333492709,0.40588235294117647
logreg_full,0.7089999999999994,0.7613435333492709,0.40588235294117647
logreg_full,0.7099999999999994,0.7613435333492709,0.40588235294117647
logreg_full,0.7109999999999994,0.7613435333492709,0.40588235294117647
logreg_full,0.7119999999999994,0.7613435333492709,0.40588235294117647
logreg_full,0.7129999999999994,0.7613435333492709,0.40588235294117647
logreg_full,0.7139999999999994,0.7602199378436529,0.40441176470588236
logreg_full,0.7149999999999994,0.7590963423380349,0.40294117647058825
logreg_full,0.7159999999999994,0.761224001912503,0.40147058823529413
logreg_full,0.7169999999999994,0.761224001912503,0.40147058823529413
logreg_full,0.7179999999999994,0.761224001912503,0.40147058823529413
logreg_full,0.7189999999999994,0.7622280659813532,0.3985294117647059
logreg_full,0.7199999999999994,0.7622280659813532,0.3985294117647059
logreg_full,0.7209999999999994,0.7622280659813532,0.3985294117647059
logreg_full,0.7219999999999994,0.7611044704757352,0.39705882352941174
logreg_full,0.7229999999999994,0.7611044704757352,0.39705882352941174
logreg_full,0.7239999999999994,0.7599808749701171,0.39558823529411763
logreg_full,0.7249999999999994,0.7599808749701171,0.39558823529411763
logreg_full,0.7259999999999994,0.7599808749701171,0.39558823529411763
logreg_full,0.7269999999999994,0.7588572794644992,0.3941176470588235
logreg_full,0.7279999999999994,0.7609849390389672,0.3926470588235294
logreg_full,0.7289999999999994,0.7609849390389672,0.3926470588235294
logreg_full,0.7299999999999994,0.7598613435333492,0.3911764705882353
logreg_full,0.7309999999999994,0.7598613435333492,0.3911764705882353
logreg_full,0.7319999999999994,0.7587377480277313,0.3897058823529412
logreg_full,0.7329999999999994,0.7587377480277313,0.3897058823529412
logreg_full,0.7339999999999994,0.7587377480277313,0.3897058823529412
logreg_full,0.7349999999999994,0.7576141525221134,0.38823529411764707
logreg_full,0.7359999999999994,0.7564905570164954,0.38676470588235295
logreg_full,0.7369999999999994,0.7564905570164954,0.38676470588235295
logreg_full,0.7379999999999994,0.7564905570164954,0.38676470588235295
logreg_full,0.7389999999999994,0.7564905570164954,0.38676470588235295
logreg_full,0.7399999999999994,0.7564905570164954,0.38676470588235295
logreg_full,0.7409999999999994,0.7564905570164954,0.38676470588235295
logreg_full,0.7419999999999993,0.7564905570164954,0.38676470588235295
logreg_full,0.7429999999999993,0.7564905570164954,0.38676470588235295
logreg_full,0.7439999999999993,0.7542433660052594,0.38382352941176473
logreg_full,0.7449999999999993,0.7542433660052594,0.38382352941176473
logreg_full,0.7459999999999993,0.7519961749940234,0.38088235294117645
logreg_full,0.7469999999999993,0.7508725794884055,0.37941176470588234
logreg_full,0.7479999999999993,0.7508725794884055,0.37941176470588234
logreg_full,0.7489999999999993,0.7508725794884055,0.37941176470588234
logreg_full,0.7499999999999993,0.7508725794884055,0.37941176470588234
logreg_full,0.7509999999999993,0.7497489839827876,0.3779411764705882
logreg_full,0.7519999999999993,0.7518766435572556,0.3764705882352941
logreg_full,0.7529999999999993,0.7540043031317236,0.375
logreg_full,0.7539999999999993,0.7528807076261057,0.3735294117647059
logreg_full,0.7549999999999993,0.7517571121204878,0.3720588235294118
logreg_full,0.7559999999999993,0.7517571121204878,0.3720588235294118
logreg_full,0.7569999999999993,0.7517571121204878,0.3720588235294118
logreg_full,0.7579999999999993,0.7517571121204878,0.3720588235294118
logreg_full,0.7589999999999993,0.7517571121204878,0.3720588235294118
logreg_full,0.7599999999999993,0.7506335166148697,0.37058823529411766
logreg_full,0.7609999999999993,0.7506335166148697,0.37058823529411766
logreg_full,0.7619999999999993,0.7495099211092517,0.36911764705882355
logreg_full,0.7629999999999993,0.7495099211092517,0.36911764705882355
logreg_full,0.7639999999999993,0.7495099211092517,0.36911764705882355
logreg_full,0.7649999999999993,0.7495099211092517,0.36911764705882355
logreg_full,0.7659999999999993,0.7495099211092517,0.36911764705882355
logreg_full,0.7669999999999993,0.7495099211092517,0.36911764705882355
logreg_full,0.7679999999999993,0.7495099211092517,0.36911764705882355
logreg_full,0.7689999999999994,0.7495099211092517,0.36911764705882355
logreg_full,0.7699999999999994,0.7495099211092517,0.36911764705882355
logreg_full,0.7709999999999994,0.7495099211092517,0.36911764705882355
logreg_full,0.7719999999999994,0.7483863256036338,0.36764705882352944
logreg_full,0.7729999999999994,0.7483863256036338,0.36764705882352944
logreg_full,0.7739999999999994,0.7483863256036338,0.36764705882352944
logreg_full,0.7749999999999994,0.7483863256036338,0.36764705882352944
logreg_full,0.7759999999999994,0.7483863256036338,0.36764705882352944
logreg_full,0.7769999999999994,0.7472627300980158,0.36617647058823527
logreg_full,0.7779999999999994,0.7472627300980158,0.36617647058823527
logreg_full,0.7789999999999994,0.7461391345923978,0.36470588235294116
logreg_full,0.7799999999999994,0.7461391345923978,0.36470588235294116
logreg_full,0.7809999999999994,0.7461391345923978,0.36470588235294116
logreg_full,0.7819999999999994,0.7461391345923978,0.36470588235294116
logreg_full,0.7829999999999994,0.7461391345923978,0.36470588235294116
logreg_full,0.7839999999999994,0.7461391345923978,0.36470588235294116
logreg_full,0.7849999999999994,0.7461391345923978,0.36470588235294116
logreg_full,0.7859999999999994,0.7461391345923978,0.36470588235294116
logreg_full,0.7869999999999994,0.7461391345923978,0.36470588235294116
logreg_full,0.7879999999999994,0.7450155390867799,0.36323529411764705
logreg_full,0.7889999999999994,0.7450155390867799,0.36323529411764705
logreg_full,0.7899999999999994,0.7450155390867799,0.36323529411764705
logreg_full,0.7909999999999994,0.7450155390867799,0.36323529411764705
logreg_full,0.7919999999999994,0.7450155390867799,0.36323529411764705
logreg_full,0.7929999999999994,0.7416447525699259,0.3588235294117647
logreg_full,0.7939999999999994,0.7416447525699259,0.3588235294117647
logreg_full,0.7949999999999994,0.740521157064308,0.3573529411764706
logreg_full,0.7959999999999994,0.740521157064308,0.3573529411764706
logreg_full,0.7969999999999994,0.740521157064308,0.3573529411764706
logreg_full,0.7979999999999994,0.7382739660530719,0.35441176470588237
logreg_full,0.7989999999999994,0.7382739660530719,0.35441176470588237
logreg_full,0.7999999999999994,0.7382739660530719,0.35441176470588237
logreg_full,0.8009999999999994,0.7382739660530719,0.35441176470588237
logreg_full,0.8019999999999994,0.7404016256275401,0.35294117647058826
logreg_full,0.8029999999999994,0.7404016256275401,0.35294117647058826
logreg_full,0.8039999999999994,0.7404016256275401,0.35294117647058826
logreg_full,0.8049999999999993,0.7404016256275401,0.35294117647058826
logreg_full,0.8059999999999993,0.7404016256275401,0.35294117647058826
logreg_full,0.8069999999999993,0.7404016256275401,0.35294117647058826
logreg_full,0.8079999999999993,0.7404016256275401,0.35294117647058826
logreg_full,0.8089999999999993,0.7404016256275401,0.35294117647058826
logreg_full,0.8099999999999993,0.7404016256275401,0.35294117647058826
logreg_full,0.8109999999999993,0.7404016256275401,0.35294117647058826
logreg_full,0.8119999999999993,0.7404016256275401,0.35294117647058826
logreg_full,0.8129999999999993,0.7404016256275401,0.35294117647058826
logreg_full,0.8139999999999993,0.7404016256275401,0.35294117647058826
logreg_full,0.8149999999999993,0.7404016256275401,0.35294117647058826
logreg_full,0.8159999999999993,0.7392780301219221,0.3514705882352941
logreg_full,0.8169999999999993,0.7392780301219221,0.3514705882352941
logreg_full,0.8179999999999993,0.7392780301219221,0.3514705882352941
logreg_full,0.8189999999999993,0.7370308391106861,0.34852941176470587
logreg_full,0.8199999999999993,0.7370308391106861,0.34852941176470587
logreg_full,0.8209999999999993,0.7359072436050681,0.34705882352941175
logreg_full,0.8219999999999993,0.7347836480994501,0.34558823529411764
logreg_full,0.8229999999999993,0.7347836480994501,0.34558823529411764
logreg_full,0.8239999999999993,0.7336600525938322,0.34411764705882353
logreg_full,0.8249999999999993,0.7336600525938322,0.34411764705882353
logreg_full,0.8259999999999993,0.7336600525938322,0.34411764705882353
logreg_full,0.8269999999999993,0.7325364570882142,0.3426470588235294
logreg_full,0.8279999999999993,0.7325364570882142,0.3426470588235294
logreg_full,0.8289999999999993,0.7325364570882142,0.3426470588235294
logreg_full,0.8299999999999993,0.7325364570882142,0.3426470588235294
logreg_full,0.8309999999999993,0.7325364570882142,0.3426470588235294
logreg_full,0.8319999999999993,0.7312933301458283,0.33676470588235297
logreg_full,0.8329999999999993,0.7312933301458283,0.33676470588235297
logreg_full,0.8339999999999993,0.7312933301458283,0.33676470588235297
logreg_full,0.8349999999999993,0.7312933301458283,0.33676470588235297
logreg_full,0.8359999999999993,0.7312933301458283,0.33676470588235297
logreg_full,0.8369999999999993,0.7312933301458283,0.33676470588235297
logreg_full,0.8379999999999993,0.7290461391345924,0.3338235294117647
logreg_full,0.8389999999999993,0.7290461391345924,0.3338235294117647
logreg_full,0.8399999999999993,0.7279225436289745,0.3323529411764706
logreg_full,0.8409999999999993,0.7267989481233564,0.33088235294117646
logreg_full,0.8419999999999993,0.7267989481233564,0.33088235294117646
logreg_full,0.8429999999999993,0.7267989481233564,0.33088235294117646
logreg_full,0.8439999999999993,0.7267989481233564,0.33088235294117646
logreg_full,0.8449999999999993,0.7256753526177384,0.32941176470588235
logreg_full,0.8459999999999993,0.7245517571121205,0.32794117647058824
logreg_full,0.8469999999999993,0.7245517571121205,0.32794117647058824
logreg_full,0.8479999999999993,0.7234281616065025,0.3264705882352941
logreg_full,0.8489999999999993,0.7234281616065025,0.3264705882352941
logreg_full,0.8499999999999993,0.7234281616065025,0.3264705882352941
logreg_full,0.8509999999999993,0.7234281616065025,0.3264705882352941
logreg_full,0.8519999999999993,0.7234281616065025,0.3264705882352941
logreg_full,0.8529999999999993,0.7234281616065025,0.3264705882352941
logreg_full,0.8539999999999993,0.7234281616065025,0.3264705882352941
logreg_full,0.8549999999999993,0.7223045661008844,0.325
logreg_full,0.8559999999999993,0.7223045661008844,0.325
logreg_full,0.8569999999999993,0.7223045661008844,0.325
logreg_full,0.8579999999999993,0.7211809705952665,0.3235294117647059
logreg_full,0.8589999999999993,0.7200573750896486,0.3220588235294118
logreg_full,0.8599999999999993,0.7200573750896486,0.3220588235294118
logreg_full,0.8609999999999993,0.7189337795840306,0.3205882352941177
logreg_full,0.8619999999999993,0.7189337795840306,0.3205882352941177
logreg_full,0.8629999999999993,0.7178101840784126,0.3191176470588235
logreg_full,0.8639999999999993,0.7178101840784126,0.3191176470588235
logreg_full,0.8649999999999993,0.7166865885727947,0.3176470588235294
logreg_full,0.8659999999999993,0.7166865885727947,0.3176470588235294
logreg_full,0.8669999999999993,0.7166865885727947,0.3176470588235294
logreg_full,0.8679999999999993,0.7155629930671766,0.3161764705882353
logreg_full,0.8689999999999993,0.7155629930671766,0.3161764705882353
logreg_full,0.8699999999999992,0.7155629930671766,0.3161764705882353
logreg_full,0.8709999999999992,0.7133158020559407,0.31323529411764706
logreg_full,0.8719999999999992,0.7133158020559407,0.31323529411764706
logreg_full,0.8729999999999992,0.7133158020559407,0.31323529411764706
logreg_full,0.8739999999999992,0.7133158020559407,0.31323529411764706
logreg_full,0.8749999999999992,0.7110686110447048,0.31029411764705883
logreg_full,0.8759999999999992,0.7110686110447048,0.31029411764705883
logreg_full,0.8769999999999992,0.7099450155390867,0.3088235294117647
logreg_full,0.8779999999999992,0.7088214200334688,0.3073529411764706
logreg_full,0.8789999999999992,0.7088214200334688,0.3073529411764706
logreg_full,0.8799999999999992,0.7076978245278508,0.3058823529411765
logreg_full,0.8809999999999992,0.7076978245278508,0.3058823529411765
logreg_full,0.8819999999999992,0.7076978245278508,0.3058823529411765
logreg_full,0.8829999999999992,0.7054506335166149,0.3029411764705882
logreg_full,0.8839999999999992,0.7054506335166149,0.3029411764705882
logreg_full,0.8849999999999992,0.7043270380109968,0.3014705882352941
logreg_full,0.8859999999999992,0.7043270380109968,0.3014705882352941
logreg_full,0.8869999999999992,0.706454697585465,0.3
logreg_full,0.8879999999999992,0.706454697585465,0.3
logreg_full,0.8889999999999992,0.704207506574229,0.29705882352941176
logreg_full,0.8899999999999992,0.703083911068611,0.29558823529411765
logreg_full,0.8909999999999992,0.701960315562993,0.29411764705882354
logreg_full,0.8919999999999992,0.701960315562993,0.29411764705882354
logreg_full,0.8929999999999992,0.701960315562993,0.29411764705882354
logreg_full,0.8939999999999992,0.701960315562993,0.29411764705882354
logreg_full,0.8949999999999992,0.6997131245517572,0.2911764705882353
logreg_full,0.8959999999999992,0.6997131245517572,0.2911764705882353
logreg_full,0.8969999999999992,0.6985895290461391,0.2897058823529412
logreg_full,0.8979999999999992,0.6974659335405211,0.28823529411764703
logreg_full,0.8989999999999992,0.6974659335405211,0.28823529411764703
logreg_full,0.8999999999999992,0.6963423380349032,0.2867647058823529
logreg_full,0.9009999999999992,0.6963423380349032,0.2867647058823529
logreg_full,0.9019999999999992,0.6963423380349032,0.2867647058823529
logreg_full,0.9029999999999992,0.6963423380349032,0.2867647058823529
logreg_full,0.9039999999999992,0.6940951470236671,0.2838235294117647
logreg_full,0.9049999999999992,0.6929715515180492,0.2823529411764706
logreg_full,0.9059999999999993,0.6896007650011953,0.27794117647058825
logreg_full,0.9069999999999993,0.6884771694955774,0.27647058823529413
logreg_full,0.9079999999999993,0.6862299784843413,0.2735294117647059
logreg_full,0.9089999999999993,0.6851063829787234,0.27205882352941174
logreg_full,0.9099999999999993,0.6839827874731054,0.27058823529411763
logreg_full,0.9109999999999993,0.6839827874731054,0.27058823529411763
logreg_full,0.9119999999999993,0.6839827874731054,0.27058823529411763
logreg_full,0.9129999999999993,0.6839827874731054,0.27058823529411763
logreg_full,0.9139999999999993,0.6861104470475735,0.2691176470588235
logreg_full,0.9149999999999993,0.6861104470475735,0.2691176470588235
logreg_full,0.9159999999999993,0.6861104470475735,0.2691176470588235
logreg_full,0.9169999999999993,0.6849868515419555,0.2676470588235294
logreg_full,0.9179999999999993,0.6849868515419555,0.2676470588235294
logreg_full,0.9189999999999993,0.6838632560363376,0.2661764705882353
logreg_full,0.9199999999999993,0.6838632560363376,0.2661764705882353
logreg_full,0.9209999999999993,0.6838632560363376,0.2661764705882353
logreg_full,0.9219999999999993,0.6816160650251015,0.26323529411764707
logreg_full,0.9229999999999993,0.6793688740138656,0.26029411764705884
logreg_full,0.9239999999999993,0.6782452785082477,0.25882352941176473
logreg_full,0.9249999999999993,0.6782452785082477,0.25882352941176473
logreg_full,0.9259999999999993,0.6771216830026296,0.25735294117647056
logreg_full,0.9269999999999993,0.6771216830026296,0.25735294117647056
logreg_full,0.9279999999999993,0.6771216830026296,0.25735294117647056
logreg_full,0.9289999999999993,0.6759980874970117,0.25588235294117645
logreg_full,0.9299999999999993,0.6748744919913937,0.25441176470588234
logreg_full,0.9309999999999993,0.6726273009801578,0.2514705882352941
logreg_full,0.9319999999999993,0.6726273009801578,0.2514705882352941
logreg_full,0.9329999999999992,0.6726273009801578,0.2514705882352941
logreg_full,0.9339999999999992,0.6715037054745397,0.25
logreg_full,0.9349999999999992,0.6703801099689218,0.2485294117647059
logreg_full,0.9359999999999992,0.6703801099689218,0.2485294117647059
logreg_full,0.9369999999999992,0.6692565144633038,0.24705882352941178
logreg_full,0.9379999999999992,0.6681329189576859,0.24558823529411763
logreg_full,0.9389999999999992,0.6681329189576859,0.24558823529411763
logreg_full,0.9399999999999992,0.6670093234520679,0.24411764705882352
logreg_full,0.9409999999999992,0.6670093234520679,0.24411764705882352
logreg_full,0.9419999999999992,0.6670093234520679,0.24411764705882352
logreg_full,0.9429999999999992,0.6691369830265359,0.2426470588235294
logreg_full,0.9439999999999992,0.6623954099928281,0.2338235294117647
logreg_full,0.9449999999999992,0.6623954099928281,0.2338235294117647
logreg_full,0.9459999999999992,0.6590246234759741,0.22941176470588234
logreg_full,0.9469999999999992,0.6590246234759741,0.22941176470588234
logreg_full,0.9479999999999992,0.6590246234759741,0.22941176470588234
logreg_full,0.9489999999999992,0.6545302414535022,0.2235294117647059
logreg_full,0.9499999999999992,0.6522830504422663,0.22058823529411764
logreg_full,0.9509999999999992,0.6522830504422663,0.22058823529411764
logreg_full,0.9519999999999992,0.6511594549366483,0.21911764705882353
logreg_full,0.9529999999999992,0.6500358594310304,0.21764705882352942
logreg_full,0.9539999999999992,0.6489122639254123,0.2161764705882353
logreg_full,0.9549999999999992,0.6489122639254123,0.2161764705882353
logreg_full,0.9559999999999992,0.6455414774085584,0.21176470588235294
logreg_full,0.9569999999999992,0.6455414774085584,0.21176470588235294
logreg_full,0.9579999999999992,0.6455414774085584,0.21176470588235294
logreg_full,0.9589999999999992,0.6465455414774086,0.2088235294117647
logreg_full,0.9599999999999992,0.6441788190294047,0.20147058823529412
logreg_full,0.9609999999999992,0.6396844370069328,0.19558823529411765
logreg_full,0.9619999999999992,0.6374372459956968,0.19264705882352942
logreg_full,0.9629999999999992,0.6351900549844609,0.18970588235294117
logreg_full,0.9639999999999992,0.634066459478843,0.18823529411764706
logreg_full,0.9649999999999992,0.634066459478843,0.18823529411764706
logreg_full,0.9659999999999992,0.629572077456371,0.18235294117647058
logreg_full,0.9669999999999992,0.629572077456371,0.18235294117647058
logreg_full,0.9679999999999992,0.6294525460196032,0.17794117647058824
logreg_full,0.9689999999999992,0.6283289505139852,0.17647058823529413
logreg_full,0.9699999999999992,0.6260817595027492,0.17352941176470588
logreg_full,0.9709999999999992,0.6227109729858953,0.16911764705882354
logreg_full,0.9719999999999992,0.6215873774802774,0.1676470588235294
logreg_full,0.9729999999999992,0.6214678460435095,0.16323529411764706
logreg_full,0.9739999999999992,0.6192206550322735,0.16029411764705884
logreg_full,0.9749999999999992,0.6192206550322735,0.16029411764705884
logreg_full,0.9759999999999992,0.6180970595266555,0.1588235294117647
logreg_full,0.9769999999999992,0.6169734640210376,0.15735294117647058
logreg_full,0.9779999999999992,0.6124790819985656,0.1514705882352941
logreg_full,0.9789999999999992,0.6124790819985656,0.1514705882352941
logreg_full,0.9799999999999992,0.6102318909873297,0.14852941176470588
logreg_full,0.9809999999999992,0.6068611044704757,0.14411764705882352
logreg_full,0.9819999999999992,0.6068611044704757,0.14411764705882352
logreg_full,0.9829999999999992,0.6034903179536218,0.13970588235294118
logreg_full,0.9839999999999992,0.6001195314367679,0.13529411764705881
logreg_full,0.9849999999999992,0.597872340425532,0.1323529411764706
logreg_full,0.9859999999999992,0.5967487449199139,0.13088235294117648
logreg_full,0.9869999999999992,0.5967487449199139,0.13088235294117648
logreg_full,0.9879999999999992,0.5932584269662922,0.12205882352941176
logreg_full,0.9889999999999992,0.5932584269662922,0.12205882352941176
logreg_full,0.9899999999999992,0.5898876404494382,0.11764705882352941
ensemble_weighted,0.01,0.5,1.0
ensemble_weighted,0.011,0.5,1.0
ensemble_weighted,0.011999999999999999,0.5,1.0
ensemble_weighted,0.012999999999999998,0.5,1.0
ensemble_weighted,0.013999999999999997,0.5,1.0
ensemble_weighted,0.014999999999999996,0.5,1.0
ensemble_weighted,0.015999999999999993,0.5,1.0
ensemble_weighted,0.016999999999999994,0.5,1.0
ensemble_weighted,0.017999999999999995,0.5,1.0
ensemble_weighted,0.018999999999999993,0.5,1.0
ensemble_weighted,0.01999999999999999,0.5,1.0
ensemble_weighted,0.02099999999999999,0.5,1.0
ensemble_weighted,0.021999999999999992,0.5,1.0
ensemble_weighted,0.02299999999999999,0.5,1.0
ensemble_weighted,0.023999999999999987,0.5,1.0
ensemble_weighted,0.024999999999999988,0.5,1.0
ensemble_weighted,0.02599999999999999,0.5,1.0
ensemble_weighted,0.026999999999999986,0.5,1.0
ensemble_weighted,0.027999999999999983,0.5,1.0
ensemble_weighted,0.028999999999999984,0.5,1.0
ensemble_weighted,0.029999999999999985,0.5,1.0
ensemble_weighted,0.030999999999999982,0.5,1.0
ensemble_weighted,0.03199999999999998,0.5,1.0
ensemble_weighted,0.03299999999999998,0.5,1.0
ensemble_weighted,0.03399999999999998,0.5,1.0
ensemble_weighted,0.034999999999999976,0.5,1.0
ensemble_weighted,0.035999999999999976,0.5,1.0
ensemble_weighted,0.03699999999999998,0.5,1.0
ensemble_weighted,0.03799999999999998,0.5,1.0
ensemble_weighted,0.03899999999999998,0.5,1.0
ensemble_weighted,0.03999999999999997,0.5,1.0
ensemble_weighted,0.040999999999999974,0.5,1.0
ensemble_weighted,0.041999999999999975,0.5,1.0
ensemble_weighted,0.04299999999999997,0.5,1.0
ensemble_weighted,0.04399999999999997,0.5,1.0
ensemble_weighted,0.04499999999999997,0.5,1.0
ensemble_weighted,0.04599999999999997,0.5,1.0
ensemble_weighted,0.04699999999999997,0.5,1.0
ensemble_weighted,0.047999999999999966,0.5,1.0
ensemble_weighted,0.04899999999999997,0.5,1.0
ensemble_weighted,0.04999999999999997,0.5,1.0
ensemble_weighted,0.05099999999999996,0.5,1.0
ensemble_weighted,0.05199999999999996,0.5,1.0
ensemble_weighted,0.052999999999999964,0.5,1.0
ensemble_weighted,0.053999999999999965,0.5,1.0
ensemble_weighted,0.054999999999999966,0.5,1.0
ensemble_weighted,0.05599999999999996,0.5,1.0
ensemble_weighted,0.05699999999999996,0.5,1.0
ensemble_weighted,0.05799999999999996,0.5,1.0
ensemble_weighted,0.058999999999999955,0.5,1.0
ensemble_weighted,0.059999999999999956,0.5,1.0
ensemble_weighted,0.06099999999999996,0.5,1.0
ensemble_weighted,0.06199999999999996,0.5,1.0
ensemble_weighted,0.06299999999999996,0.5,1.0
ensemble_weighted,0.06399999999999996,0.5,1.0
ensemble_weighted,0.06499999999999995,0.5,1.0
ensemble_weighted,0.06599999999999995,0.5,1.0
ensemble_weighted,0.06699999999999995,0.5,1.0
ensemble_weighted,0.06799999999999995,0.5,1.0
ensemble_weighted,0.06899999999999995,0.5,1.0
ensemble_weighted,0.06999999999999995,0.5,1.0
ensemble_weighted,0.07099999999999995,0.5,1.0
ensemble_weighted,0.07199999999999995,0.5,1.0
ensemble_weighted,0.07299999999999995,0.5,1.0
ensemble_weighted,0.07399999999999994,0.5,1.0
ensemble_weighted,0.07499999999999994,0.5,1.0
ensemble_weighted,0.07599999999999994,0.5,1.0
ensemble_weighted,0.07699999999999994,0.5,1.0
ensemble_weighted,0.07799999999999994,0.5,1.0
ensemble_weighted,0.07899999999999995,0.5,1.0
ensemble_weighted,0.07999999999999995,0.5,1.0
ensemble_weighted,0.08099999999999993,0.5,1.0
ensemble_weighted,0.08199999999999993,0.5,1.0
ensemble_weighted,0.08299999999999993,0.5,1.0
ensemble_weighted,0.08399999999999994,0.5,1.0
ensemble_weighted,0.08499999999999994,0.5,1.0
ensemble_weighted,0.08599999999999994,0.5,1.0
ensemble_weighted,0.08699999999999994,0.5,1.0
ensemble_weighted,0.08799999999999994,0.5,1.0
ensemble_weighted,0.08899999999999994,0.5,1.0
ensemble_weighted,0.08999999999999993,0.5,1.0
ensemble_weighted,0.09099999999999993,0.5,1.0
ensemble_weighted,0.09199999999999993,0.5,1.0
ensemble_weighted,0.09299999999999993,0.5,1.0
ensemble_weighted,0.09399999999999993,0.5,1.0
ensemble_weighted,0.09499999999999993,0.5,1.0
ensemble_weighted,0.09599999999999993,0.5,1.0
ensemble_weighted,0.09699999999999992,0.5,1.0
ensemble_weighted,0.09799999999999992,0.5,1.0
ensemble_weighted,0.09899999999999992,0.5,1.0
ensemble_weighted,0.09999999999999992,0.5,1.0
ensemble_weighted,0.10099999999999992,0.5,1.0
ensemble_weighted,0.10199999999999992,0.5,1.0
ensemble_weighted,0.10299999999999992,0.5,1.0
ensemble_weighted,0.10399999999999993,0.5,1.0
ensemble_weighted,0.10499999999999993,0.5,1.0
ensemble_weighted,0.10599999999999991,0.5,1.0
ensemble_weighted,0.10699999999999991,0.5,1.0
ensemble_weighted,0.10799999999999992,0.5,1.0
ensemble_weighted,0.10899999999999992,0.5,1.0
ensemble_weighted,0.10999999999999992,0.5,1.0
ensemble_weighted,0.11099999999999992,0.5,1.0
ensemble_weighted,0.11199999999999992,0.5,1.0
ensemble_weighted,0.1129999999999999,0.5,1.0
ensemble_weighted,0.11399999999999991,0.5,1.0
ensemble_weighted,0.11499999999999991,0.5,1.0
ensemble_weighted,0.11599999999999991,0.5,1.0
ensemble_weighted,0.11699999999999991,0.5,1.0
ensemble_weighted,0.11799999999999991,0.5,1.0
ensemble_weighted,0.11899999999999991,0.5,1.0
ensemble_weighted,0.11999999999999991,0.5,1.0
ensemble_weighted,0.12099999999999991,0.5,1.0
ensemble_weighted,0.1219999999999999,0.5,1.0
ensemble_weighted,0.1229999999999999,0.5,1.0
ensemble_weighted,0.1239999999999999,0.5,1.0
ensemble_weighted,0.1249999999999999,0.5,1.0
ensemble_weighted,0.1259999999999999,0.5,1.0
ensemble_weighted,0.1269999999999999,0.5,1.0
ensemble_weighted,0.1279999999999999,0.5,1.0
ensemble_weighted,0.1289999999999999,0.5,1.0
ensemble_weighted,0.1299999999999999,0.5,1.0
ensemble_weighted,0.1309999999999999,0.5,1.0
ensemble_weighted,0.1319999999999999,0.5,1.0
ensemble_weighted,0.1329999999999999,0.5,1.0
ensemble_weighted,0.1339999999999999,0.5,1.0
ensemble_weighted,0.1349999999999999,0.5,1.0
ensemble_weighted,0.1359999999999999,0.5,1.0
ensemble_weighted,0.1369999999999999,0.5,1.0
ensemble_weighted,0.1379999999999999,0.5,1.0
ensemble_weighted,0.1389999999999999,0.5,1.0
ensemble_weighted,0.1399999999999999,0.5,1.0
ensemble_weighted,0.1409999999999999,0.5,1.0
ensemble_weighted,0.14199999999999988,0.5,1.0
ensemble_weighted,0.14299999999999988,0.5,1.0
ensemble_weighted,0.14399999999999988,0.5,1.0
ensemble_weighted,0.14499999999999988,0.5,1.0
ensemble_weighted,0.14599999999999988,0.5,1.0
ensemble_weighted,0.14699999999999988,0.5,1.0
ensemble_weighted,0.14799999999999988,0.5,1.0
ensemble_weighted,0.14899999999999988,0.5,1.0
ensemble_weighted,0.14999999999999988,0.5,1.0
ensemble_weighted,0.15099999999999988,0.5,1.0
ensemble_weighted,0.15199999999999989,0.5,1.0
ensemble_weighted,0.15299999999999989,0.5,1.0
ensemble_weighted,0.1539999999999999,0.5,1.0
ensemble_weighted,0.1549999999999999,0.5,1.0
ensemble_weighted,0.1559999999999999,0.5,1.0
ensemble_weighted,0.15699999999999986,0.5,1.0
ensemble_weighted,0.15799999999999986,0.5,1.0
ensemble_weighted,0.15899999999999986,0.5,1.0
ensemble_weighted,0.15999999999999986,0.5,1.0
ensemble_weighted,0.16099999999999987,0.5,1.0
ensemble_weighted,0.16199999999999987,0.5,1.0
ensemble_weighted,0.16299999999999987,0.5,1.0
ensemble_weighted,0.16399999999999987,0.5,1.0
ensemble_weighted,0.16499999999999987,0.5,1.0
ensemble_weighted,0.16599999999999987,0.5,1.0
ensemble_weighted,0.16699999999999987,0.5,1.0
ensemble_weighted,0.16799999999999987,0.5,1.0
ensemble_weighted,0.16899999999999987,0.5,1.0
ensemble_weighted,0.16999999999999987,0.5,1.0
ensemble_weighted,0.17099999999999987,0.5,1.0
ensemble_weighted,0.17199999999999988,0.5,1.0
ensemble_weighted,0.17299999999999988,0.5,1.0
ensemble_weighted,0.17399999999999985,0.5,1.0
ensemble_weighted,0.17499999999999985,0.5,1.0
ensemble_weighted,0.17599999999999985,0.5,1.0
ensemble_weighted,0.17699999999999985,0.5,1.0
ensemble_weighted,0.17799999999999985,0.5,1.0
ensemble_weighted,0.17899999999999985,0.5,1.0
ensemble_weighted,0.17999999999999985,0.5,1.0
ensemble_weighted,0.18099999999999986,0.5,1.0
ensemble_weighted,0.18199999999999986,0.5,1.0
ensemble_weighted,0.18299999999999986,0.5,1.0
ensemble_weighted,0.18399999999999986,0.5,1.0
ensemble_weighted,0.18499999999999986,0.5,1.0
ensemble_weighted,0.18599999999999986,0.5,1.0
ensemble_weighted,0.18699999999999986,0.5,1.0
ensemble_weighted,0.18799999999999986,0.5,1.0
ensemble_weighted,0.18899999999999983,0.5,1.0
ensemble_weighted,0.18999999999999984,0.5,1.0
ensemble_weighted,0.19099999999999984,0.5,1.0
ensemble_weighted,0.19199999999999984,0.5,1.0
ensemble_weighted,0.19299999999999984,0.5,1.0
ensemble_weighted,0.19399999999999984,0.5,1.0
ensemble_weighted,0.19499999999999984,0.5,1.0
ensemble_weighted,0.19599999999999984,0.5,1.0
ensemble_weighted,0.19699999999999984,0.5,1.0
ensemble_weighted,0.19799999999999984,0.5,1.0
ensemble_weighted,0.19899999999999984,0.5,1.0
ensemble_weighted,0.19999999999999984,0.5,1.0
ensemble_weighted,0.20099999999999985,0.5,1.0
ensemble_weighted,0.20199999999999985,0.5,1.0
ensemble_weighted,0.20299999999999985,0.5,1.0
ensemble_weighted,0.20399999999999985,0.5,1.0
ensemble_weighted,0.20499999999999985,0.5,1.0
ensemble_weighted,0.20599999999999982,0.5,1.0
ensemble_weighted,0.20699999999999982,0.5,1.0
ensemble_weighted,0.20799999999999982,0.5,1.0
ensemble_weighted,0.20899999999999982,0.5,1.0
ensemble_weighted,0.20999999999999983,0.5,1.0
ensemble_weighted,0.21099999999999983,0.5,1.0
ensemble_weighted,0.21199999999999983,0.5,1.0
ensemble_weighted,0.21299999999999983,0.5,1.0
ensemble_weighted,0.21399999999999983,0.5,1.0
ensemble_weighted,0.21499999999999983,0.5,1.0
ensemble_weighted,0.21599999999999983,0.5,1.0
ensemble_weighted,0.21699999999999983,0.5,1.0
ensemble_weighted,0.21799999999999983,0.502127659574468,0.9985294117647059
ensemble_weighted,0.21899999999999983,0.502127659574468,0.9985294117647059
ensemble_weighted,0.21999999999999983,0.502127659574468,0.9985294117647059
ensemble_weighted,0.2209999999999998,0.502127659574468,0.9985294117647059
ensemble_weighted,0.2219999999999998,0.502127659574468,0.9985294117647059
ensemble_weighted,0.2229999999999998,0.5042553191489362,0.9970588235294118
ensemble_weighted,0.2239999999999998,0.5042553191489362,0.9970588235294118
ensemble_weighted,0.2249999999999998,0.5042553191489362,0.9970588235294118
ensemble_weighted,0.2259999999999998,0.5042553191489362,0.9970588235294118
ensemble_weighted,0.2269999999999998,0.5042553191489362,0.9970588235294118
ensemble_weighted,0.22799999999999981,0.5042553191489362,0.9970588235294118
ensemble_weighted,0.22899999999999981,0.5042553191489362,0.9970588235294118
ensemble_weighted,0.22999999999999982,0.5042553191489362,0.9970588235294118
ensemble_weighted,0.23099999999999982,0.5042553191489362,0.9970588235294118
ensemble_weighted,0.23199999999999982,0.5042553191489362,0.9970588235294118
ensemble_weighted,0.23299999999999982,0.5042553191489362,0.9970588235294118
ensemble_weighted,0.23399999999999982,0.5042553191489362,0.9970588235294118
ensemble_weighted,0.23499999999999982,0.5042553191489362,0.9970588235294118
ensemble_weighted,0.23599999999999982,0.5031317236433182,0.9955882352941177
ensemble_weighted,0.23699999999999982,0.5031317236433182,0.9955882352941177
ensemble_weighted,0.2379999999999998,0.5031317236433182,0.9955882352941177
ensemble_weighted,0.2389999999999998,0.5031317236433182,0.9955882352941177
ensemble_weighted,0.2399999999999998,0.5031317236433182,0.9955882352941177
ensemble_weighted,0.2409999999999998,0.5031317236433182,0.9955882352941177
ensemble_weighted,0.2419999999999998,0.5031317236433182,0.9955882352941177
ensemble_weighted,0.2429999999999998,0.5052593832177863,0.9941176470588236
ensemble_weighted,0.2439999999999998,0.5041357877121683,0.9926470588235294
ensemble_weighted,0.2449999999999998,0.5041357877121683,0.9926470588235294
ensemble_weighted,0.2459999999999998,0.5041357877121683,0.9926470588235294
ensemble_weighted,0.2469999999999998,0.5062634472866364,0.9911764705882353
ensemble_weighted,0.2479999999999998,0.5083911068611044,0.9897058823529412
ensemble_weighted,0.2489999999999998,0.5083911068611044,0.9897058823529412
ensemble_weighted,0.2499999999999998,0.5083911068611044,0.9897058823529412
ensemble_weighted,0.2509999999999998,0.5083911068611044,0.9897058823529412
ensemble_weighted,0.2519999999999998,0.5083911068611044,0.9897058823529412
ensemble_weighted,0.2529999999999998,0.5072675113554865,0.9882352941176471
ensemble_weighted,0.2539999999999998,0.5072675113554865,0.9882352941176471
ensemble_weighted,0.2549999999999998,0.5072675113554865,0.9882352941176471
ensemble_weighted,0.2559999999999998,0.5072675113554865,0.9882352941176471
ensemble_weighted,0.2569999999999998,0.5093951709299546,0.986764705882353
ensemble_weighted,0.2579999999999998,0.5093951709299546,0.986764705882353
ensemble_weighted,0.2589999999999998,0.5093951709299546,0.986764705882353
ensemble_weighted,0.2599999999999998,0.5093951709299546,0.986764705882353
ensemble_weighted,0.2609999999999998,0.5115228305044227,0.9852941176470589
ensemble_weighted,0.2619999999999998,0.5115228305044227,0.9852941176470589
ensemble_weighted,0.2629999999999998,0.5136504900788907,0.9838235294117647
ensemble_weighted,0.2639999999999998,0.5136504900788907,0.9838235294117647
ensemble_weighted,0.2649999999999998,0.5136504900788907,0.9838235294117647
ensemble_weighted,0.2659999999999998,0.5136504900788907,0.9838235294117647
ensemble_weighted,0.2669999999999998,0.5146545541477409,0.9808823529411764
ensemble_weighted,0.2679999999999998,0.5167822137222089,0.9794117647058823
ensemble_weighted,0.2689999999999998,0.518909873296677,0.9779411764705882
ensemble_weighted,0.2699999999999998,0.518909873296677,0.9779411764705882
ensemble_weighted,0.2709999999999998,0.518909873296677,0.9779411764705882
ensemble_weighted,0.2719999999999998,0.517786277791059,0.9764705882352941
ensemble_weighted,0.2729999999999998,0.517786277791059,0.9764705882352941
ensemble_weighted,0.2739999999999998,0.517786277791059,0.9764705882352941
ensemble_weighted,0.2749999999999998,0.5166626822854411,0.975
ensemble_weighted,0.2759999999999998,0.5166626822854411,0.975
ensemble_weighted,0.2769999999999998,0.5155390867798231,0.9735294117647059
ensemble_weighted,0.27799999999999975,0.5197944059287593,0.9705882352941176
ensemble_weighted,0.27899999999999975,0.5197944059287593,0.9705882352941176
ensemble_weighted,0.27999999999999975,0.5186708104231413,0.9691176470588235
ensemble_weighted,0.28099999999999975,0.5175472149175233,0.9676470588235294
ensemble_weighted,0.28199999999999975,0.5175472149175233,0.9676470588235294
ensemble_weighted,0.28299999999999975,0.5164236194119053,0.9661764705882353
ensemble_weighted,0.28399999999999975,0.5153000239062874,0.9647058823529412
ensemble_weighted,0.28499999999999975,0.5153000239062874,0.9647058823529412
ensemble_weighted,0.28599999999999975,0.5195553430552236,0.961764705882353
ensemble_weighted,0.28699999999999976,0.5238106622041596,0.9588235294117647
ensemble_weighted,0.28799999999999976,0.5238106622041596,0.9588235294117647
ensemble_weighted,0.28899999999999976,0.5280659813530959,0.9558823529411765
ensemble_weighted,0.28999999999999976,0.5301936409275639,0.9544117647058824
ensemble_weighted,0.29099999999999976,0.532321300502032,0.9529411764705882
ensemble_weighted,0.29199999999999976,0.532321300502032,0.9529411764705882
ensemble_weighted,0.29299999999999976,0.5344489600765001,0.9514705882352941
ensemble_weighted,0.29399999999999976,0.5344489600765001,0.9514705882352941
ensemble_weighted,0.29499999999999976,0.5387042792254363,0.9485294117647058
ensemble_weighted,0.29599999999999976,0.5387042792254363,0.9485294117647058
ensemble_weighted,0.29699999999999976,0.5408319387999043,0.9470588235294117
ensemble_weighted,0.29799999999999977,0.5429595983743725,0.9455882352941176
ensemble_weighted,0.29899999999999977,0.5429595983743725,0.9455882352941176
ensemble_weighted,0.29999999999999977,0.5450872579488405,0.9441176470588235
ensemble_weighted,0.30099999999999977,0.5450872579488405,0.9441176470588235
ensemble_weighted,0.30199999999999977,0.5460913220176906,0.9411764705882353
ensemble_weighted,0.30299999999999977,0.5460913220176906,0.9411764705882353
ensemble_weighted,0.30399999999999977,0.5470953860865407,0.9382352941176471
ensemble_weighted,0.30499999999999977,0.5492230456610089,0.9367647058823529
ensemble_weighted,0.30599999999999977,0.5534783648099451,0.9338235294117647
ensemble_weighted,0.3069999999999998,0.5534783648099451,0.9338235294117647
ensemble_weighted,0.3079999999999998,0.552354769304327,0.9323529411764706
ensemble_weighted,0.3089999999999997,0.5554864929476453,0.9279411764705883
ensemble_weighted,0.3099999999999997,0.5554864929476453,0.9279411764705883
ensemble_weighted,0.3109999999999997,0.5554864929476453,0.9279411764705883
ensemble_weighted,0.3119999999999997,0.5576141525221133,0.9264705882352942
ensemble_weighted,0.3129999999999997,0.5576141525221133,0.9264705882352942
ensemble_weighted,0.3139999999999997,0.5597418120965814,0.925
ensemble_weighted,0.3149999999999997,0.5618694716710495,0.9235294117647059
ensemble_weighted,0.3159999999999997,0.5661247908199857,0.9205882352941176
ensemble_weighted,0.3169999999999997,0.5682524503944537,0.9191176470588235
ensemble_weighted,0.3179999999999997,0.5682524503944537,0.9191176470588235
ensemble_weighted,0.31899999999999973,0.5725077695433899,0.9161764705882353
ensemble_weighted,0.31999999999999973,0.5725077695433899,0.9161764705882353
ensemble_weighted,0.32099999999999973,0.571384174037772,0.9147058823529411
ensemble_weighted,0.32199999999999973,0.571384174037772,0.9147058823529411
ensemble_weighted,0.32299999999999973,0.57351183361224,0.913235294117647
ensemble_weighted,0.32399999999999973,0.5733923021754721,0.9088235294117647
ensemble_weighted,0.32499999999999973,0.5755199617499402,0.9073529411764706
ensemble_weighted,0.32599999999999973,0.5755199617499402,0.9073529411764706
ensemble_weighted,0.32699999999999974,0.5755199617499402,0.9073529411764706
ensemble_weighted,0.32799999999999974,0.5786516853932584,0.9029411764705882
ensemble_weighted,0.32899999999999974,0.5817834090365767,0.8985294117647059
ensemble_weighted,0.32999999999999974,0.5839110686110447,0.8970588235294118
ensemble_weighted,0.33099999999999974,0.5860387281855128,0.8955882352941177
ensemble_weighted,0.33199999999999974,0.5849151326798948,0.8941176470588236
ensemble_weighted,0.33299999999999974,0.5859191967487449,0.8911764705882353
ensemble_weighted,0.33399999999999974,0.586923260817595,0.888235294117647
ensemble_weighted,0.33499999999999974,0.5890509203920631,0.8867647058823529
ensemble_weighted,0.33599999999999974,0.5943103036098494,0.8808823529411764
ensemble_weighted,0.33699999999999974,0.5943103036098494,0.8808823529411764
ensemble_weighted,0.33799999999999975,0.5920631125986134,0.8779411764705882
ensemble_weighted,0.33899999999999975,0.5909395170929954,0.8764705882352941
ensemble_weighted,0.33999999999999975,0.5930671766674636,0.875
ensemble_weighted,0.34099999999999975,0.5951948362419316,0.8735294117647059
ensemble_weighted,0.3419999999999997,0.5951948362419316,0.8735294117647059
ensemble_weighted,0.3429999999999997,0.5973224958163997,0.8720588235294118
ensemble_weighted,0.3439999999999997,0.6037054745398039,0.8676470588235294
ensemble_weighted,0.3449999999999997,0.6035859431030361,0.8632352941176471
ensemble_weighted,0.3459999999999997,0.6023428161606502,0.8573529411764705
ensemble_weighted,0.3469999999999997,0.6012192206550323,0.8558823529411764
ensemble_weighted,0.3479999999999997,0.6010996892182644,0.8514705882352941
ensemble_weighted,0.3489999999999997,0.5999760937126465,0.85
ensemble_weighted,0.3499999999999997,0.6063590724360507,0.8455882352941176
ensemble_weighted,0.3509999999999997,0.6073631365049008,0.8426470588235294
ensemble_weighted,0.3519999999999997,0.6051159454936648,0.8397058823529412
ensemble_weighted,0.3529999999999997,0.609371264642601,0.836764705882353
ensemble_weighted,0.3539999999999997,0.6136265837915371,0.8338235294117647
ensemble_weighted,0.3549999999999997,0.6178819029404734,0.8308823529411765
ensemble_weighted,0.3559999999999997,0.6221372220894095,0.8279411764705882
ensemble_weighted,0.3569999999999997,0.6221372220894095,0.8279411764705882
ensemble_weighted,0.3579999999999997,0.6221372220894095,0.8279411764705882
ensemble_weighted,0.3589999999999997,0.6242648816638776,0.8264705882352941
ensemble_weighted,0.3599999999999997,0.6220176906526417,0.8235294117647058
ensemble_weighted,0.3609999999999997,0.6208940951470237,0.8220588235294117
ensemble_weighted,0.3619999999999997,0.6186469041357877,0.8191176470588235
ensemble_weighted,0.3629999999999997,0.6217786277791059,0.8147058823529412
ensemble_weighted,0.3639999999999997,0.6217786277791059,0.8147058823529412
ensemble_weighted,0.3649999999999997,0.620655032273488,0.8132352941176471
ensemble_weighted,0.3659999999999997,0.620655032273488,0.8132352941176471
ensemble_weighted,0.3669999999999997,0.6259144154912742,0.8073529411764706
ensemble_weighted,0.3679999999999997,0.6269184795601244,0.8044117647058824
ensemble_weighted,0.3689999999999997,0.6311737987090604,0.8014705882352942
ensemble_weighted,0.3699999999999997,0.6321778627779107,0.7985294117647059
ensemble_weighted,0.3709999999999997,0.6331819268467607,0.7955882352941176
ensemble_weighted,0.3719999999999997,0.6320583313411428,0.7941176470588235
ensemble_weighted,0.37299999999999967,0.6309347358355247,0.7926470588235294
ensemble_weighted,0.37399999999999967,0.6351900549844609,0.7897058823529411
ensemble_weighted,0.37499999999999967,0.632942863973225,0.7867647058823529
ensemble_weighted,0.37599999999999967,0.6318192684676069,0.7852941176470588
ensemble_weighted,0.37699999999999967,0.6360745876165432,0.7823529411764706
ensemble_weighted,0.37799999999999967,0.6382022471910113,0.7808823529411765
ensemble_weighted,0.37899999999999967,0.6382022471910113,0.7808823529411765
ensemble_weighted,0.37999999999999967,0.6445852259144155,0.7764705882352941
ensemble_weighted,0.3809999999999997,0.6445852259144155,0.7764705882352941
ensemble_weighted,0.3819999999999997,0.6433420989720297,0.7705882352941177
ensemble_weighted,0.3829999999999997,0.6497250776954339,0.7661764705882353
ensemble_weighted,0.3839999999999997,0.650729141764284,0.763235294117647
ensemble_weighted,0.3849999999999997,0.6517332058331341,0.7602941176470588
ensemble_weighted,0.3859999999999997,0.6506096103275162,0.7588235294117647
ensemble_weighted,0.3869999999999997,0.6548649294764524,0.7558823529411764
ensemble_weighted,0.3879999999999997,0.6537413339708343,0.7544117647058823
ensemble_weighted,0.3889999999999997,0.6622519722687067,0.7485294117647059
ensemble_weighted,0.3899999999999997,0.6600047812574708,0.7455882352941177
ensemble_weighted,0.3909999999999997,0.6621324408319388,0.7441176470588236
ensemble_weighted,0.3919999999999997,0.6642601004064068,0.7426470588235294
ensemble_weighted,0.3929999999999997,0.6631365049007889,0.7411764705882353
ensemble_weighted,0.3939999999999997,0.6673918240497251,0.7382352941176471
ensemble_weighted,0.3949999999999997,0.6651446330384891,0.7352941176470589
ensemble_weighted,0.3959999999999997,0.6682763566818073,0.7308823529411764
ensemble_weighted,0.3969999999999997,0.6682763566818073,0.7308823529411764
ensemble_weighted,0.3979999999999997,0.6671527611761894,0.7294117647058823
ensemble_weighted,0.3989999999999997,0.6660291656705714,0.7279411764705882
ensemble_weighted,0.3999999999999997,0.6724121443939756,0.7235294117647059
ensemble_weighted,0.4009999999999997,0.6734162084628257,0.7205882352941176
ensemble_weighted,0.4019999999999997,0.6776715276117619,0.7176470588235294
ensemble_weighted,0.4029999999999997,0.6776715276117619,0.7176470588235294
ensemble_weighted,0.4039999999999997,0.6754243366005259,0.7147058823529412
ensemble_weighted,0.4049999999999997,0.6775519961749941,0.7132352941176471
ensemble_weighted,0.40599999999999964,0.6775519961749941,0.7132352941176471
ensemble_weighted,0.40699999999999964,0.6775519961749941,0.7132352941176471
ensemble_weighted,0.40799999999999964,0.6796796557494621,0.711764705882353
ensemble_weighted,0.40899999999999964,0.6806837198183122,0.7088235294117647
ensemble_weighted,0.40999999999999964,0.6849390389672484,0.7058823529411765
ensemble_weighted,0.41099999999999964,0.6838154434616304,0.7044117647058824
ensemble_weighted,0.41199999999999964,0.6859431030360985,0.7029411764705882
ensemble_weighted,0.41299999999999965,0.6848195075304806,0.7014705882352941
ensemble_weighted,0.41399999999999965,0.6879512311737987,0.6970588235294117
ensemble_weighted,0.41499999999999965,0.6889552952426488,0.6941176470588235
ensemble_weighted,0.41599999999999965,0.6889552952426488,0.6941176470588235
ensemble_weighted,0.41699999999999965,0.6889552952426488,0.6941176470588235
ensemble_weighted,0.41799999999999965,0.6889552952426488,0.6941176470588235
ensemble_weighted,0.41899999999999965,0.6889552952426488,0.6941176470588235
ensemble_weighted,0.41999999999999965,0.6910829548171169,0.6926470588235294
ensemble_weighted,0.42099999999999965,0.693210614391585,0.6911764705882353
ensemble_weighted,0.42199999999999965,0.6974659335405211,0.6882352941176471
ensemble_weighted,0.42299999999999965,0.6974659335405211,0.6882352941176471
ensemble_weighted,0.42399999999999965,0.7038489122639253,0.6838235294117647
ensemble_weighted,0.42499999999999966,0.7016017212526895,0.6808823529411765
ensemble_weighted,0.42599999999999966,0.7079846999760937,0.6764705882352942
ensemble_weighted,0.42699999999999966,0.7079846999760937,0.6764705882352942
ensemble_weighted,0.42799999999999966,0.7089887640449438,0.6735294117647059
ensemble_weighted,0.42899999999999966,0.7078651685393258,0.6720588235294118
ensemble_weighted,0.42999999999999966,0.7078651685393258,0.6720588235294118
ensemble_weighted,0.43099999999999966,0.7078651685393258,0.6720588235294118
ensemble_weighted,0.43199999999999966,0.708869232608176,0.6691176470588235
ensemble_weighted,0.43299999999999966,0.7087497011714081,0.6647058823529411
ensemble_weighted,0.43399999999999966,0.7087497011714081,0.6647058823529411
ensemble_weighted,0.43499999999999966,0.7097537652402581,0.6617647058823529
ensemble_weighted,0.43599999999999967,0.7140090843891944,0.6588235294117647
ensemble_weighted,0.4369999999999996,0.7140090843891944,0.6588235294117647
ensemble_weighted,0.4379999999999996,0.7140090843891944,0.6588235294117647
ensemble_weighted,0.4389999999999996,0.7182644035381305,0.6558823529411765
ensemble_weighted,0.4399999999999996,0.7192684676069807,0.6529411764705882
ensemble_weighted,0.4409999999999996,0.7192684676069807,0.6529411764705882
ensemble_weighted,0.4419999999999996,0.7224001912502989,0.6485294117647059
ensemble_weighted,0.4429999999999996,0.7190294047334449,0.6441176470588236
ensemble_weighted,0.4439999999999996,0.717905809227827,0.6426470588235295
ensemble_weighted,0.4449999999999996,0.714535022710973,0.638235294117647
ensemble_weighted,0.4459999999999996,0.7166626822854412,0.6367647058823529
ensemble_weighted,0.4469999999999996,0.7155390867798231,0.6352941176470588
ensemble_weighted,0.4479999999999996,0.7165431508486733,0.6323529411764706
ensemble_weighted,0.4489999999999996,0.7196748744919914,0.6279411764705882
ensemble_weighted,0.4499999999999996,0.7196748744919914,0.6279411764705882
ensemble_weighted,0.4509999999999996,0.7218025340664594,0.6264705882352941
ensemble_weighted,0.4519999999999996,0.7218025340664594,0.6264705882352941
ensemble_weighted,0.4529999999999996,0.7218025340664594,0.6264705882352941
ensemble_weighted,0.4539999999999996,0.7218025340664594,0.6264705882352941
ensemble_weighted,0.4549999999999996,0.7195553430552235,0.6235294117647059
ensemble_weighted,0.45599999999999963,0.7215634711929237,0.6176470588235294
ensemble_weighted,0.45699999999999963,0.7246951948362419,0.6132352941176471
ensemble_weighted,0.45799999999999963,0.7246951948362419,0.6132352941176471
ensemble_weighted,0.45899999999999963,0.72682285441071,0.611764705882353
ensemble_weighted,0.45999999999999963,0.72782691847956,0.6088235294117647
ensemble_weighted,0.46099999999999963,0.7267033229739421,0.6073529411764705
ensemble_weighted,0.46199999999999963,0.7265837915371742,0.6029411764705882
ensemble_weighted,0.46299999999999963,0.7254601960315563,0.6014705882352941
ensemble_weighted,0.46399999999999963,0.7254601960315563,0.6014705882352941
ensemble_weighted,0.46499999999999964,0.7264642601004064,0.5985294117647059
ensemble_weighted,0.46599999999999964,0.7274683241692566,0.5955882352941176
ensemble_weighted,0.46699999999999964,0.7284723882381066,0.5926470588235294
ensemble_weighted,0.46799999999999964,0.7327277073870428,0.5897058823529412
ensemble_weighted,0.46899999999999964,0.7327277073870428,0.5897058823529412
ensemble_weighted,0.4699999999999996,0.7348553669615109,0.5882352941176471
ensemble_weighted,0.4709999999999996,0.735859431030361,0.5852941176470589
ensemble_weighted,0.4719999999999996,0.7401147501792971,0.5823529411764706
ensemble_weighted,0.4729999999999996,0.7401147501792971,0.5823529411764706
ensemble_weighted,0.4739999999999996,0.7399952187425293,0.5779411764705882
ensemble_weighted,0.4749999999999996,0.7421228783169973,0.5764705882352941
ensemble_weighted,0.4759999999999996,0.7442505378914654,0.575
ensemble_weighted,0.4769999999999996,0.7485058570404016,0.5720588235294117
ensemble_weighted,0.4779999999999996,0.7483863256036338,0.5676470588235294
ensemble_weighted,0.4789999999999996,0.7472627300980157,0.5661764705882353
ensemble_weighted,0.4799999999999996,0.7450155390867799,0.5632352941176471
ensemble_weighted,0.4809999999999996,0.7450155390867799,0.5632352941176471
ensemble_weighted,0.4819999999999996,0.7427683480755438,0.5602941176470588
ensemble_weighted,0.4829999999999996,0.743772412144394,0.5573529411764706
ensemble_weighted,0.4839999999999996,0.7426488166387759,0.5558823529411765
ensemble_weighted,0.4849999999999996,0.7436528807076261,0.5529411764705883
ensemble_weighted,0.4859999999999996,0.7446569447764761,0.55
ensemble_weighted,0.4869999999999996,0.7489122639254124,0.5470588235294118
ensemble_weighted,0.4879999999999996,0.7499163279942624,0.5441176470588235
ensemble_weighted,0.4889999999999996,0.7520439875687306,0.5426470588235294
ensemble_weighted,0.4899999999999996,0.7562993067176668,0.5397058823529411
ensemble_weighted,0.4909999999999996,0.7605546258666029,0.5367647058823529
ensemble_weighted,0.4919999999999996,0.762682285441071,0.5352941176470588
ensemble_weighted,0.4929999999999996,0.762682285441071,0.5352941176470588
ensemble_weighted,0.4939999999999996,0.762682285441071,0.5352941176470588
ensemble_weighted,0.4949999999999996,0.761558689935453,0.5338235294117647
ensemble_weighted,0.4959999999999996,0.7625627540043032,0.5308823529411765
ensemble_weighted,0.4969999999999996,0.7646904135787712,0.5294117647058824
ensemble_weighted,0.4979999999999996,0.7668180731532392,0.5279411764705882
ensemble_weighted,0.4989999999999996,0.7668180731532392,0.5279411764705882
ensemble_weighted,0.4999999999999996,0.7656944776476213,0.5264705882352941
ensemble_weighted,0.5009999999999996,0.7678221372220895,0.525
ensemble_weighted,0.5019999999999996,0.7678221372220895,0.525
ensemble_weighted,0.5029999999999996,0.7644513507052355,0.5205882352941177
ensemble_weighted,0.5039999999999996,0.7665790102797035,0.5191176470588236
ensemble_weighted,0.5049999999999996,0.7665790102797035,0.5191176470588236
ensemble_weighted,0.5059999999999996,0.7643318192684676,0.5161764705882353
ensemble_weighted,0.5069999999999996,0.7664594788429357,0.5147058823529411
ensemble_weighted,0.5079999999999996,0.7664594788429357,0.5147058823529411
ensemble_weighted,0.5089999999999996,0.7664594788429357,0.5147058823529411
ensemble_weighted,0.5099999999999996,0.7685871384174038,0.513235294117647
ensemble_weighted,0.5109999999999996,0.7685871384174038,0.513235294117647
ensemble_weighted,0.5119999999999996,0.7674635429117858,0.5117647058823529
ensemble_weighted,0.5129999999999996,0.7674635429117858,0.5117647058823529
ensemble_weighted,0.5139999999999996,0.7673440114750179,0.5073529411764706
ensemble_weighted,0.5149999999999996,0.7715993306239541,0.5044117647058823
ensemble_weighted,0.5159999999999996,0.7715993306239541,0.5044117647058823
ensemble_weighted,0.5169999999999996,0.7726033946928041,0.5014705882352941
ensemble_weighted,0.5179999999999996,0.7703562036815683,0.4985294117647059
ensemble_weighted,0.5189999999999996,0.7713602677504183,0.49558823529411766
ensemble_weighted,0.5199999999999996,0.7713602677504183,0.49558823529411766
ensemble_weighted,0.5209999999999996,0.7702366722448004,0.49411764705882355
ensemble_weighted,0.5219999999999996,0.7702366722448004,0.49411764705882355
ensemble_weighted,0.5229999999999996,0.7691130767391824,0.49264705882352944
ensemble_weighted,0.5239999999999996,0.7691130767391824,0.49264705882352944
ensemble_weighted,0.5249999999999996,0.7691130767391824,0.49264705882352944
ensemble_weighted,0.5259999999999996,0.7679894812335644,0.49117647058823527
ensemble_weighted,0.5269999999999996,0.7679894812335644,0.49117647058823527
ensemble_weighted,0.5279999999999996,0.7679894812335644,0.49117647058823527
ensemble_weighted,0.5289999999999996,0.7701171408080325,0.48970588235294116
ensemble_weighted,0.5299999999999996,0.7678699497967966,0.48676470588235293
ensemble_weighted,0.5309999999999996,0.7678699497967966,0.48676470588235293
ensemble_weighted,0.5319999999999996,0.7699976093712646,0.4852941176470588
ensemble_weighted,0.5329999999999996,0.7699976093712646,0.4852941176470588
ensemble_weighted,0.5339999999999996,0.7699976093712646,0.4852941176470588
ensemble_weighted,0.5349999999999996,0.7721252689457327,0.4838235294117647
ensemble_weighted,0.5359999999999996,0.7742529285202009,0.4823529411764706
ensemble_weighted,0.5369999999999996,0.7708821420033469,0.47794117647058826
ensemble_weighted,0.5379999999999996,0.7686349509921109,0.475
ensemble_weighted,0.5389999999999996,0.7686349509921109,0.475
ensemble_weighted,0.5399999999999996,0.767511355486493,0.47352941176470587
ensemble_weighted,0.5409999999999996,0.7685154195553431,0.47058823529411764
ensemble_weighted,0.5419999999999996,0.7685154195553431,0.47058823529411764
ensemble_weighted,0.5429999999999996,0.7673918240497251,0.46911764705882353
ensemble_weighted,0.5439999999999996,0.7683958881185752,0.4661764705882353
ensemble_weighted,0.5449999999999996,0.7705235476930432,0.4647058823529412
ensemble_weighted,0.5459999999999996,0.7693999521874253,0.4632352941176471
ensemble_weighted,0.5469999999999996,0.7682763566818073,0.46176470588235297
ensemble_weighted,0.5479999999999996,0.7660291656705713,0.4588235294117647
ensemble_weighted,0.5489999999999995,0.7649055701649534,0.4573529411764706
ensemble_weighted,0.5499999999999995,0.7649055701649534,0.4573529411764706
ensemble_weighted,0.5509999999999995,0.7649055701649534,0.4573529411764706
ensemble_weighted,0.5519999999999995,0.7626583791537174,0.45441176470588235
ensemble_weighted,0.5529999999999995,0.7626583791537174,0.45441176470588235
ensemble_weighted,0.5539999999999995,0.7615347836480995,0.45294117647058824
ensemble_weighted,0.5549999999999995,0.7615347836480995,0.45294117647058824
ensemble_weighted,0.5559999999999995,0.7604111881424814,0.4514705882352941
ensemble_weighted,0.5569999999999995,0.7604111881424814,0.4514705882352941
ensemble_weighted,0.5579999999999995,0.7604111881424814,0.4514705882352941
ensemble_weighted,0.5589999999999995,0.7604111881424814,0.4514705882352941
ensemble_weighted,0.5599999999999995,0.7614152522113316,0.4485294117647059
ensemble_weighted,0.5609999999999995,0.7614152522113316,0.4485294117647059
ensemble_weighted,0.5619999999999995,0.7614152522113316,0.4485294117647059
ensemble_weighted,0.5629999999999995,0.7614152522113316,0.4485294117647059
ensemble_weighted,0.5639999999999995,0.7614152522113316,0.4485294117647059
ensemble_weighted,0.5649999999999995,0.7614152522113316,0.4485294117647059
ensemble_weighted,0.5659999999999995,0.7614152522113316,0.4485294117647059
ensemble_weighted,0.5669999999999995,0.7635429117857997,0.4470588235294118
ensemble_weighted,0.5679999999999995,0.7635429117857997,0.4470588235294118
ensemble_weighted,0.5689999999999995,0.7635429117857997,0.4470588235294118
ensemble_weighted,0.5699999999999995,0.7635429117857997,0.4470588235294118
ensemble_weighted,0.5709999999999995,0.7677982309347358,0.4441176470588235
ensemble_weighted,0.5719999999999995,0.768802295003586,0.4411764705882353
ensemble_weighted,0.5729999999999995,0.768802295003586,0.4411764705882353
ensemble_weighted,0.5739999999999995,0.770929954578054,0.43970588235294117
ensemble_weighted,0.5749999999999995,0.770929954578054,0.43970588235294117
ensemble_weighted,0.5759999999999995,0.770929954578054,0.43970588235294117
ensemble_weighted,0.5769999999999995,0.770929954578054,0.43970588235294117
ensemble_weighted,0.5779999999999995,0.769806359072436,0.43823529411764706
ensemble_weighted,0.5789999999999995,0.769806359072436,0.43823529411764706
ensemble_weighted,0.5799999999999995,0.769806359072436,0.43823529411764706
ensemble_weighted,0.5809999999999995,0.769806359072436,0.43823529411764706
ensemble_weighted,0.5819999999999995,0.769806359072436,0.43823529411764706
ensemble_weighted,0.5829999999999995,0.7675591680612002,0.43529411764705883
ensemble_weighted,0.5839999999999995,0.766435572555582,0.4338235294117647
ensemble_weighted,0.5849999999999995,0.766435572555582,0.4338235294117647
ensemble_weighted,0.5859999999999995,0.7653119770499641,0.4323529411764706
ensemble_weighted,0.5869999999999995,0.7630647860387282,0.4294117647058823
ensemble_weighted,0.5879999999999995,0.7630647860387282,0.4294117647058823
ensemble_weighted,0.5889999999999995,0.7619411905331102,0.4279411764705882
ensemble_weighted,0.5899999999999995,0.7608175950274922,0.4264705882352941
ensemble_weighted,0.5909999999999995,0.7596939995218743,0.425
ensemble_weighted,0.5919999999999995,0.7596939995218743,0.425
ensemble_weighted,0.5929999999999995,0.7585704040162562,0.4235294117647059
ensemble_weighted,0.5939999999999995,0.7585704040162562,0.4235294117647059
ensemble_weighted,0.5949999999999995,0.7585704040162562,0.4235294117647059
ensemble_weighted,0.5959999999999995,0.7606980635907243,0.42205882352941176
ensemble_weighted,0.5969999999999995,0.7595744680851064,0.42058823529411765
ensemble_weighted,0.5979999999999995,0.7595744680851064,0.42058823529411765
ensemble_weighted,0.5989999999999995,0.7627061917284246,0.4161764705882353
ensemble_weighted,0.5999999999999995,0.7627061917284246,0.4161764705882353
ensemble_weighted,0.6009999999999995,0.7615825962228067,0.4147058823529412
ensemble_weighted,0.6019999999999995,0.7615825962228067,0.4147058823529412
ensemble_weighted,0.6029999999999995,0.7615825962228067,0.4147058823529412
ensemble_weighted,0.6039999999999995,0.7615825962228067,0.4147058823529412
ensemble_weighted,0.6049999999999995,0.7615825962228067,0.4147058823529412
ensemble_weighted,0.6059999999999995,0.7604590007171886,0.41323529411764703
ensemble_weighted,0.6069999999999995,0.7582118097059527,0.4102941176470588
ensemble_weighted,0.6079999999999995,0.7570882142003347,0.4088235294117647
ensemble_weighted,0.6089999999999995,0.7559646186947167,0.4073529411764706
ensemble_weighted,0.6099999999999995,0.7580922782691848,0.40588235294117647
ensemble_weighted,0.6109999999999995,0.7580922782691848,0.40588235294117647
ensemble_weighted,0.6119999999999995,0.7580922782691848,0.40588235294117647
ensemble_weighted,0.6129999999999995,0.7580922782691848,0.40588235294117647
ensemble_weighted,0.6139999999999994,0.7569686827635669,0.40441176470588236
ensemble_weighted,0.6149999999999994,0.7558450872579489,0.40294117647058825
ensemble_weighted,0.6159999999999994,0.7558450872579489,0.40294117647058825
ensemble_weighted,0.6169999999999994,0.7558450872579489,0.40294117647058825
ensemble_weighted,0.6179999999999994,0.7579727468324169,0.40147058823529413
ensemble_weighted,0.6189999999999994,0.7579727468324169,0.40147058823529413
ensemble_weighted,0.6199999999999994,0.756849151326799,0.4
ensemble_weighted,0.6209999999999994,0.7578532153956491,0.39705882352941174
ensemble_weighted,0.6219999999999994,0.7578532153956491,0.39705882352941174
ensemble_weighted,0.6229999999999994,0.7578532153956491,0.39705882352941174
ensemble_weighted,0.6239999999999994,0.7578532153956491,0.39705882352941174
ensemble_weighted,0.6249999999999994,0.7599808749701171,0.39558823529411763
ensemble_weighted,0.6259999999999994,0.7599808749701171,0.39558823529411763
ensemble_weighted,0.6269999999999994,0.7599808749701171,0.39558823529411763
ensemble_weighted,0.6279999999999994,0.7599808749701171,0.39558823529411763
ensemble_weighted,0.6289999999999994,0.7599808749701171,0.39558823529411763
ensemble_weighted,0.6299999999999994,0.7599808749701171,0.39558823529411763
ensemble_weighted,0.6309999999999995,0.7599808749701171,0.39558823529411763
ensemble_weighted,0.6319999999999995,0.7599808749701171,0.39558823529411763
ensemble_weighted,0.6329999999999995,0.7599808749701171,0.39558823529411763
ensemble_weighted,0.6339999999999995,0.7609849390389672,0.3926470588235294
ensemble_weighted,0.6349999999999995,0.7609849390389672,0.3926470588235294
ensemble_weighted,0.6359999999999995,0.7609849390389672,0.3926470588235294
ensemble_weighted,0.6369999999999995,0.7598613435333492,0.3911764705882353
ensemble_weighted,0.6379999999999995,0.7598613435333492,0.3911764705882353
ensemble_weighted,0.6389999999999995,0.7598613435333492,0.3911764705882353
ensemble_weighted,0.6399999999999995,0.7587377480277313,0.3897058823529412
ensemble_weighted,0.6409999999999995,0.7608654076021995,0.38823529411764707
ensemble_weighted,0.6419999999999995,0.7586182165909634,0.38529411764705884
ensemble_weighted,0.6429999999999995,0.7586182165909634,0.38529411764705884
ensemble_weighted,0.6439999999999995,0.7586182165909634,0.38529411764705884
ensemble_weighted,0.6449999999999995,0.7586182165909634,0.38529411764705884
ensemble_weighted,0.6459999999999995,0.7586182165909634,0.38529411764705884
ensemble_weighted,0.6469999999999995,0.7574946210853455,0.38382352941176473
ensemble_weighted,0.6479999999999995,0.7574946210853455,0.38382352941176473
ensemble_weighted,0.6489999999999995,0.7574946210853455,0.38382352941176473
ensemble_weighted,0.6499999999999995,0.7574946210853455,0.38382352941176473
ensemble_weighted,0.6509999999999995,0.7574946210853455,0.38382352941176473
ensemble_weighted,0.6519999999999995,0.7584986851541955,0.38088235294117645
ensemble_weighted,0.6529999999999995,0.7584986851541955,0.38088235294117645
ensemble_weighted,0.6539999999999995,0.7562514941429597,0.3779411764705882
ensemble_weighted,0.6549999999999995,0.7562514941429597,0.3779411764705882
ensemble_weighted,0.6559999999999995,0.7540043031317236,0.375
ensemble_weighted,0.6569999999999995,0.7540043031317236,0.375
ensemble_weighted,0.6579999999999995,0.7540043031317236,0.375
ensemble_weighted,0.6589999999999995,0.7528807076261057,0.3735294117647059
ensemble_weighted,0.6599999999999995,0.7517571121204878,0.3720588235294118
ensemble_weighted,0.6609999999999995,0.7517571121204878,0.3720588235294118
ensemble_weighted,0.6619999999999995,0.7506335166148697,0.37058823529411766
ensemble_weighted,0.6629999999999995,0.7506335166148697,0.37058823529411766
ensemble_weighted,0.6639999999999995,0.7506335166148697,0.37058823529411766
ensemble_weighted,0.6649999999999995,0.7506335166148697,0.37058823529411766
ensemble_weighted,0.6659999999999995,0.7506335166148697,0.37058823529411766
ensemble_weighted,0.6669999999999995,0.7506335166148697,0.37058823529411766
ensemble_weighted,0.6679999999999995,0.7506335166148697,0.37058823529411766
ensemble_weighted,0.6689999999999995,0.7506335166148697,0.37058823529411766
ensemble_weighted,0.6699999999999995,0.7506335166148697,0.37058823529411766
ensemble_weighted,0.6709999999999995,0.7506335166148697,0.37058823529411766
ensemble_weighted,0.6719999999999995,0.7495099211092517,0.36911764705882355
ensemble_weighted,0.6729999999999995,0.7493903896724838,0.36470588235294116
ensemble_weighted,0.6739999999999995,0.7493903896724838,0.36470588235294116
ensemble_weighted,0.6749999999999995,0.7471431986612479,0.36176470588235293
ensemble_weighted,0.6759999999999995,0.7471431986612479,0.36176470588235293
ensemble_weighted,0.6769999999999994,0.7471431986612479,0.36176470588235293
ensemble_weighted,0.6779999999999994,0.7460196031556299,0.3602941176470588
ensemble_weighted,0.6789999999999994,0.7460196031556299,0.3602941176470588
ensemble_weighted,0.6799999999999994,0.7460196031556299,0.3602941176470588
ensemble_weighted,0.6809999999999994,0.7460196031556299,0.3602941176470588
ensemble_weighted,0.6819999999999994,0.7460196031556299,0.3602941176470588
ensemble_weighted,0.6829999999999994,0.7460196031556299,0.3602941176470588
ensemble_weighted,0.6839999999999994,0.744896007650012,0.3588235294117647
ensemble_weighted,0.6849999999999994,0.744896007650012,0.3588235294117647
ensemble_weighted,0.6859999999999994,0.744896007650012,0.3588235294117647
ensemble_weighted,0.6869999999999994,0.744896007650012,0.3588235294117647
ensemble_weighted,0.6879999999999994,0.7437724121443939,0.3573529411764706
ensemble_weighted,0.6889999999999994,0.7437724121443939,0.3573529411764706
ensemble_weighted,0.6899999999999994,0.7426488166387759,0.3558823529411765
ensemble_weighted,0.6909999999999994,0.741525221133158,0.35441176470588237
ensemble_weighted,0.6919999999999994,0.741525221133158,0.35441176470588237
ensemble_weighted,0.6929999999999994,0.741525221133158,0.35441176470588237
ensemble_weighted,0.6939999999999994,0.7436528807076261,0.35294117647058826
ensemble_weighted,0.6949999999999994,0.7436528807076261,0.35294117647058826
ensemble_weighted,0.6959999999999994,0.7425292852020081,0.3514705882352941
ensemble_weighted,0.6969999999999994,0.7402820941907722,0.34852941176470587
ensemble_weighted,0.6979999999999994,0.7402820941907722,0.34852941176470587
ensemble_weighted,0.6989999999999994,0.7402820941907722,0.34852941176470587
ensemble_weighted,0.6999999999999994,0.7402820941907722,0.34852941176470587
ensemble_weighted,0.7009999999999994,0.7402820941907722,0.34852941176470587
ensemble_weighted,0.7019999999999994,0.7424097537652402,0.34705882352941175
ensemble_weighted,0.7029999999999994,0.7424097537652402,0.34705882352941175
ensemble_weighted,0.7039999999999994,0.7424097537652402,0.34705882352941175
ensemble_weighted,0.7049999999999994,0.7412861582596222,0.34558823529411764
ensemble_weighted,0.7059999999999994,0.7401625627540043,0.34411764705882353
ensemble_weighted,0.7069999999999994,0.7401625627540043,0.34411764705882353
ensemble_weighted,0.7079999999999994,0.7390389672483864,0.3426470588235294
ensemble_weighted,0.7089999999999994,0.7379153717427683,0.3411764705882353
ensemble_weighted,0.7099999999999994,0.7356681807315324,0.3382352941176471
ensemble_weighted,0.7109999999999994,0.7345445852259144,0.33676470588235297
ensemble_weighted,0.7119999999999994,0.7345445852259144,0.33676470588235297
ensemble_weighted,0.7129999999999994,0.7334209897202965,0.3352941176470588
ensemble_weighted,0.7139999999999994,0.7334209897202965,0.3352941176470588
ensemble_weighted,0.7149999999999994,0.7322973942146784,0.3338235294117647
ensemble_weighted,0.7159999999999994,0.7322973942146784,0.3338235294117647
ensemble_weighted,0.7169999999999994,0.7322973942146784,0.3338235294117647
ensemble_weighted,0.7179999999999994,0.7322973942146784,0.3338235294117647
ensemble_weighted,0.7189999999999994,0.7322973942146784,0.3338235294117647
ensemble_weighted,0.7199999999999994,0.7311737987090605,0.3323529411764706
ensemble_weighted,0.7209999999999994,0.7311737987090605,0.3323529411764706
ensemble_weighted,0.7219999999999994,0.7311737987090605,0.3323529411764706
ensemble_weighted,0.7229999999999994,0.7311737987090605,0.3323529411764706
ensemble_weighted,0.7239999999999994,0.7333014582835286,0.33088235294117646
ensemble_weighted,0.7249999999999994,0.7321778627779105,0.32941176470588235
ensemble_weighted,0.7259999999999994,0.7321778627779105,0.32941176470588235
ensemble_weighted,0.7269999999999994,0.7310542672722926,0.32794117647058824
ensemble_weighted,0.7279999999999994,0.7310542672722926,0.32794117647058824
ensemble_weighted,0.7289999999999994,0.7299306717666746,0.3264705882352941
ensemble_weighted,0.7299999999999994,0.7299306717666746,0.3264705882352941
ensemble_weighted,0.7309999999999994,0.7288070762610567,0.325
ensemble_weighted,0.7319999999999994,0.7276834807554386,0.3235294117647059
ensemble_weighted,0.7329999999999994,0.7265598852498207,0.3220588235294118
ensemble_weighted,0.7339999999999994,0.7265598852498207,0.3220588235294118
ensemble_weighted,0.7349999999999994,0.7265598852498207,0.3220588235294118
ensemble_weighted,0.7359999999999994,0.7254362897442027,0.3205882352941177
ensemble_weighted,0.7369999999999994,0.7254362897442027,0.3205882352941177
ensemble_weighted,0.7379999999999994,0.7254362897442027,0.3205882352941177
ensemble_weighted,0.7389999999999994,0.7254362897442027,0.3205882352941177
ensemble_weighted,0.7399999999999994,0.7243126942385847,0.3191176470588235
ensemble_weighted,0.7409999999999994,0.7253167583074348,0.3161764705882353
ensemble_weighted,0.7419999999999993,0.7230695672961989,0.31323529411764706
ensemble_weighted,0.7429999999999993,0.7230695672961989,0.31323529411764706
ensemble_weighted,0.7439999999999993,0.7230695672961989,0.31323529411764706
ensemble_weighted,0.7449999999999993,0.721945971790581,0.31176470588235294
ensemble_weighted,0.7459999999999993,0.721945971790581,0.31176470588235294
ensemble_weighted,0.7469999999999993,0.7196987807793449,0.3088235294117647
ensemble_weighted,0.7479999999999993,0.7196987807793449,0.3088235294117647
ensemble_weighted,0.7489999999999993,0.718575185273727,0.3073529411764706
ensemble_weighted,0.7499999999999993,0.718575185273727,0.3073529411764706
ensemble_weighted,0.7509999999999993,0.715204398756873,0.3029411764705882
ensemble_weighted,0.7519999999999993,0.715204398756873,0.3029411764705882
ensemble_weighted,0.7529999999999993,0.715204398756873,0.3029411764705882
ensemble_weighted,0.7539999999999993,0.715204398756873,0.3029411764705882
ensemble_weighted,0.7549999999999993,0.715204398756873,0.3029411764705882
ensemble_weighted,0.7559999999999993,0.7140808032512551,0.3014705882352941
ensemble_weighted,0.7569999999999993,0.7140808032512551,0.3014705882352941
ensemble_weighted,0.7579999999999993,0.7107100167344012,0.29705882352941176
ensemble_weighted,0.7589999999999993,0.7105904852976332,0.2926470588235294
ensemble_weighted,0.7599999999999993,0.7105904852976332,0.2926470588235294
ensemble_weighted,0.7609999999999993,0.7105904852976332,0.2926470588235294
ensemble_weighted,0.7619999999999993,0.7083432942863973,0.2897058823529412
ensemble_weighted,0.7629999999999993,0.7049725077695433,0.2852941176470588
ensemble_weighted,0.7639999999999993,0.7049725077695433,0.2852941176470588
ensemble_weighted,0.7649999999999993,0.7049725077695433,0.2852941176470588
ensemble_weighted,0.7659999999999993,0.7049725077695433,0.2852941176470588
ensemble_weighted,0.7669999999999993,0.7071001673440115,0.2838235294117647
ensemble_weighted,0.7679999999999993,0.7048529763327755,0.28088235294117647
ensemble_weighted,0.7689999999999994,0.7014821898159216,0.27647058823529413
ensemble_weighted,0.7699999999999994,0.7014821898159216,0.27647058823529413
ensemble_weighted,0.7709999999999994,0.7014821898159216,0.27647058823529413
ensemble_weighted,0.7719999999999994,0.6992349988046856,0.2735294117647059
ensemble_weighted,0.7729999999999994,0.6969878077934497,0.27058823529411763
ensemble_weighted,0.7739999999999994,0.6969878077934497,0.27058823529411763
ensemble_weighted,0.7749999999999994,0.6969878077934497,0.27058823529411763
ensemble_weighted,0.7759999999999994,0.6947406167822137,0.2676470588235294
ensemble_weighted,0.7769999999999994,0.6902462347597418,0.26176470588235295
ensemble_weighted,0.7779999999999994,0.6879990437485058,0.25882352941176473
ensemble_weighted,0.7789999999999994,0.6857518527372699,0.25588235294117645
ensemble_weighted,0.7799999999999994,0.6833851302892661,0.2485294117647059
ensemble_weighted,0.7809999999999994,0.6800143437724121,0.24411764705882352
ensemble_weighted,0.7819999999999994,0.6788907482667942,0.2426470588235294
ensemble_weighted,0.7829999999999994,0.6766435572555582,0.23970588235294119
ensemble_weighted,0.7839999999999994,0.6721491752330863,0.2338235294117647
ensemble_weighted,0.7849999999999994,0.6699019842218503,0.23088235294117648
ensemble_weighted,0.7859999999999994,0.6676547932106144,0.22794117647058823
ensemble_weighted,0.7869999999999994,0.6642840066937604,0.2235294117647059
ensemble_weighted,0.7879999999999994,0.6631604111881425,0.22205882352941175
ensemble_weighted,0.7889999999999994,0.6631604111881425,0.22205882352941175
ensemble_weighted,0.7899999999999994,0.6597896246712885,0.21764705882352942
ensemble_weighted,0.7909999999999994,0.6586660291656705,0.2161764705882353
ensemble_weighted,0.7919999999999994,0.6552952426488167,0.21176470588235294
ensemble_weighted,0.7929999999999994,0.6541716471431986,0.21029411764705883
ensemble_weighted,0.7939999999999994,0.6530480516375807,0.2088235294117647
ensemble_weighted,0.7949999999999994,0.6496772651207268,0.20441176470588235
ensemble_weighted,0.7959999999999994,0.6474300741094908,0.20147058823529412
ensemble_weighted,0.7969999999999994,0.6440592875926369,0.19705882352941176
ensemble_weighted,0.7979999999999994,0.6418120965814009,0.19411764705882353
ensemble_weighted,0.7989999999999994,0.638441310064547,0.18970588235294117
ensemble_weighted,0.7999999999999994,0.636194119053311,0.18676470588235294
ensemble_weighted,0.8009999999999994,0.6360745876165431,0.18235294117647058
ensemble_weighted,0.8019999999999994,0.6349509921109252,0.18088235294117647
ensemble_weighted,0.8029999999999994,0.6359550561797753,0.17794117647058824
ensemble_weighted,0.8039999999999994,0.6303370786516854,0.17058823529411765
ensemble_weighted,0.8049999999999993,0.6303370786516854,0.17058823529411765
ensemble_weighted,0.8059999999999993,0.6292134831460674,0.16911764705882354
ensemble_weighted,0.8069999999999993,0.6280898876404495,0.1676470588235294
ensemble_weighted,0.8079999999999993,0.6213483146067416,0.1588235294117647
ensemble_weighted,0.8089999999999993,0.6191011235955056,0.15588235294117647
ensemble_weighted,0.8099999999999993,0.6168539325842697,0.15294117647058825
ensemble_weighted,0.8109999999999993,0.6157303370786517,0.1514705882352941
ensemble_weighted,0.8119999999999993,0.6123595505617978,0.14705882352941177
ensemble_weighted,0.8129999999999993,0.6123595505617978,0.14705882352941177
ensemble_weighted,0.8139999999999993,0.6123595505617978,0.14705882352941177
ensemble_weighted,0.8149999999999993,0.6089887640449438,0.1426470588235294
ensemble_weighted,0.8159999999999993,0.6078651685393258,0.1411764705882353
ensemble_weighted,0.8169999999999993,0.604494382022472,0.13676470588235295
ensemble_weighted,0.8179999999999993,0.6033707865168539,0.13529411764705881
ensemble_weighted,0.8189999999999993,0.6,0.13088235294117648
ensemble_weighted,0.8199999999999993,0.5988764044943821,0.12941176470588237
ensemble_weighted,0.8209999999999993,0.5966292134831461,0.1264705882352941
ensemble_weighted,0.8219999999999993,0.5943820224719101,0.12352941176470589
ensemble_weighted,0.8229999999999993,0.5910112359550562,0.11911764705882352
ensemble_weighted,0.8239999999999993,0.5910112359550562,0.11911764705882352
ensemble_weighted,0.8249999999999993,0.5898876404494382,0.11764705882352941
ensemble_weighted,0.8259999999999993,0.5853932584269663,0.11176470588235295
ensemble_weighted,0.8269999999999993,0.5831460674157304,0.10882352941176471
ensemble_weighted,0.8279999999999993,0.5808988764044943,0.10588235294117647
ensemble_weighted,0.8289999999999993,0.5786516853932584,0.10294117647058823
ensemble_weighted,0.8299999999999993,0.5786516853932584,0.10294117647058823
ensemble_weighted,0.8309999999999993,0.5741573033707865,0.09705882352941177
ensemble_weighted,0.8319999999999993,0.5719101123595506,0.09411764705882353
ensemble_weighted,0.8329999999999993,0.5651685393258427,0.08529411764705883
ensemble_weighted,0.8339999999999993,0.5617977528089888,0.08088235294117647
ensemble_weighted,0.8349999999999993,0.5617977528089888,0.08088235294117647
ensemble_weighted,0.8359999999999993,0.5606741573033708,0.07941176470588235
ensemble_weighted,0.8369999999999993,0.5595505617977528,0.07794117647058824
ensemble_weighted,0.8379999999999993,0.5573033707865168,0.075
ensemble_weighted,0.8389999999999993,0.5550561797752809,0.07205882352941176
ensemble_weighted,0.8399999999999993,0.5550561797752809,0.07205882352941176
ensemble_weighted,0.8409999999999993,0.5528089887640449,0.06911764705882353
ensemble_weighted,0.8419999999999993,0.550561797752809,0.0661764705882353
ensemble_weighted,0.8429999999999993,0.550561797752809,0.0661764705882353
ensemble_weighted,0.8439999999999993,0.550561797752809,0.0661764705882353
ensemble_weighted,0.8449999999999993,0.550561797752809,0.0661764705882353
ensemble_weighted,0.8459999999999993,0.5483146067415731,0.06323529411764706
ensemble_weighted,0.8469999999999993,0.547191011235955,0.061764705882352944
ensemble_weighted,0.8479999999999993,0.5449438202247191,0.058823529411764705
ensemble_weighted,0.8489999999999993,0.5438202247191011,0.057352941176470586
ensemble_weighted,0.8499999999999993,0.5415730337078651,0.054411764705882354
ensemble_weighted,0.8509999999999993,0.5404494382022472,0.052941176470588235
ensemble_weighted,0.8519999999999993,0.5393258426966292,0.051470588235294115
ensemble_weighted,0.8529999999999993,0.5393258426966292,0.051470588235294115
ensemble_weighted,0.8539999999999993,0.5370786516853933,0.04852941176470588
ensemble_weighted,0.8549999999999993,0.5348314606741573,0.045588235294117645
ensemble_weighted,0.8559999999999993,0.5348314606741573,0.045588235294117645
ensemble_weighted,0.8569999999999993,0.5325842696629214,0.04264705882352941
ensemble_weighted,0.8579999999999993,0.5280898876404494,0.03676470588235294
ensemble_weighted,0.8589999999999993,0.5258426966292135,0.033823529411764704
ensemble_weighted,0.8599999999999993,0.5247191011235955,0.03235294117647059
ensemble_weighted,0.8609999999999993,0.5247191011235955,0.03235294117647059
ensemble_weighted,0.8619999999999993,0.5247191011235955,0.03235294117647059
ensemble_weighted,0.8629999999999993,0.5235955056179775,0.030882352941176472
ensemble_weighted,0.8639999999999993,0.5235955056179775,0.030882352941176472
ensemble_weighted,0.8649999999999993,0.5235955056179775,0.030882352941176472
ensemble_weighted,0.8659999999999993,0.5235955056179775,0.030882352941176472
ensemble_weighted,0.8669999999999993,0.5235955056179775,0.030882352941176472
ensemble_weighted,0.8679999999999993,0.5224719101123596,0.029411764705882353
ensemble_weighted,0.8689999999999993,0.5213483146067416,0.027941176470588237
ensemble_weighted,0.8699999999999992,0.5213483146067416,0.027941176470588237
ensemble_weighted,0.8709999999999992,0.5202247191011236,0.026470588235294117
ensemble_weighted,0.8719999999999992,0.5202247191011236,0.026470588235294117
ensemble_weighted,0.8729999999999992,0.5168539325842697,0.022058823529411766
ensemble_weighted,0.8739999999999992,0.5168539325842697,0.022058823529411766
ensemble_weighted,0.8749999999999992,0.5168539325842697,0.022058823529411766
ensemble_weighted,0.8759999999999992,0.5146067415730337,0.01911764705882353
ensemble_weighted,0.8769999999999992,0.5146067415730337,0.01911764705882353
ensemble_weighted,0.8779999999999992,0.5134831460674157,0.01764705882352941
ensemble_weighted,0.8789999999999992,0.5123595505617977,0.016176470588235296
ensemble_weighted,0.8799999999999992,0.5112359550561798,0.014705882352941176
ensemble_weighted,0.8809999999999992,0.5112359550561798,0.014705882352941176
ensemble_weighted,0.8819999999999992,0.5101123595505618,0.013235294117647059
ensemble_weighted,0.8829999999999992,0.5101123595505618,0.013235294117647059
ensemble_weighted,0.8839999999999992,0.5101123595505618,0.013235294117647059
ensemble_weighted,0.8849999999999992,0.5101123595505618,0.013235294117647059
ensemble_weighted,0.8859999999999992,0.5101123595505618,0.013235294117647059
ensemble_weighted,0.8869999999999992,0.5101123595505618,0.013235294117647059
ensemble_weighted,0.8879999999999992,0.5089887640449439,0.011764705882352941
ensemble_weighted,0.8889999999999992,0.5078651685393258,0.010294117647058823
ensemble_weighted,0.8899999999999992,0.5078651685393258,0.010294117647058823
ensemble_weighted,0.8909999999999992,0.5078651685393258,0.010294117647058823
ensemble_weighted,0.8919999999999992,0.5078651685393258,0.010294117647058823
ensemble_weighted,0.8929999999999992,0.5078651685393258,0.010294117647058823
ensemble_weighted,0.8939999999999992,0.5078651685393258,0.010294117647058823
ensemble_weighted,0.8949999999999992,0.5078651685393258,0.010294117647058823
ensemble_weighted,0.8959999999999992,0.5078651685393258,0.010294117647058823
ensemble_weighted,0.8969999999999992,0.5078651685393258,0.010294117647058823
ensemble_weighted,0.8979999999999992,0.5078651685393258,0.010294117647058823
ensemble_weighted,0.8989999999999992,0.5078651685393258,0.010294117647058823
ensemble_weighted,0.8999999999999992,0.5078651685393258,0.010294117647058823
ensemble_weighted,0.9009999999999992,0.5078651685393258,0.010294117647058823
ensemble_weighted,0.9019999999999992,0.5067415730337078,0.008823529411764706
ensemble_weighted,0.9029999999999992,0.5067415730337078,0.008823529411764706
ensemble_weighted,0.9039999999999992,0.5067415730337078,0.008823529411764706
ensemble_weighted,0.9049999999999992,0.5067415730337078,0.008823529411764706
ensemble_weighted,0.9059999999999993,0.5067415730337078,0.008823529411764706
ensemble_weighted,0.9069999999999993,0.5067415730337078,0.008823529411764706
ensemble_weighted,0.9079999999999993,0.5067415730337078,0.008823529411764706
ensemble_weighted,0.9089999999999993,0.5056179775280899,0.007352941176470588
ensemble_weighted,0.9099999999999993,0.5044943820224719,0.0058823529411764705
ensemble_weighted,0.9109999999999993,0.5044943820224719,0.0058823529411764705
ensemble_weighted,0.9119999999999993,0.5044943820224719,0.0058823529411764705
ensemble_weighted,0.9129999999999993,0.503370786516854,0.004411764705882353
ensemble_weighted,0.9139999999999993,0.503370786516854,0.004411764705882353
ensemble_weighted,0.9149999999999993,0.503370786516854,0.004411764705882353
ensemble_weighted,0.9159999999999993,0.503370786516854,0.004411764705882353
ensemble_weighted,0.9169999999999993,0.503370786516854,0.004411764705882353
ensemble_weighted,0.9179999999999993,0.503370786516854,0.004411764705882353
ensemble_weighted,0.9189999999999993,0.503370786516854,0.004411764705882353
ensemble_weighted,0.9199999999999993,0.503370786516854,0.004411764705882353
ensemble_weighted,0.9209999999999993,0.503370786516854,0.004411764705882353
ensemble_weighted,0.9219999999999993,0.5022471910112359,0.0029411764705882353
ensemble_weighted,0.9229999999999993,0.5022471910112359,0.0029411764705882353
ensemble_weighted,0.9239999999999993,0.5022471910112359,0.0029411764705882353
ensemble_weighted,0.9249999999999993,0.5022471910112359,0.0029411764705882353
ensemble_weighted,0.9259999999999993,0.5022471910112359,0.0029411764705882353
ensemble_weighted,0.9269999999999993,0.5022471910112359,0.0029411764705882353
ensemble_weighted,0.9279999999999993,0.5022471910112359,0.0029411764705882353
ensemble_weighted,0.9289999999999993,0.5022471910112359,0.0029411764705882353
ensemble_weighted,0.9299999999999993,0.501123595505618,0.0014705882352941176
ensemble_weighted,0.9309999999999993,0.501123595505618,0.0014705882352941176
ensemble_weighted,0.9319999999999993,0.5,0.0
ensemble_weighted,0.9329999999999992,0.5,0.0
ensemble_weighted,0.9339999999999992,0.5,0.0
ensemble_weighted,0.9349999999999992,0.5,0.0
ensemble_weighted,0.9359999999999992,0.5,0.0
ensemble_weighted,0.9369999999999992,0.5,0.0
ensemble_weighted,0.9379999999999992,0.5,0.0
ensemble_weighted,0.9389999999999992,0.5,0.0
ensemble_weighted,0.9399999999999992,0.5,0.0
ensemble_weighted,0.9409999999999992,0.5,0.0
ensemble_weighted,0.9419999999999992,0.5,0.0
ensemble_weighted,0.9429999999999992,0.5,0.0
ensemble_weighted,0.9439999999999992,0.5,0.0
ensemble_weighted,0.9449999999999992,0.5,0.0
ensemble_weighted,0.9459999999999992,0.5,0.0
ensemble_weighted,0.9469999999999992,0.5,0.0
ensemble_weighted,0.9479999999999992,0.5,0.0
ensemble_weighted,0.9489999999999992,0.5,0.0
ensemble_weighted,0.9499999999999992,0.5,0.0
ensemble_weighted,0.9509999999999992,0.5,0.0
ensemble_weighted,0.9519999999999992,0.5,0.0
ensemble_weighted,0.9529999999999992,0.5,0.0
ensemble_weighted,0.9539999999999992,0.5,0.0
ensemble_weighted,0.9549999999999992,0.5,0.0
ensemble_weighted,0.9559999999999992,0.5,0.0
ensemble_weighted,0.9569999999999992,0.5,0.0
ensemble_weighted,0.9579999999999992,0.5,0.0
ensemble_weighted,0.9589999999999992,0.5,0.0
ensemble_weighted,0.9599999999999992,0.5,0.0
ensemble_weighted,0.9609999999999992,0.5,0.0
ensemble_weighted,0.9619999999999992,0.5,0.0
ensemble_weighted,0.9629999999999992,0.5,0.0
ensemble_weighted,0.9639999999999992,0.5,0.0
ensemble_weighted,0.9649999999999992,0.5,0.0
ensemble_weighted,0.9659999999999992,0.5,0.0
ensemble_weighted,0.9669999999999992,0.5,0.0
ensemble_weighted,0.9679999999999992,0.5,0.0
ensemble_weighted,0.9689999999999992,0.5,0.0
ensemble_weighted,0.9699999999999992,0.5,0.0
ensemble_weighted,0.9709999999999992,0.5,0.0
ensemble_weighted,0.9719999999999992,0.5,0.0
ensemble_weighted,0.9729999999999992,0.5,0.0
ensemble_weighted,0.9739999999999992,0.5,0.0
ensemble_weighted,0.9749999999999992,0.5,0.0
ensemble_weighted,0.9759999999999992,0.5,0.0
ensemble_weighted,0.9769999999999992,0.5,0.0
ensemble_weighted,0.9779999999999992,0.5,0.0
ensemble_weighted,0.9789999999999992,0.5,0.0
ensemble_weighted,0.9799999999999992,0.5,0.0
ensemble_weighted,0.9809999999999992,0.5,0.0
ensemble_weighted,0.9819999999999992,0.5,0.0
ensemble_weighted,0.9829999999999992,0.5,0.0
ensemble_weighted,0.9839999999999992,0.5,0.0
ensemble_weighted,0.9849999999999992,0.5,0.0
ensemble_weighted,0.9859999999999992,0.5,0.0
ensemble_weighted,0.9869999999999992,0.5,0.0
ensemble_weighted,0.9879999999999992,0.5,0.0
ensemble_weighted,0.9889999999999992,0.5,0.0
ensemble_weighted,0.9899999999999992,0.5,0.0
